Namespace(data_fold_name='CktBench101', data_name='ckt_bench_101', nvt=26, subg_nvt=10, subn_nvt=103, ng=200, node_feat_type='discrete', save_appendix='_smoke', save_interval=100, sample_number=2, reprocess=False, no_test=False, keep_old=False, model='CktGNN', load_latest_model=False, continue_from=None, emb_dim=24, feat_emb_dim=8, hs=301, nz=66, bidirectional=False, dagnn_layers=2, dagnn_agg='attn_h', dagnn_out_wx=0, dagnn_out_pool_all=0, dagnn_out_pool='max', dagnn_dropout=0.0, lr=0.0001, epochs=1, batch_size=16, cuda_id=0, infer_batch_size=128, no_cuda=True, all_gpus=False, seed=1, predictor=False, cuda=False)
Command line input: python main.py --model CktGNN --hs 301 --epochs 1 --ng 200 --batch-size 16 --no-cuda --save-appendix _smoke --sample-number 2
 is saved.
python.exe : 
At line:5 char:1
+ & $py main.py --model CktGNN --hs 301 --epochs 1 --ng 200 --batch-siz ...
+ ~~~~~~~~~~~~~~~~~~~~~~~~~~~~~~~~~~~~~~~~~~~~~~~~~~~~~~~~~~~~~~~~~~~~~
    + CategoryInfo          : NotSpecified: (:String) [], RemoteException
    + FullyQualifiedErrorId : NativeCommandError
 
  0%|          | 0/9000 [00:00<?, ?it/s]
Epoch: 1, loss: 58.3439, recon: 57.5076, kld: 13.9090, type loss: -22.8118, pos loss: -15.4191,all df_loss: 0.7667:   0%|          | 0/9000 [00:00<?, 
?it/s]
Epoch: 1, loss: 58.3439, recon: 57.5076, kld: 13.9090, type loss: -22.8118, pos loss: -15.4191,all df_loss: 0.7667:   0%|          | 16/9000 [00:00<05:02, 
29.68it/s]
Epoch: 1, loss: 58.3399, recon: 57.3738, kld: 15.1407, type loss: -22.7717, pos loss: -15.3986,all df_loss: 0.8904:   0%|          | 16/9000 [00:00<05:02, 
29.68it/s]
Epoch: 1, loss: 58.3399, recon: 57.3738, kld: 15.1407, type loss: -22.7717, pos loss: -15.3986,all df_loss: 0.8904:   0%|          | 32/9000 [00:00<04:28, 
33.43it/s]
Epoch: 1, loss: 58.1367, recon: 57.2101, kld: 13.2567, type loss: -22.7438, pos loss: -15.3880,all df_loss: 0.8603:   0%|          | 32/9000 [00:01<04:28, 
33.43it/s]
Epoch: 1, loss: 58.1367, recon: 57.2101, kld: 13.2567, type loss: -22.7438, pos loss: -15.3880,all df_loss: 0.8603:   1%|          | 48/9000 [00:01<04:14, 
35.15it/s]
Epoch: 1, loss: 57.9833, recon: 57.0985, kld: 14.0822, type loss: -22.7594, pos loss: -15.3554,all df_loss: 0.8144:   1%|          | 48/9000 [00:01<04:14, 
35.15it/s]
Epoch: 1, loss: 57.9833, recon: 57.0985, kld: 14.0822, type loss: -22.7594, pos loss: -15.3554,all df_loss: 0.8144:   1%|          | 64/9000 [00:01<04:02, 
36.81it/s]
Epoch: 1, loss: 57.8772, recon: 56.9379, kld: 13.9818, type loss: -22.7080, pos loss: -15.3262,all df_loss: 0.8694:   1%|          | 64/9000 [00:02<04:02, 
36.81it/s]
Epoch: 1, loss: 57.8772, recon: 56.9379, kld: 13.9818, type loss: -22.7080, pos loss: -15.3262,all df_loss: 0.8694:   1%|          | 80/9000 [00:02<04:02, 
36.83it/s]
Epoch: 1, loss: 57.9254, recon: 56.8771, kld: 14.4096, type loss: -22.6975, pos loss: -15.3285,all df_loss: 0.9763:   1%|          | 80/9000 [00:02<04:02, 
36.83it/s]
Epoch: 1, loss: 57.9254, recon: 56.8771, kld: 14.4096, type loss: -22.6975, pos loss: -15.3285,all df_loss: 0.9763:   1%|          | 96/9000 [00:02<04:01, 
36.85it/s]
Epoch: 1, loss: 57.5890, recon: 56.7249, kld: 12.2351, type loss: -22.6691, pos loss: -15.2857,all df_loss: 0.8029:   1%|          | 96/9000 [00:02<04:01, 
36.85it/s]
Epoch: 1, loss: 57.5890, recon: 56.7249, kld: 12.2351, type loss: -22.6691, pos loss: -15.2857,all df_loss: 0.8029:   1%|          | 112/9000 
[00:03<03:59, 37.06it/s]
Epoch: 1, loss: 57.4171, recon: 56.5112, kld: 13.9041, type loss: -22.6558, pos loss: -15.2540,all df_loss: 0.8364:   1%|          | 112/9000 
[00:03<03:59, 37.06it/s]
Epoch: 1, loss: 57.4171, recon: 56.5112, kld: 13.9041, type loss: -22.6558, pos loss: -15.2540,all df_loss: 0.8364:   1%|▏         | 128/9000 
[00:03<03:56, 37.57it/s]
Epoch: 1, loss: 57.3593, recon: 56.4507, kld: 12.6876, type loss: -22.6381, pos loss: -15.2578,all df_loss: 0.8452:   1%|▏         | 128/9000 
[00:03<03:56, 37.57it/s]
Epoch: 1, loss: 57.3593, recon: 56.4507, kld: 12.6876, type loss: -22.6381, pos loss: -15.2578,all df_loss: 0.8452:   2%|▏         | 144/9000 
[00:03<03:47, 38.88it/s]
Epoch: 1, loss: 57.2974, recon: 56.3748, kld: 15.9973, type loss: -22.6139, pos loss: -15.2176,all df_loss: 0.8427:   2%|▏         | 144/9000 
[00:04<03:47, 38.88it/s]
Epoch: 1, loss: 57.2974, recon: 56.3748, kld: 15.9973, type loss: -22.6139, pos loss: -15.2176,all df_loss: 0.8427:   2%|▏         | 160/9000 
[00:04<03:48, 38.66it/s]
Epoch: 1, loss: 57.0824, recon: 56.0848, kld: 19.1204, type loss: -22.5938, pos loss: -15.1640,all df_loss: 0.9020:   2%|▏         | 160/9000 
[00:04<03:48, 38.66it/s]
Epoch: 1, loss: 57.0824, recon: 56.0848, kld: 19.1204, type loss: -22.5938, pos loss: -15.1640,all df_loss: 0.9020:   2%|▏         | 176/9000 
[00:04<03:53, 37.86it/s]
Epoch: 1, loss: 57.0878, recon: 56.0983, kld: 12.5728, type loss: -22.5661, pos loss: -15.2038,all df_loss: 0.9266:   2%|▏         | 176/9000 
[00:04<03:53, 37.86it/s]
Epoch: 1, loss: 57.0878, recon: 56.0983, kld: 12.5728, type loss: -22.5661, pos loss: -15.2038,all df_loss: 0.9266:   2%|▏         | 192/9000 
[00:05<03:53, 37.74it/s]
Epoch: 1, loss: 56.6475, recon: 55.7143, kld: 13.5647, type loss: -22.5112, pos loss: -15.1036,all df_loss: 0.8654:   2%|▏         | 192/9000 
[00:05<03:53, 37.74it/s]
Epoch: 1, loss: 56.6475, recon: 55.7143, kld: 13.5647, type loss: -22.5112, pos loss: -15.1036,all df_loss: 0.8654:   2%|▏         | 208/9000 
[00:05<03:48, 38.44it/s]
Epoch: 1, loss: 56.8808, recon: 55.8635, kld: 16.6385, type loss: -22.5074, pos loss: -15.1251,all df_loss: 0.9340:   2%|▏         | 208/9000 
[00:05<03:48, 38.44it/s]
Epoch: 1, loss: 56.8808, recon: 55.8635, kld: 16.6385, type loss: -22.5074, pos loss: -15.1251,all df_loss: 0.9340:   2%|▏         | 224/9000 
[00:06<03:54, 37.36it/s]
Epoch: 1, loss: 56.6154, recon: 55.7050, kld: 13.8560, type loss: -22.4962, pos loss: -15.1146,all df_loss: 0.8411:   2%|▏         | 224/9000 
[00:06<03:54, 37.36it/s]
Epoch: 1, loss: 56.6154, recon: 55.7050, kld: 13.8560, type loss: -22.4962, pos loss: -15.1146,all df_loss: 0.8411:   3%|▎         | 240/9000 
[00:06<03:53, 37.59it/s]
Epoch: 1, loss: 56.5217, recon: 55.5083, kld: 17.1024, type loss: -22.4783, pos loss: -15.0668,all df_loss: 0.9279:   3%|▎         | 240/9000 
[00:06<03:53, 37.59it/s]
Epoch: 1, loss: 56.5217, recon: 55.5083, kld: 17.1024, type loss: -22.4783, pos loss: -15.0668,all df_loss: 0.9279:   3%|▎         | 256/9000 
[00:06<03:56, 36.95it/s]
Epoch: 1, loss: 55.9964, recon: 55.1253, kld: 13.3612, type loss: -22.4146, pos loss: -14.9985,all df_loss: 0.8043:   3%|▎         | 256/9000 
[00:07<03:56, 36.95it/s]
Epoch: 1, loss: 55.9964, recon: 55.1253, kld: 13.3612, type loss: -22.4146, pos loss: -14.9985,all df_loss: 0.8043:   3%|▎         | 272/9000 
[00:07<03:54, 37.21it/s]
Epoch: 1, loss: 56.2291, recon: 55.3735, kld: 7.7591, type loss: -22.4043, pos loss: -15.0632,all df_loss: 0.8168:   3%|▎         | 272/9000 [00:07<03:54, 
37.21it/s] 
Epoch: 1, loss: 56.2291, recon: 55.3735, kld: 7.7591, type loss: -22.4043, pos loss: -15.0632,all df_loss: 0.8168:   3%|▎         | 288/9000 [00:07<03:53, 
37.29it/s]
Epoch: 1, loss: 55.7947, recon: 54.9019, kld: 14.2157, type loss: -22.3421, pos loss: -14.9351,all df_loss: 0.8217:   3%|▎         | 288/9000 
[00:07<03:53, 37.29it/s]
Epoch: 1, loss: 55.7947, recon: 54.9019, kld: 14.2157, type loss: -22.3421, pos loss: -14.9351,all df_loss: 0.8217:   3%|▎         | 304/9000 
[00:08<03:51, 37.60it/s]
Epoch: 1, loss: 55.7371, recon: 54.8563, kld: 12.5576, type loss: -22.3308, pos loss: -14.9252,all df_loss: 0.8180:   3%|▎         | 304/9000 
[00:08<03:51, 37.60it/s]
Epoch: 1, loss: 55.7371, recon: 54.8563, kld: 12.5576, type loss: -22.3308, pos loss: -14.9252,all df_loss: 0.8180:   4%|▎         | 320/9000 
[00:08<03:50, 37.61it/s]
Epoch: 1, loss: 55.7596, recon: 54.7246, kld: 15.4864, type loss: -22.3142, pos loss: -14.9024,all df_loss: 0.9576:   4%|▎         | 320/9000 
[00:08<03:50, 37.61it/s]
Epoch: 1, loss: 55.7596, recon: 54.7246, kld: 15.4864, type loss: -22.3142, pos loss: -14.9024,all df_loss: 0.9576:   4%|▎         | 336/9000 
[00:09<03:50, 37.56it/s]
Epoch: 1, loss: 55.1482, recon: 54.1808, kld: 17.0967, type loss: -22.2186, pos loss: -14.7578,all df_loss: 0.8820:   4%|▎         | 336/9000 
[00:09<03:50, 37.56it/s]
Epoch: 1, loss: 55.1482, recon: 54.1808, kld: 17.0967, type loss: -22.2186, pos loss: -14.7578,all df_loss: 0.8820:   4%|▍         | 352/9000 
[00:09<03:49, 37.62it/s]
Epoch: 1, loss: 55.0689, recon: 54.1036, kld: 17.2318, type loss: -22.1943, pos loss: -14.6861,all df_loss: 0.8791:   4%|▍         | 352/9000 
[00:09<03:49, 37.62it/s]
Epoch: 1, loss: 55.0689, recon: 54.1036, kld: 17.2318, type loss: -22.1943, pos loss: -14.6861,all df_loss: 0.8791:   4%|▍         | 368/9000 
[00:09<03:48, 37.73it/s]
Epoch: 1, loss: 54.6816, recon: 54.0203, kld: 9.6205, type loss: -22.1658, pos loss: -14.7800,all df_loss: 0.6132:   4%|▍         | 368/9000 [00:10<03:48, 
37.73it/s] 
Epoch: 1, loss: 54.6816, recon: 54.0203, kld: 9.6205, type loss: -22.1658, pos loss: -14.7800,all df_loss: 0.6132:   4%|▍         | 384/9000 [00:10<03:47, 
37.91it/s]
Epoch: 1, loss: 55.2246, recon: 54.2986, kld: 14.9401, type loss: -22.1977, pos loss: -14.7407,all df_loss: 0.8513:   4%|▍         | 384/9000 
[00:10<03:47, 37.91it/s]
Epoch: 1, loss: 55.2246, recon: 54.2986, kld: 14.9401, type loss: -22.1977, pos loss: -14.7407,all df_loss: 0.8513:   4%|▍         | 400/9000 
[00:10<03:49, 37.54it/s]
Epoch: 1, loss: 54.7427, recon: 53.8249, kld: 16.6234, type loss: -22.1078, pos loss: -14.6554,all df_loss: 0.8347:   4%|▍         | 400/9000 
[00:10<03:49, 37.54it/s]
Epoch: 1, loss: 54.7427, recon: 53.8249, kld: 16.6234, type loss: -22.1078, pos loss: -14.6554,all df_loss: 0.8347:   5%|▍         | 416/9000 
[00:11<03:47, 37.77it/s]
Epoch: 1, loss: 54.7770, recon: 53.7727, kld: 14.8832, type loss: -22.0679, pos loss: -14.6475,all df_loss: 0.9299:   5%|▍         | 416/9000 
[00:11<03:47, 37.77it/s]
Epoch: 1, loss: 54.7770, recon: 53.7727, kld: 14.8832, type loss: -22.0679, pos loss: -14.6475,all df_loss: 0.9299:   5%|▍         | 432/9000 
[00:11<03:45, 38.03it/s]
Epoch: 1, loss: 54.4545, recon: 53.6369, kld: 14.2656, type loss: -22.0156, pos loss: -14.6889,all df_loss: 0.7462:   5%|▍         | 432/9000 
[00:11<03:45, 38.03it/s]
Epoch: 1, loss: 54.4545, recon: 53.6369, kld: 14.2656, type loss: -22.0156, pos loss: -14.6889,all df_loss: 0.7462:   5%|▍         | 448/9000 
[00:11<03:42, 38.41it/s]
Epoch: 1, loss: 54.1638, recon: 53.2940, kld: 18.3797, type loss: -22.0040, pos loss: -14.4433,all df_loss: 0.7779:   5%|▍         | 448/9000 
[00:12<03:42, 38.41it/s]
Epoch: 1, loss: 54.1638, recon: 53.2940, kld: 18.3797, type loss: -22.0040, pos loss: -14.4433,all df_loss: 0.7779:   5%|▌         | 464/9000 
[00:12<03:44, 38.10it/s]
Epoch: 1, loss: 54.2447, recon: 53.2935, kld: 19.4830, type loss: -21.8919, pos loss: -14.4916,all df_loss: 0.8538:   5%|▌         | 464/9000 
[00:12<03:44, 38.10it/s]
Epoch: 1, loss: 54.2447, recon: 53.2935, kld: 19.4830, type loss: -21.8919, pos loss: -14.4916,all df_loss: 0.8538:   5%|▌         | 480/9000 
[00:12<03:42, 38.29it/s]
Epoch: 1, loss: 54.2433, recon: 53.3261, kld: 15.2283, type loss: -21.8659, pos loss: -14.5074,all df_loss: 0.8411:   5%|▌         | 480/9000 
[00:13<03:42, 38.29it/s]
Epoch: 1, loss: 54.2433, recon: 53.3261, kld: 15.2283, type loss: -21.8659, pos loss: -14.5074,all df_loss: 0.8411:   6%|▌         | 496/9000 
[00:13<03:41, 38.47it/s]
Epoch: 1, loss: 54.3044, recon: 53.4447, kld: 13.9834, type loss: -21.8764, pos loss: -14.4575,all df_loss: 0.7898:   6%|▌         | 496/9000 
[00:13<03:41, 38.47it/s]
Epoch: 1, loss: 54.3044, recon: 53.4447, kld: 13.9834, type loss: -21.8764, pos loss: -14.4575,all df_loss: 0.7898:   6%|▌         | 512/9000 
[00:13<03:40, 38.48it/s]
Epoch: 1, loss: 54.0243, recon: 53.0728, kld: 15.8191, type loss: -21.8240, pos loss: -14.3876,all df_loss: 0.8724:   6%|▌         | 512/9000 
[00:13<03:40, 38.48it/s]
Epoch: 1, loss: 54.0243, recon: 53.0728, kld: 15.8191, type loss: -21.8240, pos loss: -14.3876,all df_loss: 0.8724:   6%|▌         | 528/9000 
[00:14<03:41, 38.19it/s]
Epoch: 1, loss: 53.7045, recon: 52.8153, kld: 16.8310, type loss: -21.7845, pos loss: -14.3724,all df_loss: 0.8051:   6%|▌         | 528/9000 
[00:14<03:41, 38.19it/s]
Epoch: 1, loss: 53.7045, recon: 52.8153, kld: 16.8310, type loss: -21.7845, pos loss: -14.3724,all df_loss: 0.8051:   6%|▌         | 544/9000 
[00:14<03:38, 38.64it/s]
Epoch: 1, loss: 53.8014, recon: 52.8190, kld: 20.0865, type loss: -21.6268, pos loss: -14.2497,all df_loss: 0.8820:   6%|▌         | 544/9000 
[00:14<03:38, 38.64it/s]
Epoch: 1, loss: 53.8014, recon: 52.8190, kld: 20.0865, type loss: -21.6268, pos loss: -14.2497,all df_loss: 0.8820:   6%|▌         | 560/9000 
[00:14<03:39, 38.47it/s]
Epoch: 1, loss: 53.0188, recon: 52.0765, kld: 18.1101, type loss: -21.4614, pos loss: -14.1426,all df_loss: 0.8518:   6%|▌         | 560/9000 
[00:15<03:39, 38.47it/s]
Epoch: 1, loss: 53.0188, recon: 52.0765, kld: 18.1101, type loss: -21.4614, pos loss: -14.1426,all df_loss: 0.8518:   6%|▋         | 576/9000 
[00:15<03:32, 39.71it/s]
Epoch: 1, loss: 53.1461, recon: 52.2132, kld: 21.5418, type loss: -21.4620, pos loss: -14.0594,all df_loss: 0.8252:   6%|▋         | 576/9000 
[00:15<03:32, 39.71it/s]
Epoch: 1, loss: 53.1461, recon: 52.2132, kld: 21.5418, type loss: -21.4620, pos loss: -14.0594,all df_loss: 0.8252:   7%|▋         | 592/9000 
[00:15<03:32, 39.63it/s]
Epoch: 1, loss: 53.0329, recon: 51.9838, kld: 15.0797, type loss: -21.5340, pos loss: -14.1779,all df_loss: 0.9737:   7%|▋         | 592/9000 
[00:15<03:32, 39.63it/s]
Epoch: 1, loss: 53.0329, recon: 51.9838, kld: 15.0797, type loss: -21.5340, pos loss: -14.1779,all df_loss: 0.9737:   7%|▋         | 608/9000 
[00:16<03:29, 40.10it/s]
Epoch: 1, loss: 51.4587, recon: 50.7335, kld: 15.4963, type loss: -21.2034, pos loss: -13.7672,all df_loss: 0.6478:   7%|▋         | 608/9000 
[00:16<03:29, 40.10it/s]
Epoch: 1, loss: 51.4587, recon: 50.7335, kld: 15.4963, type loss: -21.2034, pos loss: -13.7672,all df_loss: 0.6478:   7%|▋         | 624/9000 
[00:16<03:22, 41.32it/s]
Epoch: 1, loss: 52.6095, recon: 51.6203, kld: 17.3081, type loss: -21.3050, pos loss: -13.9371,all df_loss: 0.9026:   7%|▋         | 624/9000 
[00:16<03:22, 41.32it/s]
Epoch: 1, loss: 52.6095, recon: 51.6203, kld: 17.3081, type loss: -21.3050, pos loss: -13.9371,all df_loss: 0.9026:   7%|▋         | 640/9000 
[00:16<03:25, 40.67it/s]
Epoch: 1, loss: 52.6881, recon: 51.6137, kld: 18.4978, type loss: -21.2530, pos loss: -13.8725,all df_loss: 0.9818:   7%|▋         | 640/9000 
[00:17<03:25, 40.67it/s]
Epoch: 1, loss: 52.6881, recon: 51.6137, kld: 18.4978, type loss: -21.2530, pos loss: -13.8725,all df_loss: 0.9818:   7%|▋         | 656/9000 
[00:17<03:27, 40.27it/s]
Epoch: 1, loss: 52.4143, recon: 51.2380, kld: 26.4604, type loss: -20.9982, pos loss: -13.7037,all df_loss: 1.0440:   7%|▋         | 656/9000 
[00:17<03:27, 40.27it/s]
Epoch: 1, loss: 52.4143, recon: 51.2380, kld: 26.4604, type loss: -20.9982, pos loss: -13.7037,all df_loss: 1.0440:   7%|▋         | 672/9000 
[00:17<03:27, 40.23it/s]
Epoch: 1, loss: 52.2833, recon: 51.2825, kld: 18.2147, type loss: -20.9721, pos loss: -13.8530,all df_loss: 0.9098:   7%|▋         | 672/9000 
[00:17<03:27, 40.23it/s]
Epoch: 1, loss: 52.2833, recon: 51.2825, kld: 18.2147, type loss: -20.9721, pos loss: -13.8530,all df_loss: 0.9098:   8%|▊         | 688/9000 
[00:18<03:28, 39.96it/s]
Epoch: 1, loss: 52.2365, recon: 51.2343, kld: 19.0101, type loss: -20.8882, pos loss: -13.8025,all df_loss: 0.9072:   8%|▊         | 688/9000 
[00:18<03:28, 39.96it/s]
Epoch: 1, loss: 52.2365, recon: 51.2343, kld: 19.0101, type loss: -20.8882, pos loss: -13.8025,all df_loss: 0.9072:   8%|▊         | 704/9000 
[00:18<03:34, 38.62it/s]
Epoch: 1, loss: 51.8320, recon: 50.7328, kld: 20.3449, type loss: -20.6551, pos loss: -13.6860,all df_loss: 0.9975:   8%|▊         | 704/9000 
[00:18<03:34, 38.62it/s]
Epoch: 1, loss: 51.8320, recon: 50.7328, kld: 20.3449, type loss: -20.6551, pos loss: -13.6860,all df_loss: 0.9975:   8%|▊         | 720/9000 
[00:18<03:39, 37.75it/s]
Epoch: 1, loss: 51.3330, recon: 50.5423, kld: 16.6480, type loss: -20.7855, pos loss: -13.6193,all df_loss: 0.7074:   8%|▊         | 720/9000 
[00:19<03:39, 37.75it/s]
Epoch: 1, loss: 51.3330, recon: 50.5423, kld: 16.6480, type loss: -20.7855, pos loss: -13.6193,all df_loss: 0.7074:   8%|▊         | 736/9000 
[00:19<03:38, 37.86it/s]
Epoch: 1, loss: 49.5094, recon: 48.6186, kld: 20.3283, type loss: -20.1699, pos loss: -13.0052,all df_loss: 0.7892:   8%|▊         | 736/9000 
[00:19<03:38, 37.86it/s]
Epoch: 1, loss: 49.5094, recon: 48.6186, kld: 20.3283, type loss: -20.1699, pos loss: -13.0052,all df_loss: 0.7892:   8%|▊         | 752/9000 
[00:19<03:29, 39.34it/s]
Epoch: 1, loss: 50.2650, recon: 49.2621, kld: 18.0011, type loss: -20.3273, pos loss: -13.2851,all df_loss: 0.9129:   8%|▊         | 752/9000 
[00:19<03:29, 39.34it/s]
Epoch: 1, loss: 50.2650, recon: 49.2621, kld: 18.0011, type loss: -20.3273, pos loss: -13.2851,all df_loss: 0.9129:   9%|▊         | 768/9000 
[00:20<03:27, 39.59it/s]
Epoch: 1, loss: 50.7701, recon: 49.8505, kld: 15.3709, type loss: -20.3810, pos loss: -13.3800,all df_loss: 0.8428:   9%|▊         | 768/9000 
[00:20<03:27, 39.59it/s]
Epoch: 1, loss: 50.7701, recon: 49.8505, kld: 15.3709, type loss: -20.3810, pos loss: -13.3800,all df_loss: 0.8428:   9%|▊         | 784/9000 
[00:20<03:30, 38.95it/s]
Epoch: 1, loss: 49.5594, recon: 48.4072, kld: 30.5322, type loss: -19.6393, pos loss: -12.9051,all df_loss: 0.9995:   9%|▊         | 784/9000 
[00:20<03:30, 38.95it/s]
Epoch: 1, loss: 49.5594, recon: 48.4072, kld: 30.5322, type loss: -19.6393, pos loss: -12.9051,all df_loss: 0.9995:   9%|▉         | 800/9000 
[00:20<03:29, 39.22it/s]
Epoch: 1, loss: 50.3694, recon: 49.2910, kld: 23.5499, type loss: -19.9967, pos loss: -13.1934,all df_loss: 0.9606:   9%|▉         | 800/9000 
[00:21<03:29, 39.22it/s]
Epoch: 1, loss: 50.3694, recon: 49.2910, kld: 23.5499, type loss: -19.9967, pos loss: -13.1934,all df_loss: 0.9606:   9%|▉         | 816/9000 
[00:21<03:32, 38.49it/s]
Epoch: 1, loss: 48.8101, recon: 47.8756, kld: 19.2617, type loss: -19.3174, pos loss: -12.8688,all df_loss: 0.8382:   9%|▉         | 816/9000 
[00:21<03:32, 38.49it/s]
Epoch: 1, loss: 48.8101, recon: 47.8756, kld: 19.2617, type loss: -19.3174, pos loss: -12.8688,all df_loss: 0.8382:   9%|▉         | 832/9000 
[00:21<03:34, 38.15it/s]
Epoch: 1, loss: 48.1644, recon: 47.1576, kld: 21.2894, type loss: -19.2335, pos loss: -12.6951,all df_loss: 0.9003:   9%|▉         | 832/9000 
[00:21<03:34, 38.15it/s]
Epoch: 1, loss: 48.1644, recon: 47.1576, kld: 21.2894, type loss: -19.2335, pos loss: -12.6951,all df_loss: 0.9003:   9%|▉         | 848/9000 
[00:22<03:29, 38.88it/s]
Epoch: 1, loss: 47.7049, recon: 46.6050, kld: 25.4335, type loss: -18.7195, pos loss: -12.5122,all df_loss: 0.9728:   9%|▉         | 848/9000 
[00:22<03:29, 38.88it/s]
Epoch: 1, loss: 47.7049, recon: 46.6050, kld: 25.4335, type loss: -18.7195, pos loss: -12.5122,all df_loss: 0.9728:  10%|▉         | 864/9000 
[00:22<03:30, 38.60it/s]
Epoch: 1, loss: 48.4775, recon: 47.4343, kld: 23.1379, type loss: -18.8444, pos loss: -12.8272,all df_loss: 0.9274:  10%|▉         | 864/9000 
[00:22<03:30, 38.60it/s]
Epoch: 1, loss: 48.4775, recon: 47.4343, kld: 23.1379, type loss: -18.8444, pos loss: -12.8272,all df_loss: 0.9274:  10%|▉         | 880/9000 
[00:23<03:35, 37.74it/s]
Epoch: 1, loss: 49.2395, recon: 47.9848, kld: 23.8116, type loss: -19.0000, pos loss: -13.0611,all df_loss: 1.1356:  10%|▉         | 880/9000 
[00:23<03:35, 37.74it/s]
Epoch: 1, loss: 49.2395, recon: 47.9848, kld: 23.8116, type loss: -19.0000, pos loss: -13.0611,all df_loss: 1.1356:  10%|▉         | 896/9000 
[00:23<03:41, 36.66it/s]
Epoch: 1, loss: 46.6536, recon: 45.7176, kld: 24.1234, type loss: -18.1630, pos loss: -12.1931,all df_loss: 0.8154:  10%|▉         | 896/9000 
[00:23<03:41, 36.66it/s]
Epoch: 1, loss: 46.6536, recon: 45.7176, kld: 24.1234, type loss: -18.1630, pos loss: -12.1931,all df_loss: 0.8154:  10%|█         | 912/9000 
[00:23<03:39, 36.85it/s]
Epoch: 1, loss: 48.6038, recon: 47.5809, kld: 25.9060, type loss: -18.8674, pos loss: -12.6564,all df_loss: 0.8933:  10%|█         | 912/9000 
[00:24<03:39, 36.85it/s]
Epoch: 1, loss: 48.6038, recon: 47.5809, kld: 25.9060, type loss: -18.8674, pos loss: -12.6564,all df_loss: 0.8933:  10%|█         | 928/9000 
[00:24<03:46, 35.68it/s]
Epoch: 1, loss: 45.9872, recon: 44.8067, kld: 32.7822, type loss: -17.7686, pos loss: -12.0039,all df_loss: 1.0167:  10%|█         | 928/9000 
[00:24<03:46, 35.68it/s]
Epoch: 1, loss: 45.9872, recon: 44.8067, kld: 32.7822, type loss: -17.7686, pos loss: -12.0039,all df_loss: 1.0167:  10%|█         | 944/9000 
[00:24<03:44, 35.96it/s]
Epoch: 1, loss: 43.1250, recon: 42.2788, kld: 22.6363, type loss: -16.6440, pos loss: -11.1703,all df_loss: 0.7330:  10%|█         | 944/9000 
[00:25<03:44, 35.96it/s]
Epoch: 1, loss: 43.1250, recon: 42.2788, kld: 22.6363, type loss: -16.6440, pos loss: -11.1703,all df_loss: 0.7330:  11%|█         | 960/9000 
[00:25<03:38, 36.80it/s]
Epoch: 1, loss: 44.9020, recon: 43.9701, kld: 19.3591, type loss: -17.4896, pos loss: -11.5010,all df_loss: 0.8352:  11%|█         | 960/9000 
[00:25<03:38, 36.80it/s]
Epoch: 1, loss: 44.9020, recon: 43.9701, kld: 19.3591, type loss: -17.4896, pos loss: -11.5010,all df_loss: 0.8352:  11%|█         | 976/9000 
[00:25<03:36, 37.02it/s]
Epoch: 1, loss: 45.0147, recon: 43.9180, kld: 22.9302, type loss: -17.6271, pos loss: -11.6402,all df_loss: 0.9820:  11%|█         | 976/9000 
[00:25<03:36, 37.02it/s]
Epoch: 1, loss: 45.0147, recon: 43.9180, kld: 22.9302, type loss: -17.6271, pos loss: -11.6402,all df_loss: 0.9820:  11%|█         | 992/9000 
[00:26<03:36, 36.92it/s]
Epoch: 1, loss: 43.4416, recon: 42.5552, kld: 23.1778, type loss: -16.5860, pos loss: -11.3800,all df_loss: 0.7705:  11%|█         | 992/9000 
[00:26<03:36, 36.92it/s]
Epoch: 1, loss: 43.4416, recon: 42.5552, kld: 23.1778, type loss: -16.5860, pos loss: -11.3800,all df_loss: 0.7705:  11%|█         | 1008/9000 
[00:26<03:34, 37.30it/s]
Epoch: 1, loss: 42.8934, recon: 41.9069, kld: 24.7466, type loss: -16.4408, pos loss: -11.2130,all df_loss: 0.8627:  11%|█         | 1008/9000 
[00:26<03:34, 37.30it/s]
Epoch: 1, loss: 42.8934, recon: 41.9069, kld: 24.7466, type loss: -16.4408, pos loss: -11.2130,all df_loss: 0.8627:  11%|█▏        | 1024/9000 
[00:26<03:30, 37.95it/s]
Epoch: 1, loss: 41.8144, recon: 40.9544, kld: 22.1781, type loss: -15.9398, pos loss: -11.0858,all df_loss: 0.7491:  11%|█▏        | 1024/9000 
[00:27<03:30, 37.95it/s]
Epoch: 1, loss: 41.8144, recon: 40.9544, kld: 22.1781, type loss: -15.9398, pos loss: -11.0858,all df_loss: 0.7491:  12%|█▏        | 1040/9000 
[00:27<03:29, 37.92it/s]
Epoch: 1, loss: 41.8913, recon: 40.8255, kld: 30.5269, type loss: -15.7695, pos loss: -10.9007,all df_loss: 0.9132:  12%|█▏        | 1040/9000 
[00:27<03:29, 37.92it/s]
Epoch: 1, loss: 41.8913, recon: 40.8255, kld: 30.5269, type loss: -15.7695, pos loss: -10.9007,all df_loss: 0.9132:  12%|█▏        | 1056/9000 
[00:27<03:30, 37.74it/s]
Epoch: 1, loss: 42.4191, recon: 41.4165, kld: 29.6574, type loss: -15.8967, pos loss: -10.6548,all df_loss: 0.8543:  12%|█▏        | 1056/9000 
[00:28<03:30, 37.74it/s]
Epoch: 1, loss: 42.4191, recon: 41.4165, kld: 29.6574, type loss: -15.8967, pos loss: -10.6548,all df_loss: 0.8543:  12%|█▏        | 1072/9000 
[00:28<03:31, 37.48it/s]
Epoch: 1, loss: 41.3507, recon: 40.6204, kld: 18.8333, type loss: -15.6341, pos loss: -10.5797,all df_loss: 0.6362:  12%|█▏        | 1072/9000 
[00:28<03:31, 37.48it/s]
Epoch: 1, loss: 41.3507, recon: 40.6204, kld: 18.8333, type loss: -15.6341, pos loss: -10.5797,all df_loss: 0.6362:  12%|█▏        | 1088/9000 
[00:28<03:25, 38.54it/s]
Epoch: 1, loss: 41.2857, recon: 40.3599, kld: 28.2951, type loss: -15.6540, pos loss: -10.0761,all df_loss: 0.7843:  12%|█▏        | 1088/9000 
[00:28<03:25, 38.54it/s]
Epoch: 1, loss: 41.2857, recon: 40.3599, kld: 28.2951, type loss: -15.6540, pos loss: -10.0761,all df_loss: 0.7843:  12%|█▏        | 1104/9000 
[00:29<03:27, 37.98it/s]
Epoch: 1, loss: 38.7340, recon: 37.9631, kld: 25.5841, type loss: -14.2196, pos loss: -9.5215,all df_loss: 0.6429:  12%|█▏        | 1104/9000 
[00:29<03:27, 37.98it/s] 
Epoch: 1, loss: 38.7340, recon: 37.9631, kld: 25.5841, type loss: -14.2196, pos loss: -9.5215,all df_loss: 0.6429:  12%|█▏        | 1120/9000 
[00:29<03:25, 38.43it/s]
Epoch: 1, loss: 41.6236, recon: 40.4752, kld: 35.6150, type loss: -16.5934, pos loss: -10.0469,all df_loss: 0.9703:  12%|█▏        | 1120/9000 
[00:29<03:25, 38.43it/s]
Epoch: 1, loss: 41.6236, recon: 40.4752, kld: 35.6150, type loss: -16.5934, pos loss: -10.0469,all df_loss: 0.9703:  13%|█▎        | 1136/9000 
[00:29<03:24, 38.47it/s]
Epoch: 1, loss: 40.8888, recon: 39.9288, kld: 26.1517, type loss: -16.1358, pos loss: -9.9944,all df_loss: 0.8292:  13%|█▎        | 1136/9000 
[00:30<03:24, 38.47it/s] 
Epoch: 1, loss: 40.8888, recon: 39.9288, kld: 26.1517, type loss: -16.1358, pos loss: -9.9944,all df_loss: 0.8292:  13%|█▎        | 1152/9000 
[00:30<03:30, 37.32it/s]
Epoch: 1, loss: 40.6407, recon: 39.3508, kld: 37.1529, type loss: -16.5358, pos loss: -9.2650,all df_loss: 1.1042:  13%|█▎        | 1152/9000 
[00:30<03:30, 37.32it/s]
Epoch: 1, loss: 40.6407, recon: 39.3508, kld: 37.1529, type loss: -16.5358, pos loss: -9.2650,all df_loss: 1.1042:  13%|█▎        | 1168/9000 
[00:30<03:28, 37.58it/s]
Epoch: 1, loss: 41.6143, recon: 40.5586, kld: 30.9247, type loss: -16.8778, pos loss: -9.5280,all df_loss: 0.9011:  13%|█▎        | 1168/9000 
[00:30<03:28, 37.58it/s]
Epoch: 1, loss: 41.6143, recon: 40.5586, kld: 30.9247, type loss: -16.8778, pos loss: -9.5280,all df_loss: 0.9011:  13%|█▎        | 1184/9000 
[00:31<03:29, 37.27it/s]
Epoch: 1, loss: 40.9198, recon: 39.7698, kld: 29.5034, type loss: -16.5115, pos loss: -9.5679,all df_loss: 1.0025:  13%|█▎        | 1184/9000 
[00:31<03:29, 37.27it/s]
Epoch: 1, loss: 40.9198, recon: 39.7698, kld: 29.5034, type loss: -16.5115, pos loss: -9.5679,all df_loss: 1.0025:  13%|█▎        | 1200/9000 
[00:31<03:26, 37.72it/s]
Epoch: 1, loss: 38.6666, recon: 37.8155, kld: 28.0515, type loss: -15.0136, pos loss: -9.6893,all df_loss: 0.7109:  13%|█▎        | 1200/9000 
[00:31<03:26, 37.72it/s]
Epoch: 1, loss: 38.6666, recon: 37.8155, kld: 28.0515, type loss: -15.0136, pos loss: -9.6893,all df_loss: 0.7109:  14%|█▎        | 1216/9000 
[00:32<03:37, 35.72it/s]
Epoch: 1, loss: 37.5475, recon: 36.6461, kld: 25.9919, type loss: -14.2780, pos loss: -9.2109,all df_loss: 0.7714:  14%|█▎        | 1216/9000 
[00:32<03:37, 35.72it/s]
Epoch: 1, loss: 37.5475, recon: 36.6461, kld: 25.9919, type loss: -14.2780, pos loss: -9.2109,all df_loss: 0.7714:  14%|█▎        | 1232/9000 
[00:32<03:51, 33.53it/s]
Epoch: 1, loss: 42.4927, recon: 41.3719, kld: 33.9207, type loss: -17.1329, pos loss: -10.3270,all df_loss: 0.9511:  14%|█▎        | 1232/9000 
[00:32<03:51, 33.53it/s]
Epoch: 1, loss: 42.4927, recon: 41.3719, kld: 33.9207, type loss: -17.1329, pos loss: -10.3270,all df_loss: 0.9511:  14%|█▍        | 1248/9000 
[00:33<03:53, 33.19it/s]
Epoch: 1, loss: 39.4090, recon: 38.3697, kld: 22.4882, type loss: -15.5290, pos loss: -9.2040,all df_loss: 0.9269:  14%|█▍        | 1248/9000 
[00:33<03:53, 33.19it/s] 
Epoch: 1, loss: 39.4090, recon: 38.3697, kld: 22.4882, type loss: -15.5290, pos loss: -9.2040,all df_loss: 0.9269:  14%|█▍        | 1264/9000 
[00:33<03:44, 34.39it/s]
Epoch: 1, loss: 37.3935, recon: 36.2998, kld: 26.6497, type loss: -14.6447, pos loss: -8.7405,all df_loss: 0.9605:  14%|█▍        | 1264/9000 
[00:33<03:44, 34.39it/s]
Epoch: 1, loss: 37.3935, recon: 36.2998, kld: 26.6497, type loss: -14.6447, pos loss: -8.7405,all df_loss: 0.9605:  14%|█▍        | 1280/9000 
[00:34<03:38, 35.40it/s]
Epoch: 1, loss: 38.7547, recon: 37.7076, kld: 34.6462, type loss: -15.2027, pos loss: -9.5035,all df_loss: 0.8738:  14%|█▍        | 1280/9000 
[00:34<03:38, 35.40it/s]
Epoch: 1, loss: 38.7547, recon: 37.7076, kld: 34.6462, type loss: -15.2027, pos loss: -9.5035,all df_loss: 0.8738:  14%|█▍        | 1296/9000 
[00:34<03:37, 35.38it/s]
Epoch: 1, loss: 39.2763, recon: 38.1446, kld: 37.9305, type loss: -16.0287, pos loss: -9.1115,all df_loss: 0.9421:  14%|█▍        | 1296/9000 
[00:34<03:37, 35.38it/s]
Epoch: 1, loss: 39.2763, recon: 38.1446, kld: 37.9305, type loss: -16.0287, pos loss: -9.1115,all df_loss: 0.9421:  15%|█▍        | 1312/9000 
[00:34<03:40, 34.81it/s]
Epoch: 1, loss: 38.4581, recon: 37.4893, kld: 25.3215, type loss: -15.4433, pos loss: -9.1133,all df_loss: 0.8422:  15%|█▍        | 1312/9000 
[00:35<03:40, 34.81it/s]
Epoch: 1, loss: 38.4581, recon: 37.4893, kld: 25.3215, type loss: -15.4433, pos loss: -9.1133,all df_loss: 0.8422:  15%|█▍        | 1328/9000 
[00:35<03:37, 35.26it/s]
Epoch: 1, loss: 38.0885, recon: 37.1360, kld: 20.5030, type loss: -15.3036, pos loss: -9.3310,all df_loss: 0.8500:  15%|█▍        | 1328/9000 
[00:35<03:37, 35.26it/s]
Epoch: 1, loss: 38.0885, recon: 37.1360, kld: 20.5030, type loss: -15.3036, pos loss: -9.3310,all df_loss: 0.8500:  15%|█▍        | 1344/9000 
[00:35<03:31, 36.17it/s]
Epoch: 1, loss: 38.2503, recon: 37.2389, kld: 25.5255, type loss: -15.3592, pos loss: -9.0008,all df_loss: 0.8838:  15%|█▍        | 1344/9000 
[00:36<03:31, 36.17it/s]
Epoch: 1, loss: 38.2503, recon: 37.2389, kld: 25.5255, type loss: -15.3592, pos loss: -9.0008,all df_loss: 0.8838:  15%|█▌        | 1360/9000 
[00:36<03:33, 35.74it/s]
Epoch: 1, loss: 36.4478, recon: 35.3730, kld: 31.5397, type loss: -14.4671, pos loss: -8.6643,all df_loss: 0.9170:  15%|█▌        | 1360/9000 
[00:36<03:33, 35.74it/s]
Epoch: 1, loss: 36.4478, recon: 35.3730, kld: 31.5397, type loss: -14.4671, pos loss: -8.6643,all df_loss: 0.9170:  15%|█▌        | 1376/9000 
[00:36<03:30, 36.17it/s]
Epoch: 1, loss: 38.4520, recon: 37.3249, kld: 33.4355, type loss: -15.1633, pos loss: -8.8170,all df_loss: 0.9599:  15%|█▌        | 1376/9000 
[00:36<03:30, 36.17it/s]
Epoch: 1, loss: 38.4520, recon: 37.3249, kld: 33.4355, type loss: -15.1633, pos loss: -8.8170,all df_loss: 0.9599:  15%|█▌        | 1392/9000 
[00:37<03:29, 36.30it/s]
Epoch: 1, loss: 35.1766, recon: 34.1671, kld: 35.7311, type loss: -13.1620, pos loss: -8.3832,all df_loss: 0.8309:  15%|█▌        | 1392/9000 
[00:37<03:29, 36.30it/s]
Epoch: 1, loss: 35.1766, recon: 34.1671, kld: 35.7311, type loss: -13.1620, pos loss: -8.3832,all df_loss: 0.8309:  16%|█▌        | 1408/9000 
[00:37<03:27, 36.60it/s]
Epoch: 1, loss: 37.7401, recon: 36.7511, kld: 32.0129, type loss: -14.9067, pos loss: -9.0051,all df_loss: 0.8289:  16%|█▌        | 1408/9000 
[00:37<03:27, 36.60it/s]
Epoch: 1, loss: 37.7401, recon: 36.7511, kld: 32.0129, type loss: -14.9067, pos loss: -9.0051,all df_loss: 0.8289:  16%|█▌        | 1424/9000 
[00:37<03:26, 36.75it/s]
Epoch: 1, loss: 34.4736, recon: 33.6266, kld: 28.2722, type loss: -13.9315, pos loss: -7.8694,all df_loss: 0.7057:  16%|█▌        | 1424/9000 
[00:38<03:26, 36.75it/s]
Epoch: 1, loss: 34.4736, recon: 33.6266, kld: 28.2722, type loss: -13.9315, pos loss: -7.8694,all df_loss: 0.7057:  16%|█▌        | 1440/9000 
[00:38<03:22, 37.33it/s]
Epoch: 1, loss: 36.1532, recon: 35.1134, kld: 29.6963, type loss: -14.3589, pos loss: -8.0796,all df_loss: 0.8913:  16%|█▌        | 1440/9000 
[00:38<03:22, 37.33it/s]
Epoch: 1, loss: 36.1532, recon: 35.1134, kld: 29.6963, type loss: -14.3589, pos loss: -8.0796,all df_loss: 0.8913:  16%|█▌        | 1456/9000 
[00:38<03:22, 37.31it/s]
Epoch: 1, loss: 37.8884, recon: 36.7595, kld: 38.0416, type loss: -15.7091, pos loss: -8.9141,all df_loss: 0.9387:  16%|█▌        | 1456/9000 
[00:39<03:22, 37.31it/s]
Epoch: 1, loss: 37.8884, recon: 36.7595, kld: 38.0416, type loss: -15.7091, pos loss: -8.9141,all df_loss: 0.9387:  16%|█▋        | 1472/9000 
[00:39<03:24, 36.81it/s]
Epoch: 1, loss: 38.5748, recon: 37.2416, kld: 40.0560, type loss: -15.4339, pos loss: -9.5216,all df_loss: 1.1329:  16%|█▋        | 1472/9000 
[00:39<03:24, 36.81it/s]
Epoch: 1, loss: 38.5748, recon: 37.2416, kld: 40.0560, type loss: -15.4339, pos loss: -9.5216,all df_loss: 1.1329:  17%|█▋        | 1488/9000 
[00:39<03:22, 37.13it/s]
Epoch: 1, loss: 37.6203, recon: 36.5518, kld: 27.7861, type loss: -15.0813, pos loss: -8.9146,all df_loss: 0.9296:  17%|█▋        | 1488/9000 
[00:39<03:22, 37.13it/s]
Epoch: 1, loss: 37.6203, recon: 36.5518, kld: 27.7861, type loss: -15.0813, pos loss: -8.9146,all df_loss: 0.9296:  17%|█▋        | 1504/9000 
[00:40<03:24, 36.72it/s]
Epoch: 1, loss: 37.8666, recon: 36.8998, kld: 29.0284, type loss: -15.2847, pos loss: -9.0975,all df_loss: 0.8218:  17%|█▋        | 1504/9000 
[00:40<03:24, 36.72it/s]
Epoch: 1, loss: 37.8666, recon: 36.8998, kld: 29.0284, type loss: -15.2847, pos loss: -9.0975,all df_loss: 0.8218:  17%|█▋        | 1520/9000 
[00:40<03:25, 36.44it/s]
Epoch: 1, loss: 36.0674, recon: 35.1177, kld: 27.9808, type loss: -14.3231, pos loss: -8.1597,all df_loss: 0.8098:  17%|█▋        | 1520/9000 
[00:40<03:25, 36.44it/s]
Epoch: 1, loss: 36.0674, recon: 35.1177, kld: 27.9808, type loss: -14.3231, pos loss: -8.1597,all df_loss: 0.8098:  17%|█▋        | 1536/9000 
[00:40<03:19, 37.43it/s]
Epoch: 1, loss: 35.5341, recon: 34.6189, kld: 28.3722, type loss: -14.0778, pos loss: -8.3506,all df_loss: 0.7733:  17%|█▋        | 1536/9000 
[00:41<03:19, 37.43it/s]
Epoch: 1, loss: 35.5341, recon: 34.6189, kld: 28.3722, type loss: -14.0778, pos loss: -8.3506,all df_loss: 0.7733:  17%|█▋        | 1552/9000 
[00:41<03:13, 38.41it/s]
Epoch: 1, loss: 34.1609, recon: 33.3095, kld: 29.1891, type loss: -13.4094, pos loss: -8.1936,all df_loss: 0.7055:  17%|█▋        | 1552/9000 
[00:41<03:13, 38.41it/s]
Epoch: 1, loss: 34.1609, recon: 33.3095, kld: 29.1891, type loss: -13.4094, pos loss: -8.1936,all df_loss: 0.7055:  17%|█▋        | 1568/9000 
[00:41<03:10, 39.03it/s]
Epoch: 1, loss: 36.3175, recon: 35.3539, kld: 26.7850, type loss: -14.6829, pos loss: -8.0232,all df_loss: 0.8297:  17%|█▋        | 1568/9000 
[00:41<03:10, 39.03it/s]
Epoch: 1, loss: 36.3175, recon: 35.3539, kld: 26.7850, type loss: -14.6829, pos loss: -8.0232,all df_loss: 0.8297:  18%|█▊        | 1584/9000 
[00:42<03:10, 38.91it/s]
Epoch: 1, loss: 34.0075, recon: 33.1046, kld: 27.9518, type loss: -13.5826, pos loss: -7.8785,all df_loss: 0.7632:  18%|█▊        | 1584/9000 
[00:42<03:10, 38.91it/s]
Epoch: 1, loss: 34.0075, recon: 33.1046, kld: 27.9518, type loss: -13.5826, pos loss: -7.8785,all df_loss: 0.7632:  18%|█▊        | 1600/9000 
[00:42<03:07, 39.42it/s]
Epoch: 1, loss: 35.9166, recon: 34.7992, kld: 35.5114, type loss: -14.5444, pos loss: -8.5273,all df_loss: 0.9398:  18%|█▊        | 1600/9000 
[00:42<03:07, 39.42it/s]
Epoch: 1, loss: 35.9166, recon: 34.7992, kld: 35.5114, type loss: -14.5444, pos loss: -8.5273,all df_loss: 0.9398:  18%|█▊        | 1616/9000 
[00:42<03:08, 39.27it/s]
Epoch: 1, loss: 34.0771, recon: 33.2516, kld: 26.9476, type loss: -13.2764, pos loss: -8.3404,all df_loss: 0.6907:  18%|█▊        | 1616/9000 
[00:43<03:08, 39.27it/s]
Epoch: 1, loss: 34.0771, recon: 33.2516, kld: 26.9476, type loss: -13.2764, pos loss: -8.3404,all df_loss: 0.6907:  18%|█▊        | 1632/9000 
[00:43<03:08, 39.16it/s]
Epoch: 1, loss: 32.0661, recon: 31.0539, kld: 33.9333, type loss: -12.9092, pos loss: -7.1738,all df_loss: 0.8425:  18%|█▊        | 1632/9000 
[00:43<03:08, 39.16it/s]
Epoch: 1, loss: 32.0661, recon: 31.0539, kld: 33.9333, type loss: -12.9092, pos loss: -7.1738,all df_loss: 0.8425:  18%|█▊        | 1648/9000 
[00:43<03:05, 39.69it/s]
Epoch: 1, loss: 34.9523, recon: 33.9598, kld: 30.2435, type loss: -13.2911, pos loss: -8.9272,all df_loss: 0.8414:  18%|█▊        | 1648/9000 
[00:43<03:05, 39.69it/s]
Epoch: 1, loss: 34.9523, recon: 33.9598, kld: 30.2435, type loss: -13.2911, pos loss: -8.9272,all df_loss: 0.8414:  18%|█▊        | 1664/9000 
[00:44<03:05, 39.53it/s]
Epoch: 1, loss: 33.8939, recon: 32.9027, kld: 37.4764, type loss: -13.9588, pos loss: -7.7310,all df_loss: 0.8038:  18%|█▊        | 1664/9000 
[00:44<03:05, 39.53it/s]
Epoch: 1, loss: 33.8939, recon: 32.9027, kld: 37.4764, type loss: -13.9588, pos loss: -7.7310,all df_loss: 0.8038:  19%|█▊        | 1680/9000 
[00:44<03:05, 39.54it/s]
Epoch: 1, loss: 35.3092, recon: 34.2403, kld: 36.6063, type loss: -14.6303, pos loss: -7.7225,all df_loss: 0.8858:  19%|█▊        | 1680/9000 
[00:44<03:05, 39.54it/s]
Epoch: 1, loss: 35.3092, recon: 34.2403, kld: 36.6063, type loss: -14.6303, pos loss: -7.7225,all df_loss: 0.8858:  19%|█▉        | 1696/9000 
[00:45<03:04, 39.64it/s]
Epoch: 1, loss: 34.3951, recon: 33.2252, kld: 39.9669, type loss: -13.8552, pos loss: -8.2217,all df_loss: 0.9700:  19%|█▉        | 1696/9000 
[00:45<03:04, 39.64it/s]
Epoch: 1, loss: 34.3951, recon: 33.2252, kld: 39.9669, type loss: -13.8552, pos loss: -8.2217,all df_loss: 0.9700:  19%|█▉        | 1712/9000 
[00:45<03:04, 39.43it/s]
Epoch: 1, loss: 33.7173, recon: 32.7349, kld: 31.7182, type loss: -13.3595, pos loss: -8.1193,all df_loss: 0.8239:  19%|█▉        | 1712/9000 
[00:45<03:04, 39.43it/s]
Epoch: 1, loss: 33.7173, recon: 32.7349, kld: 31.7182, type loss: -13.3595, pos loss: -8.1193,all df_loss: 0.8239:  19%|█▉        | 1728/9000 
[00:45<03:02, 39.90it/s]
Epoch: 1, loss: 32.2616, recon: 31.3157, kld: 35.8973, type loss: -12.9585, pos loss: -7.7262,all df_loss: 0.7664:  19%|█▉        | 1728/9000 
[00:46<03:02, 39.90it/s]
Epoch: 1, loss: 32.2616, recon: 31.3157, kld: 35.8973, type loss: -12.9585, pos loss: -7.7262,all df_loss: 0.7664:  19%|█▉        | 1744/9000 
[00:46<03:01, 39.99it/s]
Epoch: 1, loss: 34.3212, recon: 33.2360, kld: 38.0349, type loss: -14.3826, pos loss: -7.7389,all df_loss: 0.8950:  19%|█▉        | 1744/9000 
[00:46<03:01, 39.99it/s]
Epoch: 1, loss: 34.3212, recon: 33.2360, kld: 38.0349, type loss: -14.3826, pos loss: -7.7389,all df_loss: 0.8950:  20%|█▉        | 1760/9000 
[00:46<03:02, 39.76it/s]
Epoch: 1, loss: 34.2201, recon: 33.2089, kld: 35.1781, type loss: -13.7371, pos loss: -7.8453,all df_loss: 0.8353:  20%|█▉        | 1760/9000 
[00:46<03:02, 39.76it/s]
Epoch: 1, loss: 34.2201, recon: 33.2089, kld: 35.1781, type loss: -13.7371, pos loss: -7.8453,all df_loss: 0.8353:  20%|█▉        | 1776/9000 
[00:46<02:57, 40.59it/s]
Epoch: 1, loss: 34.1642, recon: 33.0809, kld: 42.7472, type loss: -13.9301, pos loss: -7.5836,all df_loss: 0.8696:  20%|█▉        | 1776/9000 
[00:47<02:57, 40.59it/s]
Epoch: 1, loss: 34.1642, recon: 33.0809, kld: 42.7472, type loss: -13.9301, pos loss: -7.5836,all df_loss: 0.8696:  20%|█▉        | 1792/9000 
[00:47<02:56, 40.95it/s]
Epoch: 1, loss: 35.0179, recon: 34.1242, kld: 26.8308, type loss: -14.2515, pos loss: -8.2161,all df_loss: 0.7596:  20%|█▉        | 1792/9000 
[00:47<02:56, 40.95it/s]
Epoch: 1, loss: 35.0179, recon: 34.1242, kld: 26.8308, type loss: -14.2515, pos loss: -8.2161,all df_loss: 0.7596:  20%|██        | 1808/9000 
[00:47<03:00, 39.94it/s]
Epoch: 1, loss: 35.7229, recon: 34.7385, kld: 37.1805, type loss: -14.6127, pos loss: -8.5756,all df_loss: 0.7985:  20%|██        | 1808/9000 
[00:48<03:00, 39.94it/s]
Epoch: 1, loss: 35.7229, recon: 34.7385, kld: 37.1805, type loss: -14.6127, pos loss: -8.5756,all df_loss: 0.7985:  20%|██        | 1824/9000 
[00:48<03:07, 38.19it/s]
Epoch: 1, loss: 32.8052, recon: 31.7939, kld: 37.6674, type loss: -13.7521, pos loss: -7.1766,all df_loss: 0.8229:  20%|██        | 1824/9000 
[00:48<03:07, 38.19it/s]
Epoch: 1, loss: 32.8052, recon: 31.7939, kld: 37.6674, type loss: -13.7521, pos loss: -7.1766,all df_loss: 0.8229:  20%|██        | 1840/9000 
[00:48<03:10, 37.68it/s]
Epoch: 1, loss: 32.2032, recon: 31.2980, kld: 28.0386, type loss: -13.2570, pos loss: -7.1478,all df_loss: 0.7650:  20%|██        | 1840/9000 
[00:48<03:10, 37.68it/s]
Epoch: 1, loss: 32.2032, recon: 31.2980, kld: 28.0386, type loss: -13.2570, pos loss: -7.1478,all df_loss: 0.7650:  21%|██        | 1856/9000 
[00:49<03:05, 38.51it/s]
Epoch: 1, loss: 28.1437, recon: 27.2313, kld: 36.5056, type loss: -11.1957, pos loss: -6.0640,all df_loss: 0.7298:  21%|██        | 1856/9000 
[00:49<03:05, 38.51it/s]
Epoch: 1, loss: 28.1437, recon: 27.2313, kld: 36.5056, type loss: -11.1957, pos loss: -6.0640,all df_loss: 0.7298:  21%|██        | 1872/9000 
[00:49<03:01, 39.35it/s]
Epoch: 1, loss: 32.9759, recon: 31.9488, kld: 35.9443, type loss: -13.7374, pos loss: -7.2964,all df_loss: 0.8474:  21%|██        | 1872/9000 
[00:49<03:01, 39.35it/s]
Epoch: 1, loss: 32.9759, recon: 31.9488, kld: 35.9443, type loss: -13.7374, pos loss: -7.2964,all df_loss: 0.8474:  21%|██        | 1888/9000 
[00:49<03:04, 38.47it/s]
Epoch: 1, loss: 31.3054, recon: 30.3157, kld: 36.8827, type loss: -12.8001, pos loss: -7.3596,all df_loss: 0.8052:  21%|██        | 1888/9000 
[00:50<03:04, 38.47it/s]
Epoch: 1, loss: 31.3054, recon: 30.3157, kld: 36.8827, type loss: -12.8001, pos loss: -7.3596,all df_loss: 0.8052:  21%|██        | 1904/9000 
[00:50<03:04, 38.43it/s]
Epoch: 1, loss: 32.6688, recon: 31.6236, kld: 43.0402, type loss: -13.1581, pos loss: -7.8555,all df_loss: 0.8301:  21%|██        | 1904/9000 
[00:50<03:04, 38.43it/s]
Epoch: 1, loss: 32.6688, recon: 31.6236, kld: 43.0402, type loss: -13.1581, pos loss: -7.8555,all df_loss: 0.8301:  21%|██▏       | 1920/9000 
[00:50<03:06, 38.02it/s]
Epoch: 1, loss: 31.1055, recon: 30.1855, kld: 36.3626, type loss: -12.8168, pos loss: -6.4726,all df_loss: 0.7382:  21%|██▏       | 1920/9000 
[00:50<03:06, 38.02it/s]
Epoch: 1, loss: 31.1055, recon: 30.1855, kld: 36.3626, type loss: -12.8168, pos loss: -6.4726,all df_loss: 0.7382:  22%|██▏       | 1936/9000 
[00:51<03:01, 38.87it/s]
Epoch: 1, loss: 31.8543, recon: 30.9222, kld: 35.3061, type loss: -13.3732, pos loss: -7.2859,all df_loss: 0.7555:  22%|██▏       | 1936/9000 
[00:51<03:01, 38.87it/s]
Epoch: 1, loss: 31.8543, recon: 30.9222, kld: 35.3061, type loss: -13.3732, pos loss: -7.2859,all df_loss: 0.7555:  22%|██▏       | 1952/9000 
[00:51<03:01, 38.86it/s]
Epoch: 1, loss: 32.6900, recon: 31.5707, kld: 44.7659, type loss: -13.4246, pos loss: -7.8197,all df_loss: 0.8955:  22%|██▏       | 1952/9000 
[00:51<03:01, 38.86it/s]
Epoch: 1, loss: 32.6900, recon: 31.5707, kld: 44.7659, type loss: -13.4246, pos loss: -7.8197,all df_loss: 0.8955:  22%|██▏       | 1968/9000 
[00:51<03:03, 38.30it/s]
Epoch: 1, loss: 30.0943, recon: 29.1219, kld: 41.9142, type loss: -11.9586, pos loss: -6.8309,all df_loss: 0.7628:  22%|██▏       | 1968/9000 
[00:52<03:03, 38.30it/s]
Epoch: 1, loss: 30.0943, recon: 29.1219, kld: 41.9142, type loss: -11.9586, pos loss: -6.8309,all df_loss: 0.7628:  22%|██▏       | 1984/9000 
[00:52<03:01, 38.71it/s]
Epoch: 1, loss: 30.5766, recon: 29.6517, kld: 33.0008, type loss: -12.9135, pos loss: -6.4043,all df_loss: 0.7599:  22%|██▏       | 1984/9000 
[00:52<03:01, 38.71it/s]
Epoch: 1, loss: 30.5766, recon: 29.6517, kld: 33.0008, type loss: -12.9135, pos loss: -6.4043,all df_loss: 0.7599:  22%|██▏       | 2000/9000 
[00:52<02:59, 39.08it/s]
Epoch: 1, loss: 35.0568, recon: 34.1139, kld: 33.9451, type loss: -14.7898, pos loss: -8.9418,all df_loss: 0.7732:  22%|██▏       | 2000/9000 
[00:53<02:59, 39.08it/s]
Epoch: 1, loss: 35.0568, recon: 34.1139, kld: 33.9451, type loss: -14.7898, pos loss: -8.9418,all df_loss: 0.7732:  22%|██▏       | 2016/9000 
[00:53<03:03, 38.02it/s]
Epoch: 1, loss: 33.9649, recon: 32.8885, kld: 38.8020, type loss: -14.6695, pos loss: -7.8333,all df_loss: 0.8824:  22%|██▏       | 2016/9000 
[00:53<03:03, 38.02it/s]
Epoch: 1, loss: 33.9649, recon: 32.8885, kld: 38.8020, type loss: -14.6695, pos loss: -7.8333,all df_loss: 0.8824:  23%|██▎       | 2032/9000 
[00:53<03:06, 37.40it/s]
Epoch: 1, loss: 33.3390, recon: 32.2207, kld: 37.5245, type loss: -13.8552, pos loss: -7.3535,all df_loss: 0.9307:  23%|██▎       | 2032/9000 
[00:53<03:06, 37.40it/s]
Epoch: 1, loss: 33.3390, recon: 32.2207, kld: 37.5245, type loss: -13.8552, pos loss: -7.3535,all df_loss: 0.9307:  23%|██▎       | 2048/9000 
[00:54<03:06, 37.31it/s]
Epoch: 1, loss: 32.2058, recon: 31.1539, kld: 40.4269, type loss: -13.1927, pos loss: -7.6050,all df_loss: 0.8498:  23%|██▎       | 2048/9000 
[00:54<03:06, 37.31it/s]
Epoch: 1, loss: 32.2058, recon: 31.1539, kld: 40.4269, type loss: -13.1927, pos loss: -7.6050,all df_loss: 0.8498:  23%|██▎       | 2064/9000 
[00:54<03:07, 37.08it/s]
Epoch: 1, loss: 30.0395, recon: 29.1168, kld: 41.2727, type loss: -12.1939, pos loss: -6.7255,all df_loss: 0.7164:  23%|██▎       | 2064/9000 
[00:54<03:07, 37.08it/s]
Epoch: 1, loss: 30.0395, recon: 29.1168, kld: 41.2727, type loss: -12.1939, pos loss: -6.7255,all df_loss: 0.7164:  23%|██▎       | 2080/9000 
[00:54<03:05, 37.38it/s]
Epoch: 1, loss: 32.1281, recon: 31.0294, kld: 42.8328, type loss: -14.0416, pos loss: -6.9542,all df_loss: 0.8845:  23%|██▎       | 2080/9000 
[00:55<03:05, 37.38it/s]
Epoch: 1, loss: 32.1281, recon: 31.0294, kld: 42.8328, type loss: -14.0416, pos loss: -6.9542,all df_loss: 0.8845:  23%|██▎       | 2096/9000 
[00:55<03:06, 37.08it/s]
Epoch: 1, loss: 29.6483, recon: 28.7538, kld: 32.9721, type loss: -12.1543, pos loss: -6.5303,all df_loss: 0.7296:  23%|██▎       | 2096/9000 
[00:55<03:06, 37.08it/s]
Epoch: 1, loss: 29.6483, recon: 28.7538, kld: 32.9721, type loss: -12.1543, pos loss: -6.5303,all df_loss: 0.7296:  23%|██▎       | 2112/9000 
[00:55<03:00, 38.17it/s]
Epoch: 1, loss: 31.8878, recon: 30.8945, kld: 42.1815, type loss: -13.6614, pos loss: -7.2257,all df_loss: 0.7825:  23%|██▎       | 2112/9000 
[00:56<03:00, 38.17it/s]
Epoch: 1, loss: 31.8878, recon: 30.8945, kld: 42.1815, type loss: -13.6614, pos loss: -7.2257,all df_loss: 0.7825:  24%|██▎       | 2128/9000 
[00:56<03:02, 37.63it/s]
Epoch: 1, loss: 28.7773, recon: 27.7540, kld: 40.6069, type loss: -12.2098, pos loss: -5.8047,all df_loss: 0.8202:  24%|██▎       | 2128/9000 
[00:56<03:02, 37.63it/s]
Epoch: 1, loss: 28.7773, recon: 27.7540, kld: 40.6069, type loss: -12.2098, pos loss: -5.8047,all df_loss: 0.8202:  24%|██▍       | 2144/9000 
[00:56<03:00, 38.00it/s]
Epoch: 1, loss: 30.8809, recon: 29.8197, kld: 39.6553, type loss: -13.3773, pos loss: -6.6590,all df_loss: 0.8629:  24%|██▍       | 2144/9000 
[00:56<03:00, 38.00it/s]
Epoch: 1, loss: 30.8809, recon: 29.8197, kld: 39.6553, type loss: -13.3773, pos loss: -6.6590,all df_loss: 0.8629:  24%|██▍       | 2160/9000 
[00:57<03:00, 37.82it/s]
Epoch: 1, loss: 28.5869, recon: 27.6692, kld: 39.1877, type loss: -11.9823, pos loss: -6.7460,all df_loss: 0.7217:  24%|██▍       | 2160/9000 
[00:57<03:00, 37.82it/s]
Epoch: 1, loss: 28.5869, recon: 27.6692, kld: 39.1877, type loss: -11.9823, pos loss: -6.7460,all df_loss: 0.7217:  24%|██▍       | 2176/9000 
[00:57<03:00, 37.75it/s]
Epoch: 1, loss: 30.4277, recon: 29.2497, kld: 38.1447, type loss: -12.9586, pos loss: -6.4252,all df_loss: 0.9873:  24%|██▍       | 2176/9000 
[00:57<03:00, 37.75it/s]
Epoch: 1, loss: 30.4277, recon: 29.2497, kld: 38.1447, type loss: -12.9586, pos loss: -6.4252,all df_loss: 0.9873:  24%|██▍       | 2192/9000 
[00:57<03:03, 37.14it/s]
Epoch: 1, loss: 28.2836, recon: 27.3395, kld: 41.7907, type loss: -11.9450, pos loss: -6.2944,all df_loss: 0.7351:  24%|██▍       | 2192/9000 
[00:58<03:03, 37.14it/s]
Epoch: 1, loss: 28.2836, recon: 27.3395, kld: 41.7907, type loss: -11.9450, pos loss: -6.2944,all df_loss: 0.7351:  25%|██▍       | 2208/9000 
[00:58<03:01, 37.41it/s]
Epoch: 1, loss: 29.1060, recon: 27.9514, kld: 45.5513, type loss: -11.9980, pos loss: -6.5780,all df_loss: 0.9269:  25%|██▍       | 2208/9000 
[00:58<03:01, 37.41it/s]
Epoch: 1, loss: 29.1060, recon: 27.9514, kld: 45.5513, type loss: -11.9980, pos loss: -6.5780,all df_loss: 0.9269:  25%|██▍       | 2224/9000 
[00:58<03:01, 37.27it/s]
Epoch: 1, loss: 28.6389, recon: 27.7789, kld: 39.3795, type loss: -12.2803, pos loss: -6.1562,all df_loss: 0.6630:  25%|██▍       | 2224/9000 
[00:59<03:01, 37.27it/s]
Epoch: 1, loss: 28.6389, recon: 27.7789, kld: 39.3795, type loss: -12.2803, pos loss: -6.1562,all df_loss: 0.6630:  25%|██▍       | 2240/9000 
[00:59<02:58, 37.91it/s]
Epoch: 1, loss: 34.1749, recon: 33.0782, kld: 43.1688, type loss: -14.8742, pos loss: -8.8105,all df_loss: 0.8808:  25%|██▍       | 2240/9000 
[00:59<02:58, 37.91it/s]
Epoch: 1, loss: 34.1749, recon: 33.0782, kld: 43.1688, type loss: -14.8742, pos loss: -8.8105,all df_loss: 0.8808:  25%|██▌       | 2256/9000 
[00:59<03:03, 36.71it/s]
Epoch: 1, loss: 31.1420, recon: 30.0158, kld: 39.7061, type loss: -13.0590, pos loss: -6.9775,all df_loss: 0.9276:  25%|██▌       | 2256/9000 
[00:59<03:03, 36.71it/s]
Epoch: 1, loss: 31.1420, recon: 30.0158, kld: 39.7061, type loss: -13.0590, pos loss: -6.9775,all df_loss: 0.9276:  25%|██▌       | 2272/9000 
[01:00<03:02, 36.85it/s]
Epoch: 1, loss: 31.1347, recon: 30.1602, kld: 38.7262, type loss: -13.0205, pos loss: -7.4508,all df_loss: 0.7809:  25%|██▌       | 2272/9000 
[01:00<03:02, 36.85it/s]
Epoch: 1, loss: 31.1347, recon: 30.1602, kld: 38.7262, type loss: -13.0205, pos loss: -7.4508,all df_loss: 0.7809:  25%|██▌       | 2288/9000 
[01:00<02:57, 37.76it/s]
Epoch: 1, loss: 29.6072, recon: 28.6042, kld: 40.9881, type loss: -12.7972, pos loss: -6.4975,all df_loss: 0.7980:  25%|██▌       | 2288/9000 
[01:00<02:57, 37.76it/s]
Epoch: 1, loss: 29.6072, recon: 28.6042, kld: 40.9881, type loss: -12.7972, pos loss: -6.4975,all df_loss: 0.7980:  26%|██▌       | 2304/9000 
[01:00<02:57, 37.80it/s]
Epoch: 1, loss: 30.0052, recon: 29.0260, kld: 36.1502, type loss: -12.5296, pos loss: -6.9239,all df_loss: 0.7984:  26%|██▌       | 2304/9000 
[01:01<02:57, 37.80it/s]
Epoch: 1, loss: 30.0052, recon: 29.0260, kld: 36.1502, type loss: -12.5296, pos loss: -6.9239,all df_loss: 0.7984:  26%|██▌       | 2320/9000 
[01:01<02:57, 37.61it/s]
Epoch: 1, loss: 31.7084, recon: 30.5782, kld: 41.9926, type loss: -13.6377, pos loss: -7.7130,all df_loss: 0.9202:  26%|██▌       | 2320/9000 
[01:01<02:57, 37.61it/s]
Epoch: 1, loss: 31.7084, recon: 30.5782, kld: 41.9926, type loss: -13.6377, pos loss: -7.7130,all df_loss: 0.9202:  26%|██▌       | 2336/9000 
[01:01<02:59, 37.07it/s]
Epoch: 1, loss: 30.0030, recon: 28.9521, kld: 41.2296, type loss: -12.8639, pos loss: -7.0797,all df_loss: 0.8447:  26%|██▌       | 2336/9000 
[01:02<02:59, 37.07it/s]
Epoch: 1, loss: 30.0030, recon: 28.9521, kld: 41.2296, type loss: -12.8639, pos loss: -7.0797,all df_loss: 0.8447:  26%|██▌       | 2352/9000 
[01:02<03:10, 34.96it/s]
Epoch: 1, loss: 29.6545, recon: 28.8339, kld: 34.9493, type loss: -12.4446, pos loss: -6.8142,all df_loss: 0.6459:  26%|██▌       | 2352/9000 
[01:02<03:10, 34.96it/s]
Epoch: 1, loss: 29.6545, recon: 28.8339, kld: 34.9493, type loss: -12.4446, pos loss: -6.8142,all df_loss: 0.6459:  26%|██▋       | 2368/9000 
[01:02<03:05, 35.79it/s]
Epoch: 1, loss: 27.4220, recon: 26.3643, kld: 35.3290, type loss: -11.5010, pos loss: -5.8899,all df_loss: 0.8811:  26%|██▋       | 2368/9000 
[01:02<03:05, 35.79it/s]
Epoch: 1, loss: 27.4220, recon: 26.3643, kld: 35.3290, type loss: -11.5010, pos loss: -5.8899,all df_loss: 0.8811:  26%|██▋       | 2384/9000 
[01:03<03:02, 36.16it/s]
Epoch: 1, loss: 26.3558, recon: 25.3336, kld: 35.4426, type loss: -10.7264, pos loss: -6.1112,all df_loss: 0.8450:  26%|██▋       | 2384/9000 
[01:03<03:02, 36.16it/s]
Epoch: 1, loss: 26.3558, recon: 25.3336, kld: 35.4426, type loss: -10.7264, pos loss: -6.1112,all df_loss: 0.8450:  27%|██▋       | 2400/9000 
[01:03<02:57, 37.18it/s]
Epoch: 1, loss: 30.7833, recon: 29.7588, kld: 39.9825, type loss: -12.8924, pos loss: -7.0481,all df_loss: 0.8246:  27%|██▋       | 2400/9000 
[01:03<02:57, 37.18it/s]
Epoch: 1, loss: 30.7833, recon: 29.7588, kld: 39.9825, type loss: -12.8924, pos loss: -7.0481,all df_loss: 0.8246:  27%|██▋       | 2416/9000 
[01:04<02:58, 36.98it/s]
Epoch: 1, loss: 28.6556, recon: 27.7560, kld: 45.5362, type loss: -12.6419, pos loss: -6.8734,all df_loss: 0.6719:  27%|██▋       | 2416/9000 
[01:04<02:58, 36.98it/s]
Epoch: 1, loss: 28.6556, recon: 27.7560, kld: 45.5362, type loss: -12.6419, pos loss: -6.8734,all df_loss: 0.6719:  27%|██▋       | 2432/9000 
[01:04<03:12, 34.04it/s]
Epoch: 1, loss: 29.3421, recon: 28.3561, kld: 44.1847, type loss: -12.6196, pos loss: -6.3673,all df_loss: 0.7651:  27%|██▋       | 2432/9000 
[01:04<03:12, 34.04it/s]
Epoch: 1, loss: 29.3421, recon: 28.3561, kld: 44.1847, type loss: -12.6196, pos loss: -6.3673,all df_loss: 0.7651:  27%|██▋       | 2448/9000 
[01:05<03:13, 33.80it/s]
Epoch: 1, loss: 30.9876, recon: 29.8658, kld: 50.6630, type loss: -13.5289, pos loss: -7.1862,all df_loss: 0.8684:  27%|██▋       | 2448/9000 
[01:05<03:13, 33.80it/s]
Epoch: 1, loss: 30.9876, recon: 29.8658, kld: 50.6630, type loss: -13.5289, pos loss: -7.1862,all df_loss: 0.8684:  27%|██▋       | 2464/9000 
[01:05<03:17, 33.11it/s]
Epoch: 1, loss: 30.6227, recon: 29.5738, kld: 46.9052, type loss: -13.1101, pos loss: -7.1966,all df_loss: 0.8143:  27%|██▋       | 2464/9000 
[01:05<03:17, 33.11it/s]
Epoch: 1, loss: 30.6227, recon: 29.5738, kld: 46.9052, type loss: -13.1101, pos loss: -7.1966,all df_loss: 0.8143:  28%|██▊       | 2480/9000 
[01:05<03:08, 34.50it/s]
Epoch: 1, loss: 30.0721, recon: 29.1591, kld: 28.8889, type loss: -13.0933, pos loss: -6.8290,all df_loss: 0.7686:  28%|██▊       | 2480/9000 
[01:06<03:08, 34.50it/s]
Epoch: 1, loss: 30.0721, recon: 29.1591, kld: 28.8889, type loss: -13.0933, pos loss: -6.8290,all df_loss: 0.7686:  28%|██▊       | 2496/9000 
[01:06<03:07, 34.70it/s]
Epoch: 1, loss: 29.5824, recon: 28.7482, kld: 41.8676, type loss: -13.2052, pos loss: -6.7183,all df_loss: 0.6248:  28%|██▊       | 2496/9000 
[01:06<03:07, 34.70it/s]
Epoch: 1, loss: 29.5824, recon: 28.7482, kld: 41.8676, type loss: -13.2052, pos loss: -6.7183,all df_loss: 0.6248:  28%|██▊       | 2512/9000 
[01:06<03:05, 35.02it/s]
Epoch: 1, loss: 27.8340, recon: 26.6368, kld: 49.2509, type loss: -11.8321, pos loss: -6.3302,all df_loss: 0.9509:  28%|██▊       | 2512/9000 
[01:07<03:05, 35.02it/s]
Epoch: 1, loss: 27.8340, recon: 26.6368, kld: 49.2509, type loss: -11.8321, pos loss: -6.3302,all df_loss: 0.9509:  28%|██▊       | 2528/9000 
[01:07<03:04, 35.07it/s]
Epoch: 1, loss: 28.8982, recon: 28.0634, kld: 39.5117, type loss: -12.2527, pos loss: -6.8904,all df_loss: 0.6372:  28%|██▊       | 2528/9000 
[01:07<03:04, 35.07it/s]
Epoch: 1, loss: 28.8982, recon: 28.0634, kld: 39.5117, type loss: -12.2527, pos loss: -6.8904,all df_loss: 0.6372:  28%|██▊       | 2544/9000 
[01:07<02:58, 36.13it/s]
Epoch: 1, loss: 29.4762, recon: 28.4307, kld: 39.3881, type loss: -12.9658, pos loss: -6.8175,all df_loss: 0.8486:  28%|██▊       | 2544/9000 
[01:07<02:58, 36.13it/s]
Epoch: 1, loss: 29.4762, recon: 28.4307, kld: 39.3881, type loss: -12.9658, pos loss: -6.8175,all df_loss: 0.8486:  28%|██▊       | 2560/9000 
[01:08<02:54, 36.83it/s]
Epoch: 1, loss: 27.3978, recon: 26.3902, kld: 41.0235, type loss: -11.9031, pos loss: -6.3060,all df_loss: 0.8024:  28%|██▊       | 2560/9000 
[01:08<02:54, 36.83it/s]
Epoch: 1, loss: 27.3978, recon: 26.3902, kld: 41.0235, type loss: -11.9031, pos loss: -6.3060,all df_loss: 0.8024:  29%|██▊       | 2576/9000 
[01:08<02:52, 37.15it/s]
Epoch: 1, loss: 28.9191, recon: 27.8969, kld: 44.6356, type loss: -12.6319, pos loss: -6.4862,all df_loss: 0.7990:  29%|██▊       | 2576/9000 
[01:08<02:52, 37.15it/s]
Epoch: 1, loss: 28.9191, recon: 27.8969, kld: 44.6356, type loss: -12.6319, pos loss: -6.4862,all df_loss: 0.7990:  29%|██▉       | 2592/9000 
[01:09<02:51, 37.35it/s]
Epoch: 1, loss: 28.0690, recon: 27.0887, kld: 38.9981, type loss: -12.1059, pos loss: -6.1152,all df_loss: 0.7853:  29%|██▉       | 2592/9000 
[01:09<02:51, 37.35it/s]
Epoch: 1, loss: 28.0690, recon: 27.0887, kld: 38.9981, type loss: -12.1059, pos loss: -6.1152,all df_loss: 0.7853:  29%|██▉       | 2608/9000 
[01:09<02:51, 37.17it/s]
Epoch: 1, loss: 30.0596, recon: 28.9271, kld: 48.4027, type loss: -13.3647, pos loss: -6.7836,all df_loss: 0.8904:  29%|██▉       | 2608/9000 
[01:09<02:51, 37.17it/s]
Epoch: 1, loss: 30.0596, recon: 28.9271, kld: 48.4027, type loss: -13.3647, pos loss: -6.7836,all df_loss: 0.8904:  29%|██▉       | 2624/9000 
[01:09<02:51, 37.19it/s]
Epoch: 1, loss: 27.7439, recon: 26.8480, kld: 37.7070, type loss: -12.3366, pos loss: -6.0694,all df_loss: 0.7074:  29%|██▉       | 2624/9000 
[01:10<02:51, 37.19it/s]
Epoch: 1, loss: 27.7439, recon: 26.8480, kld: 37.7070, type loss: -12.3366, pos loss: -6.0694,all df_loss: 0.7074:  29%|██▉       | 2640/9000 
[01:10<02:49, 37.44it/s]
Epoch: 1, loss: 30.1436, recon: 29.1199, kld: 41.2157, type loss: -13.2374, pos loss: -7.1572,all df_loss: 0.8177:  29%|██▉       | 2640/9000 
[01:10<02:49, 37.44it/s]
Epoch: 1, loss: 30.1436, recon: 29.1199, kld: 41.2157, type loss: -13.2374, pos loss: -7.1572,all df_loss: 0.8177:  30%|██▉       | 2656/9000 
[01:10<02:50, 37.24it/s]
Epoch: 1, loss: 28.5077, recon: 27.5515, kld: 44.2628, type loss: -12.7392, pos loss: -6.4897,all df_loss: 0.7349:  30%|██▉       | 2656/9000 
[01:10<02:50, 37.24it/s]
Epoch: 1, loss: 28.5077, recon: 27.5515, kld: 44.2628, type loss: -12.7392, pos loss: -6.4897,all df_loss: 0.7349:  30%|██▉       | 2672/9000 
[01:11<02:47, 37.71it/s]
Epoch: 1, loss: 29.8653, recon: 28.8433, kld: 49.7582, type loss: -13.5131, pos loss: -7.4828,all df_loss: 0.7731:  30%|██▉       | 2672/9000 
[01:11<02:47, 37.71it/s]
Epoch: 1, loss: 29.8653, recon: 28.8433, kld: 49.7582, type loss: -13.5131, pos loss: -7.4828,all df_loss: 0.7731:  30%|██▉       | 2688/9000 
[01:11<02:47, 37.75it/s]
Epoch: 1, loss: 29.3407, recon: 28.3029, kld: 47.2577, type loss: -12.8977, pos loss: -7.2682,all df_loss: 0.8015:  30%|██▉       | 2688/9000 
[01:11<02:47, 37.75it/s]
Epoch: 1, loss: 29.3407, recon: 28.3029, kld: 47.2577, type loss: -12.8977, pos loss: -7.2682,all df_loss: 0.8015:  30%|███       | 2704/9000 
[01:11<02:44, 38.37it/s]
Epoch: 1, loss: 29.0395, recon: 28.0259, kld: 43.0652, type loss: -13.2215, pos loss: -6.4754,all df_loss: 0.7983:  30%|███       | 2704/9000 
[01:12<02:44, 38.37it/s]
Epoch: 1, loss: 29.0395, recon: 28.0259, kld: 43.0652, type loss: -13.2215, pos loss: -6.4754,all df_loss: 0.7983:  30%|███       | 2720/9000 
[01:12<02:43, 38.44it/s]
Epoch: 1, loss: 26.6394, recon: 25.5944, kld: 47.9465, type loss: -11.9308, pos loss: -5.6923,all df_loss: 0.8052:  30%|███       | 2720/9000 
[01:12<02:43, 38.44it/s]
Epoch: 1, loss: 26.6394, recon: 25.5944, kld: 47.9465, type loss: -11.9308, pos loss: -5.6923,all df_loss: 0.8052:  30%|███       | 2736/9000 
[01:12<02:43, 38.38it/s]
Epoch: 1, loss: 29.1508, recon: 28.1898, kld: 46.7394, type loss: -13.3194, pos loss: -6.8659,all df_loss: 0.7273:  30%|███       | 2736/9000 
[01:13<02:43, 38.38it/s]
Epoch: 1, loss: 29.1508, recon: 28.1898, kld: 46.7394, type loss: -13.3194, pos loss: -6.8659,all df_loss: 0.7273:  31%|███       | 2752/9000 
[01:13<02:42, 38.45it/s]
Epoch: 1, loss: 31.0767, recon: 30.1282, kld: 44.7657, type loss: -13.6528, pos loss: -7.5779,all df_loss: 0.7247:  31%|███       | 2752/9000 
[01:13<02:42, 38.45it/s]
Epoch: 1, loss: 31.0767, recon: 30.1282, kld: 44.7657, type loss: -13.6528, pos loss: -7.5779,all df_loss: 0.7247:  31%|███       | 2768/9000 
[01:13<02:44, 37.78it/s]
Epoch: 1, loss: 30.1125, recon: 29.1958, kld: 39.9169, type loss: -13.5249, pos loss: -7.2312,all df_loss: 0.7172:  31%|███       | 2768/9000 
[01:13<02:44, 37.78it/s]
Epoch: 1, loss: 30.1125, recon: 29.1958, kld: 39.9169, type loss: -13.5249, pos loss: -7.2312,all df_loss: 0.7172:  31%|███       | 2784/9000 
[01:14<02:43, 38.07it/s]
Epoch: 1, loss: 27.9751, recon: 26.9695, kld: 42.0470, type loss: -12.6059, pos loss: -6.2198,all df_loss: 0.7954:  31%|███       | 2784/9000 
[01:14<02:43, 38.07it/s]
Epoch: 1, loss: 27.9751, recon: 26.9695, kld: 42.0470, type loss: -12.6059, pos loss: -6.2198,all df_loss: 0.7954:  31%|███       | 2800/9000 
[01:14<02:41, 38.42it/s]
Epoch: 1, loss: 28.2873, recon: 27.3018, kld: 44.2372, type loss: -12.5277, pos loss: -6.1183,all df_loss: 0.7642:  31%|███       | 2800/9000 
[01:14<02:41, 38.42it/s]
Epoch: 1, loss: 28.2873, recon: 27.3018, kld: 44.2372, type loss: -12.5277, pos loss: -6.1183,all df_loss: 0.7642:  31%|███▏      | 2816/9000 
[01:14<02:40, 38.64it/s]
Epoch: 1, loss: 24.5403, recon: 23.7582, kld: 36.3684, type loss: -10.8982, pos loss: -5.8166,all df_loss: 0.6003:  31%|███▏      | 2816/9000 
[01:15<02:40, 38.64it/s]
Epoch: 1, loss: 24.5403, recon: 23.7582, kld: 36.3684, type loss: -10.8982, pos loss: -5.8166,all df_loss: 0.6003:  31%|███▏      | 2832/9000 
[01:15<02:33, 40.24it/s]
Epoch: 1, loss: 28.6035, recon: 27.6075, kld: 46.3587, type loss: -12.5974, pos loss: -6.6730,all df_loss: 0.7641:  31%|███▏      | 2832/9000 
[01:15<02:33, 40.24it/s]
Epoch: 1, loss: 28.6035, recon: 27.6075, kld: 46.3587, type loss: -12.5974, pos loss: -6.6730,all df_loss: 0.7641:  32%|███▏      | 2848/9000 
[01:15<02:33, 40.03it/s]
Epoch: 1, loss: 30.6024, recon: 29.6127, kld: 43.0034, type loss: -14.0634, pos loss: -7.5474,all df_loss: 0.7746:  32%|███▏      | 2848/9000 
[01:15<02:33, 40.03it/s]
Epoch: 1, loss: 30.6024, recon: 29.6127, kld: 43.0034, type loss: -14.0634, pos loss: -7.5474,all df_loss: 0.7746:  32%|███▏      | 2864/9000 
[01:16<02:32, 40.17it/s]
Epoch: 1, loss: 28.2540, recon: 27.2123, kld: 50.2855, type loss: -13.0675, pos loss: -6.5295,all df_loss: 0.7903:  32%|███▏      | 2864/9000 
[01:16<02:32, 40.17it/s]
Epoch: 1, loss: 28.2540, recon: 27.2123, kld: 50.2855, type loss: -13.0675, pos loss: -6.5295,all df_loss: 0.7903:  32%|███▏      | 2880/9000 
[01:16<02:32, 40.26it/s]
Epoch: 1, loss: 27.8408, recon: 27.0338, kld: 34.3980, type loss: -12.5356, pos loss: -6.4528,all df_loss: 0.6350:  32%|███▏      | 2880/9000 
[01:16<02:32, 40.26it/s]
Epoch: 1, loss: 27.8408, recon: 27.0338, kld: 34.3980, type loss: -12.5356, pos loss: -6.4528,all df_loss: 0.6350:  32%|███▏      | 2896/9000 
[01:16<02:32, 39.97it/s]
Epoch: 1, loss: 26.9995, recon: 26.0744, kld: 41.8705, type loss: -12.3668, pos loss: -5.8088,all df_loss: 0.7157:  32%|███▏      | 2896/9000 
[01:17<02:32, 39.97it/s]
Epoch: 1, loss: 26.9995, recon: 26.0744, kld: 41.8705, type loss: -12.3668, pos loss: -5.8088,all df_loss: 0.7157:  32%|███▏      | 2912/9000 
[01:17<02:32, 39.89it/s]
Epoch: 1, loss: 26.9506, recon: 26.0261, kld: 37.5051, type loss: -12.2565, pos loss: -6.5737,all df_loss: 0.7370:  32%|███▏      | 2912/9000 
[01:17<02:32, 39.89it/s]
Epoch: 1, loss: 26.9506, recon: 26.0261, kld: 37.5051, type loss: -12.2565, pos loss: -6.5737,all df_loss: 0.7370:  33%|███▎      | 2928/9000 
[01:17<02:35, 38.95it/s]
Epoch: 1, loss: 27.3785, recon: 26.3878, kld: 45.0121, type loss: -12.7895, pos loss: -6.4332,all df_loss: 0.7656:  33%|███▎      | 2928/9000 
[01:17<02:35, 38.95it/s]
Epoch: 1, loss: 27.3785, recon: 26.3878, kld: 45.0121, type loss: -12.7895, pos loss: -6.4332,all df_loss: 0.7656:  33%|███▎      | 2944/9000 
[01:18<02:36, 38.71it/s]
Epoch: 1, loss: 29.0713, recon: 27.9832, kld: 46.2516, type loss: -13.5618, pos loss: -6.6771,all df_loss: 0.8568:  33%|███▎      | 2944/9000 
[01:18<02:36, 38.71it/s]
Epoch: 1, loss: 29.0713, recon: 27.9832, kld: 46.2516, type loss: -13.5618, pos loss: -6.6771,all df_loss: 0.8568:  33%|███▎      | 2960/9000 
[01:18<02:39, 37.76it/s]
Epoch: 1, loss: 25.1600, recon: 24.2542, kld: 40.0779, type loss: -11.0791, pos loss: -5.7964,all df_loss: 0.7054:  33%|███▎      | 2960/9000 
[01:18<02:39, 37.76it/s]
Epoch: 1, loss: 25.1600, recon: 24.2542, kld: 40.0779, type loss: -11.0791, pos loss: -5.7964,all df_loss: 0.7054:  33%|███▎      | 2976/9000 
[01:18<02:35, 38.71it/s]
Epoch: 1, loss: 26.0591, recon: 25.3370, kld: 35.1250, type loss: -11.6952, pos loss: -6.2278,all df_loss: 0.5464:  33%|███▎      | 2976/9000 
[01:19<02:35, 38.71it/s]
Epoch: 1, loss: 26.0591, recon: 25.3370, kld: 35.1250, type loss: -11.6952, pos loss: -6.2278,all df_loss: 0.5464:  33%|███▎      | 2992/9000 
[01:19<02:32, 39.31it/s]
Epoch: 1, loss: 30.3248, recon: 28.9829, kld: 72.9614, type loss: -13.7300, pos loss: -7.1680,all df_loss: 0.9771:  33%|███▎      | 2992/9000 
[01:19<02:32, 39.31it/s]
Epoch: 1, loss: 30.3248, recon: 28.9829, kld: 72.9614, type loss: -13.7300, pos loss: -7.1680,all df_loss: 0.9771:  33%|███▎      | 3008/9000 
[01:19<02:36, 38.23it/s]
Epoch: 1, loss: 27.7065, recon: 26.7361, kld: 44.3428, type loss: -12.5712, pos loss: -6.9215,all df_loss: 0.7487:  33%|███▎      | 3008/9000 
[01:19<02:36, 38.23it/s]
Epoch: 1, loss: 27.7065, recon: 26.7361, kld: 44.3428, type loss: -12.5712, pos loss: -6.9215,all df_loss: 0.7487:  34%|███▎      | 3024/9000 
[01:20<02:33, 38.86it/s]
Epoch: 1, loss: 27.4541, recon: 26.4693, kld: 50.9434, type loss: -13.4182, pos loss: -6.3445,all df_loss: 0.7301:  34%|███▎      | 3024/9000 
[01:20<02:33, 38.86it/s]
Epoch: 1, loss: 27.4541, recon: 26.4693, kld: 50.9434, type loss: -13.4182, pos loss: -6.3445,all df_loss: 0.7301:  34%|███▍      | 3040/9000 
[01:20<02:35, 38.44it/s]
Epoch: 1, loss: 26.3381, recon: 25.5401, kld: 39.1220, type loss: -12.0702, pos loss: -6.2236,all df_loss: 0.6024:  34%|███▍      | 3040/9000 
[01:20<02:35, 38.44it/s]
Epoch: 1, loss: 26.3381, recon: 25.5401, kld: 39.1220, type loss: -12.0702, pos loss: -6.2236,all df_loss: 0.6024:  34%|███▍      | 3056/9000 
[01:21<02:35, 38.16it/s]
Epoch: 1, loss: 26.5415, recon: 25.5844, kld: 40.2531, type loss: -13.0669, pos loss: -6.0161,all df_loss: 0.7559:  34%|███▍      | 3056/9000 
[01:21<02:35, 38.16it/s]
Epoch: 1, loss: 26.5415, recon: 25.5844, kld: 40.2531, type loss: -13.0669, pos loss: -6.0161,all df_loss: 0.7559:  34%|███▍      | 3072/9000 
[01:21<02:36, 37.97it/s]
Epoch: 1, loss: 27.8723, recon: 27.0448, kld: 33.9633, type loss: -12.8185, pos loss: -6.6540,all df_loss: 0.6577:  34%|███▍      | 3072/9000 
[01:21<02:36, 37.97it/s]
Epoch: 1, loss: 27.8723, recon: 27.0448, kld: 33.9633, type loss: -12.8185, pos loss: -6.6540,all df_loss: 0.6577:  34%|███▍      | 3088/9000 
[01:21<02:37, 37.43it/s]
Epoch: 1, loss: 30.1079, recon: 29.1470, kld: 44.7534, type loss: -13.6072, pos loss: -7.1270,all df_loss: 0.7372:  34%|███▍      | 3088/9000 
[01:22<02:37, 37.43it/s]
Epoch: 1, loss: 30.1079, recon: 29.1470, kld: 44.7534, type loss: -13.6072, pos loss: -7.1270,all df_loss: 0.7372:  34%|███▍      | 3104/9000 
[01:22<02:39, 36.91it/s]
Epoch: 1, loss: 28.7371, recon: 27.7120, kld: 43.2088, type loss: -13.2409, pos loss: -6.8200,all df_loss: 0.8091:  34%|███▍      | 3104/9000 
[01:22<02:39, 36.91it/s]
Epoch: 1, loss: 28.7371, recon: 27.7120, kld: 43.2088, type loss: -13.2409, pos loss: -6.8200,all df_loss: 0.8091:  35%|███▍      | 3120/9000 
[01:22<02:42, 36.27it/s]
Epoch: 1, loss: 27.1866, recon: 26.2570, kld: 41.2059, type loss: -13.0001, pos loss: -6.7238,all df_loss: 0.7235:  35%|███▍      | 3120/9000 
[01:23<02:42, 36.27it/s]
Epoch: 1, loss: 27.1866, recon: 26.2570, kld: 41.2059, type loss: -13.0001, pos loss: -6.7238,all df_loss: 0.7235:  35%|███▍      | 3136/9000 
[01:23<02:41, 36.30it/s]
Epoch: 1, loss: 28.6306, recon: 27.6283, kld: 43.0385, type loss: -13.3676, pos loss: -6.8713,all df_loss: 0.7870:  35%|███▍      | 3136/9000 
[01:23<02:41, 36.30it/s]
Epoch: 1, loss: 28.6306, recon: 27.6283, kld: 43.0385, type loss: -13.3676, pos loss: -6.8713,all df_loss: 0.7870:  35%|███▌      | 3152/9000 
[01:23<02:41, 36.16it/s]
Epoch: 1, loss: 27.0050, recon: 26.1423, kld: 38.3693, type loss: -12.1398, pos loss: -6.3532,all df_loss: 0.6709:  35%|███▌      | 3152/9000 
[01:23<02:41, 36.16it/s]
Epoch: 1, loss: 27.0050, recon: 26.1423, kld: 38.3693, type loss: -12.1398, pos loss: -6.3532,all df_loss: 0.6709:  35%|███▌      | 3168/9000 
[01:24<02:41, 36.04it/s]
Epoch: 1, loss: 24.6921, recon: 23.7082, kld: 47.4583, type loss: -11.6323, pos loss: -5.3211,all df_loss: 0.7466:  35%|███▌      | 3168/9000 
[01:24<02:41, 36.04it/s]
Epoch: 1, loss: 24.6921, recon: 23.7082, kld: 47.4583, type loss: -11.6323, pos loss: -5.3211,all df_loss: 0.7466:  35%|███▌      | 3184/9000 
[01:24<02:39, 36.37it/s]
Epoch: 1, loss: 26.0964, recon: 25.1974, kld: 40.6427, type loss: -12.3294, pos loss: -6.2949,all df_loss: 0.6958:  35%|███▌      | 3184/9000 
[01:24<02:39, 36.37it/s]
Epoch: 1, loss: 26.0964, recon: 25.1974, kld: 40.6427, type loss: -12.3294, pos loss: -6.2949,all df_loss: 0.6958:  36%|███▌      | 3200/9000 
[01:25<02:39, 36.36it/s]
Epoch: 1, loss: 28.6582, recon: 27.6731, kld: 50.1678, type loss: -13.4164, pos loss: -6.7168,all df_loss: 0.7342:  36%|███▌      | 3200/9000 
[01:25<02:39, 36.36it/s]
Epoch: 1, loss: 28.6582, recon: 27.6731, kld: 50.1678, type loss: -13.4164, pos loss: -6.7168,all df_loss: 0.7342:  36%|███▌      | 3216/9000 
[01:25<02:39, 36.32it/s]
Epoch: 1, loss: 25.4183, recon: 24.4582, kld: 48.7818, type loss: -11.6116, pos loss: -6.0955,all df_loss: 0.7162:  36%|███▌      | 3216/9000 
[01:25<02:39, 36.32it/s]
Epoch: 1, loss: 25.4183, recon: 24.4582, kld: 48.7818, type loss: -11.6116, pos loss: -6.0955,all df_loss: 0.7162:  36%|███▌      | 3232/9000 
[01:25<02:36, 36.96it/s]
Epoch: 1, loss: 25.8018, recon: 25.0030, kld: 41.2465, type loss: -11.8789, pos loss: -5.7250,all df_loss: 0.5926:  36%|███▌      | 3232/9000 
[01:26<02:36, 36.96it/s]
Epoch: 1, loss: 25.8018, recon: 25.0030, kld: 41.2465, type loss: -11.8789, pos loss: -5.7250,all df_loss: 0.5926:  36%|███▌      | 3248/9000 
[01:26<02:30, 38.21it/s]
Epoch: 1, loss: 24.5947, recon: 23.6625, kld: 48.1998, type loss: -11.6374, pos loss: -5.5033,all df_loss: 0.6912:  36%|███▌      | 3248/9000 
[01:26<02:30, 38.21it/s]
Epoch: 1, loss: 24.5947, recon: 23.6625, kld: 48.1998, type loss: -11.6374, pos loss: -5.5033,all df_loss: 0.6912:  36%|███▋      | 3264/9000 
[01:26<02:30, 38.14it/s]
Epoch: 1, loss: 27.8834, recon: 26.8054, kld: 45.8746, type loss: -13.4198, pos loss: -6.4452,all df_loss: 0.8487:  36%|███▋      | 3264/9000 
[01:26<02:30, 38.14it/s]
Epoch: 1, loss: 27.8834, recon: 26.8054, kld: 45.8746, type loss: -13.4198, pos loss: -6.4452,all df_loss: 0.8487:  36%|███▋      | 3280/9000 
[01:27<02:32, 37.54it/s]
Epoch: 1, loss: 24.3498, recon: 23.4527, kld: 51.2972, type loss: -11.6346, pos loss: -5.8227,all df_loss: 0.6406:  36%|███▋      | 3280/9000 
[01:27<02:32, 37.54it/s]
Epoch: 1, loss: 24.3498, recon: 23.4527, kld: 51.2972, type loss: -11.6346, pos loss: -5.8227,all df_loss: 0.6406:  37%|███▋      | 3296/9000 
[01:27<02:31, 37.62it/s]
Epoch: 1, loss: 27.5174, recon: 26.5910, kld: 40.6435, type loss: -13.1465, pos loss: -6.3170,all df_loss: 0.7232:  37%|███▋      | 3296/9000 
[01:27<02:31, 37.62it/s]
Epoch: 1, loss: 27.5174, recon: 26.5910, kld: 40.6435, type loss: -13.1465, pos loss: -6.3170,all df_loss: 0.7232:  37%|███▋      | 3312/9000 
[01:27<02:33, 36.96it/s]
Epoch: 1, loss: 25.9107, recon: 24.7447, kld: 62.7118, type loss: -12.4968, pos loss: -6.3133,all df_loss: 0.8525:  37%|███▋      | 3312/9000 
[01:28<02:33, 36.96it/s]
Epoch: 1, loss: 25.9107, recon: 24.7447, kld: 62.7118, type loss: -12.4968, pos loss: -6.3133,all df_loss: 0.8525:  37%|███▋      | 3328/9000 
[01:28<02:32, 37.14it/s]
Epoch: 1, loss: 25.0902, recon: 24.0648, kld: 46.9277, type loss: -11.9462, pos loss: -5.9817,all df_loss: 0.7908:  37%|███▋      | 3328/9000 
[01:28<02:32, 37.14it/s]
Epoch: 1, loss: 25.0902, recon: 24.0648, kld: 46.9277, type loss: -11.9462, pos loss: -5.9817,all df_loss: 0.7908:  37%|███▋      | 3344/9000 
[01:28<02:31, 37.31it/s]
Epoch: 1, loss: 27.8153, recon: 26.7931, kld: 49.5690, type loss: -12.9754, pos loss: -6.4068,all df_loss: 0.7743:  37%|███▋      | 3344/9000 
[01:29<02:31, 37.31it/s]
Epoch: 1, loss: 27.8153, recon: 26.7931, kld: 49.5690, type loss: -12.9754, pos loss: -6.4068,all df_loss: 0.7743:  37%|███▋      | 3360/9000 
[01:29<02:33, 36.77it/s]
Epoch: 1, loss: 25.1366, recon: 24.2975, kld: 44.0673, type loss: -11.8660, pos loss: -5.6525,all df_loss: 0.6188:  37%|███▋      | 3360/9000 
[01:29<02:33, 36.77it/s]
Epoch: 1, loss: 25.1366, recon: 24.2975, kld: 44.0673, type loss: -11.8660, pos loss: -5.6525,all df_loss: 0.6188:  38%|███▊      | 3376/9000 
[01:29<02:31, 37.22it/s]
Epoch: 1, loss: 29.7939, recon: 28.7872, kld: 46.9312, type loss: -14.3007, pos loss: -6.9507,all df_loss: 0.7720:  38%|███▊      | 3376/9000 
[01:29<02:31, 37.22it/s]
Epoch: 1, loss: 29.7939, recon: 28.7872, kld: 46.9312, type loss: -14.3007, pos loss: -6.9507,all df_loss: 0.7720:  38%|███▊      | 3392/9000 
[01:30<02:33, 36.45it/s]
Epoch: 1, loss: 26.8151, recon: 25.8710, kld: 49.0834, type loss: -12.7959, pos loss: -6.6752,all df_loss: 0.6987:  38%|███▊      | 3392/9000 
[01:30<02:33, 36.45it/s]
Epoch: 1, loss: 26.8151, recon: 25.8710, kld: 49.0834, type loss: -12.7959, pos loss: -6.6752,all df_loss: 0.6987:  38%|███▊      | 3408/9000 
[01:30<02:30, 37.21it/s]
Epoch: 1, loss: 27.2025, recon: 26.1267, kld: 51.8827, type loss: -12.8300, pos loss: -6.6835,all df_loss: 0.8164:  38%|███▊      | 3408/9000 
[01:30<02:30, 37.21it/s]
Epoch: 1, loss: 27.2025, recon: 26.1267, kld: 51.8827, type loss: -12.8300, pos loss: -6.6835,all df_loss: 0.8164:  38%|███▊      | 3424/9000 
[01:31<02:30, 36.96it/s]
Epoch: 1, loss: 27.1052, recon: 26.2001, kld: 38.5916, type loss: -13.0043, pos loss: -6.9349,all df_loss: 0.7122:  38%|███▊      | 3424/9000 
[01:31<02:30, 36.96it/s]
Epoch: 1, loss: 27.1052, recon: 26.2001, kld: 38.5916, type loss: -13.0043, pos loss: -6.9349,all df_loss: 0.7122:  38%|███▊      | 3440/9000 
[01:31<02:30, 36.85it/s]
Epoch: 1, loss: 29.4625, recon: 28.4034, kld: 62.5498, type loss: -14.3485, pos loss: -6.9128,all df_loss: 0.7464:  38%|███▊      | 3440/9000 
[01:31<02:30, 36.85it/s]
Epoch: 1, loss: 29.4625, recon: 28.4034, kld: 62.5498, type loss: -14.3485, pos loss: -6.9128,all df_loss: 0.7464:  38%|███▊      | 3456/9000 
[01:31<02:33, 36.12it/s]
Epoch: 1, loss: 25.8111, recon: 25.0805, kld: 38.8923, type loss: -11.5914, pos loss: -6.0456,all df_loss: 0.5362:  38%|███▊      | 3456/9000 
[01:32<02:33, 36.12it/s]
Epoch: 1, loss: 25.8111, recon: 25.0805, kld: 38.8923, type loss: -11.5914, pos loss: -6.0456,all df_loss: 0.5362:  39%|███▊      | 3472/9000 
[01:32<02:28, 37.13it/s]
Epoch: 1, loss: 24.1169, recon: 23.3374, kld: 38.6617, type loss: -11.7118, pos loss: -5.4787,all df_loss: 0.5861:  39%|███▊      | 3472/9000 
[01:32<02:28, 37.13it/s]
Epoch: 1, loss: 24.1169, recon: 23.3374, kld: 38.6617, type loss: -11.7118, pos loss: -5.4787,all df_loss: 0.5861:  39%|███▉      | 3488/9000 
[01:32<02:26, 37.64it/s]
Epoch: 1, loss: 27.2791, recon: 26.3734, kld: 43.0769, type loss: -13.2393, pos loss: -6.1132,all df_loss: 0.6904:  39%|███▉      | 3488/9000 
[01:32<02:26, 37.64it/s]
Epoch: 1, loss: 27.2791, recon: 26.3734, kld: 43.0769, type loss: -13.2393, pos loss: -6.1132,all df_loss: 0.6904:  39%|███▉      | 3504/9000 
[01:33<02:26, 37.47it/s]
Epoch: 1, loss: 26.1948, recon: 25.2850, kld: 48.6883, type loss: -12.4234, pos loss: -6.3030,all df_loss: 0.6664:  39%|███▉      | 3504/9000 
[01:33<02:26, 37.47it/s]
Epoch: 1, loss: 26.1948, recon: 25.2850, kld: 48.6883, type loss: -12.4234, pos loss: -6.3030,all df_loss: 0.6664:  39%|███▉      | 3520/9000 
[01:33<02:24, 37.81it/s]
Epoch: 1, loss: 25.0863, recon: 24.2592, kld: 38.8903, type loss: -11.9327, pos loss: -5.8764,all df_loss: 0.6327:  39%|███▉      | 3520/9000 
[01:33<02:24, 37.81it/s]
Epoch: 1, loss: 25.0863, recon: 24.2592, kld: 38.8903, type loss: -11.9327, pos loss: -5.8764,all df_loss: 0.6327:  39%|███▉      | 3536/9000 
[01:33<02:21, 38.55it/s]
Epoch: 1, loss: 24.9766, recon: 24.0473, kld: 35.2204, type loss: -11.8442, pos loss: -5.7286,all df_loss: 0.7532:  39%|███▉      | 3536/9000 
[01:34<02:21, 38.55it/s]
Epoch: 1, loss: 24.9766, recon: 24.0473, kld: 35.2204, type loss: -11.8442, pos loss: -5.7286,all df_loss: 0.7532:  39%|███▉      | 3552/9000 
[01:34<02:22, 38.34it/s]
Epoch: 1, loss: 24.1260, recon: 23.1767, kld: 49.3638, type loss: -11.3711, pos loss: -5.5405,all df_loss: 0.7025:  39%|███▉      | 3552/9000 
[01:34<02:22, 38.34it/s]
Epoch: 1, loss: 24.1260, recon: 23.1767, kld: 49.3638, type loss: -11.3711, pos loss: -5.5405,all df_loss: 0.7025:  40%|███▉      | 3568/9000 
[01:34<02:22, 38.21it/s]
Epoch: 1, loss: 24.9486, recon: 24.0789, kld: 53.8810, type loss: -12.0584, pos loss: -5.8926,all df_loss: 0.6003:  40%|███▉      | 3568/9000 
[01:35<02:22, 38.21it/s]
Epoch: 1, loss: 24.9486, recon: 24.0789, kld: 53.8810, type loss: -12.0584, pos loss: -5.8926,all df_loss: 0.6003:  40%|███▉      | 3584/9000 
[01:35<02:22, 37.88it/s]
Epoch: 1, loss: 27.0537, recon: 26.1249, kld: 47.7641, type loss: -12.9875, pos loss: -6.6621,all df_loss: 0.6899:  40%|███▉      | 3584/9000 
[01:35<02:22, 37.88it/s]
Epoch: 1, loss: 27.0537, recon: 26.1249, kld: 47.7641, type loss: -12.9875, pos loss: -6.6621,all df_loss: 0.6899:  40%|████      | 3600/9000 
[01:35<02:23, 37.73it/s]
Epoch: 1, loss: 26.1167, recon: 25.2858, kld: 40.5612, type loss: -12.2892, pos loss: -6.5341,all df_loss: 0.6281:  40%|████      | 3600/9000 
[01:35<02:23, 37.73it/s]
Epoch: 1, loss: 26.1167, recon: 25.2858, kld: 40.5612, type loss: -12.2892, pos loss: -6.5341,all df_loss: 0.6281:  40%|████      | 3616/9000 
[01:36<02:22, 37.69it/s]
Epoch: 1, loss: 23.8003, recon: 23.0426, kld: 42.5024, type loss: -11.2836, pos loss: -5.9067,all df_loss: 0.5452:  40%|████      | 3616/9000 
[01:36<02:22, 37.69it/s]
Epoch: 1, loss: 23.8003, recon: 23.0426, kld: 42.5024, type loss: -11.2836, pos loss: -5.9067,all df_loss: 0.5452:  40%|████      | 3632/9000 
[01:36<02:23, 37.50it/s]
Epoch: 1, loss: 27.0018, recon: 25.9778, kld: 45.6424, type loss: -13.1374, pos loss: -6.4047,all df_loss: 0.7958:  40%|████      | 3632/9000 
[01:36<02:23, 37.50it/s]
Epoch: 1, loss: 27.0018, recon: 25.9778, kld: 45.6424, type loss: -13.1374, pos loss: -6.4047,all df_loss: 0.7958:  41%|████      | 3648/9000 
[01:36<02:22, 37.67it/s]
Epoch: 1, loss: 24.3047, recon: 23.3866, kld: 56.4448, type loss: -11.3990, pos loss: -5.3941,all df_loss: 0.6358:  41%|████      | 3648/9000 
[01:37<02:22, 37.67it/s]
Epoch: 1, loss: 24.3047, recon: 23.3866, kld: 56.4448, type loss: -11.3990, pos loss: -5.3941,all df_loss: 0.6358:  41%|████      | 3664/9000 
[01:37<02:19, 38.32it/s]
Epoch: 1, loss: 30.1104, recon: 29.0421, kld: 54.8079, type loss: -14.2140, pos loss: -8.4421,all df_loss: 0.7942:  41%|████      | 3664/9000 
[01:37<02:19, 38.32it/s]
Epoch: 1, loss: 30.1104, recon: 29.0421, kld: 54.8079, type loss: -14.2140, pos loss: -8.4421,all df_loss: 0.7942:  41%|████      | 3680/9000 
[01:37<02:22, 37.36it/s]
Epoch: 1, loss: 23.6472, recon: 22.7424, kld: 54.2473, type loss: -11.6862, pos loss: -5.2612,all df_loss: 0.6335:  41%|████      | 3680/9000 
[01:38<02:22, 37.36it/s]
Epoch: 1, loss: 23.6472, recon: 22.7424, kld: 54.2473, type loss: -11.6862, pos loss: -5.2612,all df_loss: 0.6335:  41%|████      | 3696/9000 
[01:38<02:21, 37.48it/s]
Epoch: 1, loss: 25.7424, recon: 24.8223, kld: 48.4860, type loss: -12.1439, pos loss: -6.1952,all df_loss: 0.6777:  41%|████      | 3696/9000 
[01:38<02:21, 37.48it/s]
Epoch: 1, loss: 25.7424, recon: 24.8223, kld: 48.4860, type loss: -12.1439, pos loss: -6.1952,all df_loss: 0.6777:  41%|████      | 3712/9000 
[01:38<02:21, 37.47it/s]
Epoch: 1, loss: 24.5366, recon: 23.5862, kld: 56.6320, type loss: -12.0565, pos loss: -5.6193,all df_loss: 0.6672:  41%|████      | 3712/9000 
[01:38<02:21, 37.47it/s]
Epoch: 1, loss: 24.5366, recon: 23.5862, kld: 56.6320, type loss: -12.0565, pos loss: -5.6193,all df_loss: 0.6672:  41%|████▏     | 3728/9000 
[01:39<02:18, 38.13it/s]
Epoch: 1, loss: 26.4344, recon: 25.5086, kld: 47.8942, type loss: -12.9334, pos loss: -6.6301,all df_loss: 0.6864:  41%|████▏     | 3728/9000 
[01:39<02:18, 38.13it/s]
Epoch: 1, loss: 26.4344, recon: 25.5086, kld: 47.8942, type loss: -12.9334, pos loss: -6.6301,all df_loss: 0.6864:  42%|████▏     | 3744/9000 
[01:39<02:20, 37.52it/s]
Epoch: 1, loss: 24.2741, recon: 23.4053, kld: 44.6437, type loss: -11.9679, pos loss: -5.6274,all df_loss: 0.6456:  42%|████▏     | 3744/9000 
[01:39<02:20, 37.52it/s]
Epoch: 1, loss: 24.2741, recon: 23.4053, kld: 44.6437, type loss: -11.9679, pos loss: -5.6274,all df_loss: 0.6456:  42%|████▏     | 3760/9000 
[01:39<02:17, 37.98it/s]
Epoch: 1, loss: 25.2260, recon: 24.2062, kld: 52.6265, type loss: -12.4804, pos loss: -6.0498,all df_loss: 0.7566:  42%|████▏     | 3760/9000 
[01:40<02:17, 37.98it/s]
Epoch: 1, loss: 25.2260, recon: 24.2062, kld: 52.6265, type loss: -12.4804, pos loss: -6.0498,all df_loss: 0.7566:  42%|████▏     | 3776/9000 
[01:40<02:16, 38.29it/s]
Epoch: 1, loss: 29.0905, recon: 28.0506, kld: 55.6179, type loss: -13.9706, pos loss: -7.2524,all df_loss: 0.7618:  42%|████▏     | 3776/9000 
[01:40<02:16, 38.29it/s]
Epoch: 1, loss: 29.0905, recon: 28.0506, kld: 55.6179, type loss: -13.9706, pos loss: -7.2524,all df_loss: 0.7618:  42%|████▏     | 3792/9000 
[01:40<02:20, 37.12it/s]
Epoch: 1, loss: 25.9600, recon: 25.1374, kld: 47.9053, type loss: -12.6634, pos loss: -6.4220,all df_loss: 0.5831:  42%|████▏     | 3792/9000 
[01:40<02:20, 37.12it/s]
Epoch: 1, loss: 25.9600, recon: 25.1374, kld: 47.9053, type loss: -12.6634, pos loss: -6.4220,all df_loss: 0.5831:  42%|████▏     | 3808/9000 
[01:41<02:16, 38.17it/s]
Epoch: 1, loss: 22.4773, recon: 21.6126, kld: 41.8563, type loss: -10.7857, pos loss: -5.4022,all df_loss: 0.6554:  42%|████▏     | 3808/9000 
[01:41<02:16, 38.17it/s]
Epoch: 1, loss: 22.4773, recon: 21.6126, kld: 41.8563, type loss: -10.7857, pos loss: -5.4022,all df_loss: 0.6554:  42%|████▏     | 3824/9000 
[01:41<02:10, 39.69it/s]
Epoch: 1, loss: 24.8820, recon: 24.1137, kld: 44.6394, type loss: -12.1030, pos loss: -6.6774,all df_loss: 0.5451:  42%|████▏     | 3824/9000 
[01:41<02:10, 39.69it/s]
Epoch: 1, loss: 24.8820, recon: 24.1137, kld: 44.6394, type loss: -12.1030, pos loss: -6.6774,all df_loss: 0.5451:  43%|████▎     | 3840/9000 
[01:41<02:10, 39.53it/s]
Epoch: 1, loss: 27.0448, recon: 26.1387, kld: 43.4397, type loss: -12.6910, pos loss: -6.5164,all df_loss: 0.6889:  43%|████▎     | 3840/9000 
[01:42<02:10, 39.53it/s]
Epoch: 1, loss: 27.0448, recon: 26.1387, kld: 43.4397, type loss: -12.6910, pos loss: -6.5164,all df_loss: 0.6889:  43%|████▎     | 3856/9000 
[01:42<02:10, 39.56it/s]
Epoch: 1, loss: 23.6916, recon: 22.8948, kld: 44.9837, type loss: -11.6129, pos loss: -5.5593,all df_loss: 0.5719:  43%|████▎     | 3856/9000 
[01:42<02:10, 39.56it/s]
Epoch: 1, loss: 23.6916, recon: 22.8948, kld: 44.9837, type loss: -11.6129, pos loss: -5.5593,all df_loss: 0.5719:  43%|████▎     | 3872/9000 
[01:42<02:08, 39.85it/s]
Epoch: 1, loss: 26.6921, recon: 25.8087, kld: 58.8617, type loss: -13.4757, pos loss: -6.2291,all df_loss: 0.5892:  43%|████▎     | 3872/9000 
[01:42<02:08, 39.85it/s]
Epoch: 1, loss: 26.6921, recon: 25.8087, kld: 58.8617, type loss: -13.4757, pos loss: -6.2291,all df_loss: 0.5892:  43%|████▎     | 3888/9000 
[01:43<02:08, 39.74it/s]
Epoch: 1, loss: 24.0979, recon: 23.2271, kld: 49.0193, type loss: -12.2633, pos loss: -5.5219,all df_loss: 0.6257:  43%|████▎     | 3888/9000 
[01:43<02:08, 39.74it/s]
Epoch: 1, loss: 24.0979, recon: 23.2271, kld: 49.0193, type loss: -12.2633, pos loss: -5.5219,all df_loss: 0.6257:  43%|████▎     | 3904/9000 
[01:43<02:08, 39.56it/s]
Epoch: 1, loss: 26.0186, recon: 25.0406, kld: 49.6285, type loss: -12.6548, pos loss: -6.3946,all df_loss: 0.7298:  43%|████▎     | 3904/9000 
[01:43<02:08, 39.56it/s]
Epoch: 1, loss: 26.0186, recon: 25.0406, kld: 49.6285, type loss: -12.6548, pos loss: -6.3946,all df_loss: 0.7298:  44%|████▎     | 3920/9000 
[01:43<02:10, 38.91it/s]
Epoch: 1, loss: 24.3853, recon: 23.6268, kld: 41.2327, type loss: -11.1485, pos loss: -5.8185,all df_loss: 0.5523:  44%|████▎     | 3920/9000 
[01:44<02:10, 38.91it/s]
Epoch: 1, loss: 24.3853, recon: 23.6268, kld: 41.2327, type loss: -11.1485, pos loss: -5.8185,all df_loss: 0.5523:  44%|████▎     | 3936/9000 
[01:44<02:05, 40.25it/s]
Epoch: 1, loss: 26.1938, recon: 25.1893, kld: 48.2695, type loss: -12.9297, pos loss: -6.6539,all df_loss: 0.7632:  44%|████▎     | 3936/9000 
[01:44<02:05, 40.25it/s]
Epoch: 1, loss: 26.1938, recon: 25.1893, kld: 48.2695, type loss: -12.9297, pos loss: -6.6539,all df_loss: 0.7632:  44%|████▍     | 3952/9000 
[01:44<02:09, 39.07it/s]
Epoch: 1, loss: 26.0128, recon: 25.1209, kld: 46.4124, type loss: -12.2013, pos loss: -6.5472,all df_loss: 0.6599:  44%|████▍     | 3952/9000 
[01:44<02:09, 39.07it/s]
Epoch: 1, loss: 26.0128, recon: 25.1209, kld: 46.4124, type loss: -12.2013, pos loss: -6.5472,all df_loss: 0.6599:  44%|████▍     | 3968/9000 
[01:45<02:11, 38.27it/s]
Epoch: 1, loss: 28.5233, recon: 27.4469, kld: 63.9337, type loss: -13.9754, pos loss: -7.0890,all df_loss: 0.7568:  44%|████▍     | 3968/9000 
[01:45<02:11, 38.27it/s]
Epoch: 1, loss: 28.5233, recon: 27.4469, kld: 63.9337, type loss: -13.9754, pos loss: -7.0890,all df_loss: 0.7568:  44%|████▍     | 3984/9000 
[01:45<02:17, 36.50it/s]
Epoch: 1, loss: 25.0132, recon: 23.9858, kld: 59.8570, type loss: -12.5058, pos loss: -5.8386,all df_loss: 0.7281:  44%|████▍     | 3984/9000 
[01:45<02:17, 36.50it/s]
Epoch: 1, loss: 25.0132, recon: 23.9858, kld: 59.8570, type loss: -12.5058, pos loss: -5.8386,all df_loss: 0.7281:  44%|████▍     | 4000/9000 
[01:46<02:12, 37.80it/s]
Epoch: 1, loss: 27.1962, recon: 26.3016, kld: 49.4335, type loss: -13.5840, pos loss: -6.7307,all df_loss: 0.6474:  44%|████▍     | 4000/9000 
[01:46<02:12, 37.80it/s]
Epoch: 1, loss: 27.1962, recon: 26.3016, kld: 49.4335, type loss: -13.5840, pos loss: -6.7307,all df_loss: 0.6474:  45%|████▍     | 4016/9000 
[01:46<02:10, 38.06it/s]
Epoch: 1, loss: 26.4322, recon: 25.6469, kld: 40.7974, type loss: -13.1024, pos loss: -6.5621,all df_loss: 0.5812:  45%|████▍     | 4016/9000 
[01:46<02:10, 38.06it/s]
Epoch: 1, loss: 26.4322, recon: 25.6469, kld: 40.7974, type loss: -13.1024, pos loss: -6.5621,all df_loss: 0.5812:  45%|████▍     | 4032/9000 
[01:46<02:09, 38.25it/s]
Epoch: 1, loss: 25.9360, recon: 25.1086, kld: 39.8796, type loss: -12.5705, pos loss: -6.6419,all df_loss: 0.6280:  45%|████▍     | 4032/9000 
[01:47<02:09, 38.25it/s]
Epoch: 1, loss: 25.9360, recon: 25.1086, kld: 39.8796, type loss: -12.5705, pos loss: -6.6419,all df_loss: 0.6280:  45%|████▍     | 4048/9000 
[01:47<02:09, 38.20it/s]
Epoch: 1, loss: 22.9966, recon: 22.1583, kld: 48.1782, type loss: -11.2326, pos loss: -5.8487,all df_loss: 0.5974:  45%|████▍     | 4048/9000 
[01:47<02:09, 38.20it/s]
Epoch: 1, loss: 22.9966, recon: 22.1583, kld: 48.1782, type loss: -11.2326, pos loss: -5.8487,all df_loss: 0.5974:  45%|████▌     | 4064/9000 
[01:47<02:06, 38.87it/s]
Epoch: 1, loss: 25.0058, recon: 24.1671, kld: 44.4617, type loss: -12.1960, pos loss: -5.8904,all df_loss: 0.6163:  45%|████▌     | 4064/9000 
[01:47<02:06, 38.87it/s]
Epoch: 1, loss: 25.0058, recon: 24.1671, kld: 44.4617, type loss: -12.1960, pos loss: -5.8904,all df_loss: 0.6163:  45%|████▌     | 4080/9000 
[01:48<02:08, 38.41it/s]
Epoch: 1, loss: 25.1343, recon: 24.2867, kld: 48.5404, type loss: -11.9056, pos loss: -6.2797,all df_loss: 0.6049:  45%|████▌     | 4080/9000 
[01:48<02:08, 38.41it/s]
Epoch: 1, loss: 25.1343, recon: 24.2867, kld: 48.5404, type loss: -11.9056, pos loss: -6.2797,all df_loss: 0.6049:  46%|████▌     | 4096/9000 
[01:48<02:07, 38.33it/s]
Epoch: 1, loss: 25.9934, recon: 25.1133, kld: 47.4889, type loss: -12.7981, pos loss: -5.9448,all df_loss: 0.6426:  46%|████▌     | 4096/9000 
[01:48<02:07, 38.33it/s]
Epoch: 1, loss: 25.9934, recon: 25.1133, kld: 47.4889, type loss: -12.7981, pos loss: -5.9448,all df_loss: 0.6426:  46%|████▌     | 4112/9000 
[01:49<02:10, 37.47it/s]
Epoch: 1, loss: 27.4587, recon: 26.4532, kld: 57.4838, type loss: -13.7149, pos loss: -6.2838,all df_loss: 0.7181:  46%|████▌     | 4112/9000 
[01:49<02:10, 37.47it/s]
Epoch: 1, loss: 27.4587, recon: 26.4532, kld: 57.4838, type loss: -13.7149, pos loss: -6.2838,all df_loss: 0.7181:  46%|████▌     | 4128/9000 
[01:49<02:10, 37.23it/s]
Epoch: 1, loss: 23.8877, recon: 22.9378, kld: 46.3446, type loss: -11.9034, pos loss: -5.8097,all df_loss: 0.7182:  46%|████▌     | 4128/9000 
[01:49<02:10, 37.23it/s]
Epoch: 1, loss: 23.8877, recon: 22.9378, kld: 46.3446, type loss: -11.9034, pos loss: -5.8097,all df_loss: 0.7182:  46%|████▌     | 4144/9000 
[01:49<02:07, 38.23it/s]
Epoch: 1, loss: 24.7029, recon: 23.7730, kld: 55.8190, type loss: -12.2554, pos loss: -6.1556,all df_loss: 0.6507:  46%|████▌     | 4144/9000 
[01:50<02:07, 38.23it/s]
Epoch: 1, loss: 24.7029, recon: 23.7730, kld: 55.8190, type loss: -12.2554, pos loss: -6.1556,all df_loss: 0.6507:  46%|████▌     | 4160/9000 
[01:50<02:08, 37.66it/s]
Epoch: 1, loss: 27.8280, recon: 26.8067, kld: 51.5501, type loss: -14.4095, pos loss: -6.7502,all df_loss: 0.7635:  46%|████▌     | 4160/9000 
[01:50<02:08, 37.66it/s]
Epoch: 1, loss: 27.8280, recon: 26.8067, kld: 51.5501, type loss: -14.4095, pos loss: -6.7502,all df_loss: 0.7635:  46%|████▋     | 4176/9000 
[01:50<02:10, 36.86it/s]
Epoch: 1, loss: 22.1911, recon: 21.2658, kld: 49.3788, type loss: -10.6383, pos loss: -5.5200,all df_loss: 0.6784:  46%|████▋     | 4176/9000 
[01:50<02:10, 36.86it/s]
Epoch: 1, loss: 22.1911, recon: 21.2658, kld: 49.3788, type loss: -10.6383, pos loss: -5.5200,all df_loss: 0.6784:  47%|████▋     | 4192/9000 
[01:51<02:11, 36.59it/s]
Epoch: 1, loss: 28.1823, recon: 27.1895, kld: 61.7176, type loss: -14.1707, pos loss: -7.0424,all df_loss: 0.6842:  47%|████▋     | 4192/9000 
[01:51<02:11, 36.59it/s]
Epoch: 1, loss: 28.1823, recon: 27.1895, kld: 61.7176, type loss: -14.1707, pos loss: -7.0424,all df_loss: 0.6842:  47%|████▋     | 4208/9000 
[01:51<02:12, 36.30it/s]
Epoch: 1, loss: 22.7970, recon: 21.8962, kld: 46.3101, type loss: -11.6864, pos loss: -5.4213,all df_loss: 0.6692:  47%|████▋     | 4208/9000 
[01:51<02:12, 36.30it/s]
Epoch: 1, loss: 22.7970, recon: 21.8962, kld: 46.3101, type loss: -11.6864, pos loss: -5.4213,all df_loss: 0.6692:  47%|████▋     | 4224/9000 
[01:52<02:09, 36.79it/s]
Epoch: 1, loss: 22.3919, recon: 21.5617, kld: 52.3767, type loss: -11.2001, pos loss: -5.6121,all df_loss: 0.5683:  47%|████▋     | 4224/9000 
[01:52<02:09, 36.79it/s]
Epoch: 1, loss: 22.3919, recon: 21.5617, kld: 52.3767, type loss: -11.2001, pos loss: -5.6121,all df_loss: 0.5683:  47%|████▋     | 4240/9000 
[01:52<02:06, 37.73it/s]
Epoch: 1, loss: 23.4928, recon: 22.6075, kld: 55.8715, type loss: -12.0150, pos loss: -5.9242,all df_loss: 0.6060:  47%|████▋     | 4240/9000 
[01:52<02:06, 37.73it/s]
Epoch: 1, loss: 23.4928, recon: 22.6075, kld: 55.8715, type loss: -12.0150, pos loss: -5.9242,all df_loss: 0.6060:  47%|████▋     | 4256/9000 
[01:52<02:03, 38.28it/s]
Epoch: 1, loss: 26.4712, recon: 25.7495, kld: 48.9616, type loss: -12.8972, pos loss: -6.8656,all df_loss: 0.4769:  47%|████▋     | 4256/9000 
[01:53<02:03, 38.28it/s]
Epoch: 1, loss: 26.4712, recon: 25.7495, kld: 48.9616, type loss: -12.8972, pos loss: -6.8656,all df_loss: 0.4769:  47%|████▋     | 4272/9000 
[01:53<02:04, 37.90it/s]
Epoch: 1, loss: 25.8491, recon: 24.9715, kld: 49.9973, type loss: -12.5354, pos loss: -6.0550,all df_loss: 0.6276:  47%|████▋     | 4272/9000 
[01:53<02:04, 37.90it/s]
Epoch: 1, loss: 25.8491, recon: 24.9715, kld: 49.9973, type loss: -12.5354, pos loss: -6.0550,all df_loss: 0.6276:  48%|████▊     | 4288/9000 
[01:53<02:05, 37.64it/s]
Epoch: 1, loss: 23.8636, recon: 23.0158, kld: 44.7843, type loss: -11.6290, pos loss: -5.8037,all df_loss: 0.6239:  48%|████▊     | 4288/9000 
[01:53<02:05, 37.64it/s]
Epoch: 1, loss: 23.8636, recon: 23.0158, kld: 44.7843, type loss: -11.6290, pos loss: -5.8037,all df_loss: 0.6239:  48%|████▊     | 4304/9000 
[01:54<02:04, 37.77it/s]
Epoch: 1, loss: 25.6699, recon: 24.7869, kld: 50.3423, type loss: -12.9060, pos loss: -6.4934,all df_loss: 0.6314:  48%|████▊     | 4304/9000 
[01:54<02:04, 37.77it/s]
Epoch: 1, loss: 25.6699, recon: 24.7869, kld: 50.3423, type loss: -12.9060, pos loss: -6.4934,all df_loss: 0.6314:  48%|████▊     | 4320/9000 
[01:54<02:04, 37.45it/s]
Epoch: 1, loss: 27.1607, recon: 26.2478, kld: 44.2328, type loss: -13.3233, pos loss: -6.6767,all df_loss: 0.6917:  48%|████▊     | 4320/9000 
[01:54<02:04, 37.45it/s]
Epoch: 1, loss: 27.1607, recon: 26.2478, kld: 44.2328, type loss: -13.3233, pos loss: -6.6767,all df_loss: 0.6917:  48%|████▊     | 4336/9000 
[01:55<02:06, 36.96it/s]
Epoch: 1, loss: 28.2666, recon: 27.1224, kld: 62.6230, type loss: -14.5161, pos loss: -6.9912,all df_loss: 0.8311:  48%|████▊     | 4336/9000 
[01:55<02:06, 36.96it/s]
Epoch: 1, loss: 28.2666, recon: 27.1224, kld: 62.6230, type loss: -14.5161, pos loss: -6.9912,all df_loss: 0.8311:  48%|████▊     | 4352/9000 
[01:55<02:08, 36.24it/s]
Epoch: 1, loss: 22.9090, recon: 22.2312, kld: 32.1051, type loss: -10.8051, pos loss: -5.8820,all df_loss: 0.5173:  48%|████▊     | 4352/9000 
[01:55<02:08, 36.24it/s]
Epoch: 1, loss: 22.9090, recon: 22.2312, kld: 32.1051, type loss: -10.8051, pos loss: -5.8820,all df_loss: 0.5173:  49%|████▊     | 4368/9000 
[01:55<02:03, 37.36it/s]
Epoch: 1, loss: 24.3030, recon: 23.5095, kld: 39.9392, type loss: -12.7290, pos loss: -6.0700,all df_loss: 0.5938:  49%|████▊     | 4368/9000 
[01:56<02:03, 37.36it/s]
Epoch: 1, loss: 24.3030, recon: 23.5095, kld: 39.9392, type loss: -12.7290, pos loss: -6.0700,all df_loss: 0.5938:  49%|████▊     | 4384/9000 
[01:56<02:04, 36.96it/s]
Epoch: 1, loss: 22.1848, recon: 21.3289, kld: 51.0582, type loss: -10.7409, pos loss: -5.4849,all df_loss: 0.6006:  49%|████▊     | 4384/9000 
[01:56<02:04, 36.96it/s]
Epoch: 1, loss: 22.1848, recon: 21.3289, kld: 51.0582, type loss: -10.7409, pos loss: -5.4849,all df_loss: 0.6006:  49%|████▉     | 4400/9000 
[01:56<02:03, 37.33it/s]
Epoch: 1, loss: 24.8432, recon: 24.0738, kld: 47.4656, type loss: -12.0753, pos loss: -6.3986,all df_loss: 0.5321:  49%|████▉     | 4400/9000 
[01:56<02:03, 37.33it/s]
Epoch: 1, loss: 24.8432, recon: 24.0738, kld: 47.4656, type loss: -12.0753, pos loss: -6.3986,all df_loss: 0.5321:  49%|████▉     | 4416/9000 
[01:57<02:01, 37.59it/s]
Epoch: 1, loss: 26.2612, recon: 25.4576, kld: 46.4856, type loss: -12.5348, pos loss: -6.1510,all df_loss: 0.5711:  49%|████▉     | 4416/9000 
[01:57<02:01, 37.59it/s]
Epoch: 1, loss: 26.2612, recon: 25.4576, kld: 46.4856, type loss: -12.5348, pos loss: -6.1510,all df_loss: 0.5711:  49%|████▉     | 4432/9000 
[01:57<02:01, 37.67it/s]
Epoch: 1, loss: 24.1416, recon: 23.4512, kld: 44.0944, type loss: -12.0806, pos loss: -5.8949,all df_loss: 0.4699:  49%|████▉     | 4432/9000 
[01:57<02:01, 37.67it/s]
Epoch: 1, loss: 24.1416, recon: 23.4512, kld: 44.0944, type loss: -12.0806, pos loss: -5.8949,all df_loss: 0.4699:  49%|████▉     | 4448/9000 
[01:58<02:00, 37.74it/s]
Epoch: 1, loss: 23.9703, recon: 23.0606, kld: 54.1192, type loss: -11.9853, pos loss: -5.9734,all df_loss: 0.6391:  49%|████▉     | 4448/9000 
[01:58<02:00, 37.74it/s]
Epoch: 1, loss: 23.9703, recon: 23.0606, kld: 54.1192, type loss: -11.9853, pos loss: -5.9734,all df_loss: 0.6391:  50%|████▉     | 4464/9000 
[01:58<02:01, 37.30it/s]
Epoch: 1, loss: 23.7274, recon: 22.8455, kld: 52.0611, type loss: -11.9734, pos loss: -6.0384,all df_loss: 0.6216:  50%|████▉     | 4464/9000 
[01:58<02:01, 37.30it/s]
Epoch: 1, loss: 23.7274, recon: 22.8455, kld: 52.0611, type loss: -11.9734, pos loss: -6.0384,all df_loss: 0.6216:  50%|████▉     | 4480/9000 
[01:58<02:01, 37.14it/s]
Epoch: 1, loss: 24.1556, recon: 23.3285, kld: 41.9692, type loss: -11.6297, pos loss: -5.6678,all df_loss: 0.6172:  50%|████▉     | 4480/9000 
[01:59<02:01, 37.14it/s]
Epoch: 1, loss: 24.1556, recon: 23.3285, kld: 41.9692, type loss: -11.6297, pos loss: -5.6678,all df_loss: 0.6172:  50%|████▉     | 4496/9000 
[01:59<01:58, 37.86it/s]
Epoch: 1, loss: 23.8133, recon: 22.9521, kld: 53.1515, type loss: -11.8524, pos loss: -5.8753,all df_loss: 0.5954:  50%|████▉     | 4496/9000 
[01:59<01:58, 37.86it/s]
Epoch: 1, loss: 23.8133, recon: 22.9521, kld: 53.1515, type loss: -11.8524, pos loss: -5.8753,all df_loss: 0.5954:  50%|█████     | 4512/9000 
[01:59<01:57, 38.05it/s]
Epoch: 1, loss: 26.4272, recon: 25.4599, kld: 59.1339, type loss: -13.0559, pos loss: -6.6706,all df_loss: 0.6717:  50%|█████     | 4512/9000 
[01:59<01:57, 38.05it/s]
Epoch: 1, loss: 26.4272, recon: 25.4599, kld: 59.1339, type loss: -13.0559, pos loss: -6.6706,all df_loss: 0.6717:  50%|█████     | 4528/9000 
[02:00<01:58, 37.72it/s]
Epoch: 1, loss: 23.1237, recon: 22.3022, kld: 46.0225, type loss: -11.7292, pos loss: -5.5043,all df_loss: 0.5914:  50%|█████     | 4528/9000 
[02:00<01:58, 37.72it/s]
Epoch: 1, loss: 23.1237, recon: 22.3022, kld: 46.0225, type loss: -11.7292, pos loss: -5.5043,all df_loss: 0.5914:  50%|█████     | 4544/9000 
[02:00<01:56, 38.11it/s]
Epoch: 1, loss: 24.0418, recon: 23.0587, kld: 61.0340, type loss: -12.2485, pos loss: -5.6411,all df_loss: 0.6779:  50%|█████     | 4544/9000 
[02:00<01:56, 38.11it/s]
Epoch: 1, loss: 24.0418, recon: 23.0587, kld: 61.0340, type loss: -12.2485, pos loss: -5.6411,all df_loss: 0.6779:  51%|█████     | 4560/9000 
[02:01<01:57, 37.72it/s]
Epoch: 1, loss: 23.8772, recon: 23.0460, kld: 40.1177, type loss: -11.7311, pos loss: -5.8898,all df_loss: 0.6306:  51%|█████     | 4560/9000 
[02:01<01:57, 37.72it/s]
Epoch: 1, loss: 23.8772, recon: 23.0460, kld: 40.1177, type loss: -11.7311, pos loss: -5.8898,all df_loss: 0.6306:  51%|█████     | 4576/9000 
[02:01<01:55, 38.37it/s]
Epoch: 1, loss: 25.2750, recon: 24.4297, kld: 41.5427, type loss: -12.2213, pos loss: -5.7883,all df_loss: 0.6375:  51%|█████     | 4576/9000 
[02:01<01:55, 38.37it/s]
Epoch: 1, loss: 25.2750, recon: 24.4297, kld: 41.5427, type loss: -12.2213, pos loss: -5.7883,all df_loss: 0.6375:  51%|█████     | 4592/9000 
[02:01<01:56, 37.87it/s]
Epoch: 1, loss: 24.0166, recon: 23.1447, kld: 47.9025, type loss: -12.0569, pos loss: -6.2372,all df_loss: 0.6324:  51%|█████     | 4592/9000 
[02:02<01:56, 37.87it/s]
Epoch: 1, loss: 24.0166, recon: 23.1447, kld: 47.9025, type loss: -12.0569, pos loss: -6.2372,all df_loss: 0.6324:  51%|█████     | 4608/9000 
[02:02<01:56, 37.65it/s]
Epoch: 1, loss: 23.7689, recon: 22.9560, kld: 50.0163, type loss: -12.0985, pos loss: -5.5102,all df_loss: 0.5628:  51%|█████     | 4608/9000 
[02:02<01:56, 37.65it/s]
Epoch: 1, loss: 23.7689, recon: 22.9560, kld: 50.0163, type loss: -12.0985, pos loss: -5.5102,all df_loss: 0.5628:  51%|█████▏    | 4624/9000 
[02:02<01:55, 37.73it/s]
Epoch: 1, loss: 23.6723, recon: 22.7015, kld: 64.7736, type loss: -12.0867, pos loss: -6.1299,all df_loss: 0.6469:  51%|█████▏    | 4624/9000 
[02:02<01:55, 37.73it/s]
Epoch: 1, loss: 23.6723, recon: 22.7015, kld: 64.7736, type loss: -12.0867, pos loss: -6.1299,all df_loss: 0.6469:  52%|█████▏    | 4640/9000 
[02:03<01:57, 37.15it/s]
Epoch: 1, loss: 25.2789, recon: 24.3370, kld: 48.8601, type loss: -12.6149, pos loss: -6.0282,all df_loss: 0.6976:  52%|█████▏    | 4640/9000 
[02:03<01:57, 37.15it/s]
Epoch: 1, loss: 25.2789, recon: 24.3370, kld: 48.8601, type loss: -12.6149, pos loss: -6.0282,all df_loss: 0.6976:  52%|█████▏    | 4656/9000 
[02:03<01:55, 37.52it/s]
Epoch: 1, loss: 22.7840, recon: 21.9946, kld: 53.4465, type loss: -11.2903, pos loss: -5.6545,all df_loss: 0.5222:  52%|█████▏    | 4656/9000 
[02:03<01:55, 37.52it/s]
Epoch: 1, loss: 22.7840, recon: 21.9946, kld: 53.4465, type loss: -11.2903, pos loss: -5.6545,all df_loss: 0.5222:  52%|█████▏    | 4672/9000 
[02:03<01:54, 37.73it/s]
Epoch: 1, loss: 21.6975, recon: 20.7991, kld: 52.6236, type loss: -11.1443, pos loss: -5.3027,all df_loss: 0.6353:  52%|█████▏    | 4672/9000 
[02:04<01:54, 37.73it/s]
Epoch: 1, loss: 21.6975, recon: 20.7991, kld: 52.6236, type loss: -11.1443, pos loss: -5.3027,all df_loss: 0.6353:  52%|█████▏    | 4688/9000 
[02:04<01:53, 38.06it/s]
Epoch: 1, loss: 23.1365, recon: 22.3770, kld: 44.0407, type loss: -11.2490, pos loss: -6.0715,all df_loss: 0.5393:  52%|█████▏    | 4688/9000 
[02:04<01:53, 38.06it/s]
Epoch: 1, loss: 23.1365, recon: 22.3770, kld: 44.0407, type loss: -11.2490, pos loss: -6.0715,all df_loss: 0.5393:  52%|█████▏    | 4704/9000 
[02:04<01:51, 38.40it/s]
Epoch: 1, loss: 20.4719, recon: 19.7436, kld: 49.9228, type loss: -10.3960, pos loss: -5.3643,all df_loss: 0.4786:  52%|█████▏    | 4704/9000 
[02:04<01:51, 38.40it/s]
Epoch: 1, loss: 20.4719, recon: 19.7436, kld: 49.9228, type loss: -10.3960, pos loss: -5.3643,all df_loss: 0.4786:  52%|█████▏    | 4720/9000 
[02:05<01:58, 36.22it/s]
Epoch: 1, loss: 25.4354, recon: 24.6123, kld: 46.4359, type loss: -12.9018, pos loss: -6.3235,all df_loss: 0.5909:  52%|█████▏    | 4720/9000 
[02:05<01:58, 36.22it/s]
Epoch: 1, loss: 25.4354, recon: 24.6123, kld: 46.4359, type loss: -12.9018, pos loss: -6.3235,all df_loss: 0.5909:  53%|█████▎    | 4736/9000 
[02:05<01:56, 36.66it/s]
Epoch: 1, loss: 24.1780, recon: 23.2887, kld: 57.1411, type loss: -12.3140, pos loss: -6.0278,all df_loss: 0.6036:  53%|█████▎    | 4736/9000 
[02:06<01:56, 36.66it/s]
Epoch: 1, loss: 24.1780, recon: 23.2887, kld: 57.1411, type loss: -12.3140, pos loss: -6.0278,all df_loss: 0.6036:  53%|█████▎    | 4752/9000 
[02:06<02:03, 34.49it/s]
Epoch: 1, loss: 23.0300, recon: 22.0857, kld: 59.1751, type loss: -11.9929, pos loss: -5.5084,all df_loss: 0.6485:  53%|█████▎    | 4752/9000 
[02:06<02:03, 34.49it/s]
Epoch: 1, loss: 23.0300, recon: 22.0857, kld: 59.1751, type loss: -11.9929, pos loss: -5.5084,all df_loss: 0.6485:  53%|█████▎    | 4768/9000 
[02:06<02:03, 34.23it/s]
Epoch: 1, loss: 21.6898, recon: 20.8268, kld: 49.6553, type loss: -11.0220, pos loss: -5.3407,all df_loss: 0.6147:  53%|█████▎    | 4768/9000 
[02:06<02:03, 34.23it/s]
Epoch: 1, loss: 21.6898, recon: 20.8268, kld: 49.6553, type loss: -11.0220, pos loss: -5.3407,all df_loss: 0.6147:  53%|█████▎    | 4784/9000 
[02:07<01:58, 35.64it/s]
Epoch: 1, loss: 22.1346, recon: 21.3837, kld: 41.1016, type loss: -11.3097, pos loss: -5.0588,all df_loss: 0.5454:  53%|█████▎    | 4784/9000 
[02:07<01:58, 35.64it/s]
Epoch: 1, loss: 22.1346, recon: 21.3837, kld: 41.1016, type loss: -11.3097, pos loss: -5.0588,all df_loss: 0.5454:  53%|█████▎    | 4800/9000 
[02:07<01:56, 36.04it/s]
Epoch: 1, loss: 25.9448, recon: 24.9685, kld: 62.2461, type loss: -13.4273, pos loss: -6.5519,all df_loss: 0.6651:  53%|█████▎    | 4800/9000 
[02:07<01:56, 36.04it/s]
Epoch: 1, loss: 25.9448, recon: 24.9685, kld: 62.2461, type loss: -13.4273, pos loss: -6.5519,all df_loss: 0.6651:  54%|█████▎    | 4816/9000 
[02:08<01:58, 35.40it/s]
Epoch: 1, loss: 25.7380, recon: 24.9056, kld: 55.2989, type loss: -13.2659, pos loss: -6.3140,all df_loss: 0.5559:  54%|█████▎    | 4816/9000 
[02:08<01:58, 35.40it/s]
Epoch: 1, loss: 25.7380, recon: 24.9056, kld: 55.2989, type loss: -13.2659, pos loss: -6.3140,all df_loss: 0.5559:  54%|█████▎    | 4832/9000 
[02:08<02:03, 33.71it/s]
Epoch: 1, loss: 22.0218, recon: 21.2468, kld: 45.0068, type loss: -11.0667, pos loss: -5.1013,all df_loss: 0.5500:  54%|█████▎    | 4832/9000 
[02:08<02:03, 33.71it/s]
Epoch: 1, loss: 22.0218, recon: 21.2468, kld: 45.0068, type loss: -11.0667, pos loss: -5.1013,all df_loss: 0.5500:  54%|█████▍    | 4848/9000 
[02:08<01:57, 35.40it/s]
Epoch: 1, loss: 22.9437, recon: 22.3079, kld: 35.5480, type loss: -11.4632, pos loss: -5.7890,all df_loss: 0.4580:  54%|█████▍    | 4848/9000 
[02:09<01:57, 35.40it/s]
Epoch: 1, loss: 22.9437, recon: 22.3079, kld: 35.5480, type loss: -11.4632, pos loss: -5.7890,all df_loss: 0.4580:  54%|█████▍    | 4864/9000 
[02:09<01:54, 35.97it/s]
Epoch: 1, loss: 23.2121, recon: 22.3691, kld: 54.1435, type loss: -12.3591, pos loss: -5.7509,all df_loss: 0.5723:  54%|█████▍    | 4864/9000 
[02:09<01:54, 35.97it/s]
Epoch: 1, loss: 23.2121, recon: 22.3691, kld: 54.1435, type loss: -12.3591, pos loss: -5.7509,all df_loss: 0.5723:  54%|█████▍    | 4880/9000 
[02:09<01:54, 36.13it/s]
Epoch: 1, loss: 22.9444, recon: 22.1306, kld: 45.8954, type loss: -11.5757, pos loss: -5.6570,all df_loss: 0.5843:  54%|█████▍    | 4880/9000 
[02:10<01:54, 36.13it/s]
Epoch: 1, loss: 22.9444, recon: 22.1306, kld: 45.8954, type loss: -11.5757, pos loss: -5.6570,all df_loss: 0.5843:  54%|█████▍    | 4896/9000 
[02:10<01:53, 36.30it/s]
Epoch: 1, loss: 24.0393, recon: 23.1526, kld: 43.8222, type loss: -11.7853, pos loss: -5.8147,all df_loss: 0.6676:  54%|█████▍    | 4896/9000 
[02:10<01:53, 36.30it/s]
Epoch: 1, loss: 24.0393, recon: 23.1526, kld: 43.8222, type loss: -11.7853, pos loss: -5.8147,all df_loss: 0.6676:  55%|█████▍    | 4912/9000 
[02:10<01:51, 36.71it/s]
Epoch: 1, loss: 23.1312, recon: 22.4146, kld: 36.8795, type loss: -11.3553, pos loss: -5.3162,all df_loss: 0.5322:  55%|█████▍    | 4912/9000 
[02:10<01:51, 36.71it/s]
Epoch: 1, loss: 23.1312, recon: 22.4146, kld: 36.8795, type loss: -11.3553, pos loss: -5.3162,all df_loss: 0.5322:  55%|█████▍    | 4928/9000 
[02:11<01:48, 37.58it/s]
Epoch: 1, loss: 24.5420, recon: 23.6526, kld: 40.0712, type loss: -12.0833, pos loss: -6.0884,all df_loss: 0.6890:  55%|█████▍    | 4928/9000 
[02:11<01:48, 37.58it/s]
Epoch: 1, loss: 24.5420, recon: 23.6526, kld: 40.0712, type loss: -12.0833, pos loss: -6.0884,all df_loss: 0.6890:  55%|█████▍    | 4944/9000 
[02:11<01:46, 38.09it/s]
Epoch: 1, loss: 26.6828, recon: 25.8174, kld: 46.4412, type loss: -13.2878, pos loss: -7.3434,all df_loss: 0.6332:  55%|█████▍    | 4944/9000 
[02:11<01:46, 38.09it/s]
Epoch: 1, loss: 26.6828, recon: 25.8174, kld: 46.4412, type loss: -13.2878, pos loss: -7.3434,all df_loss: 0.6332:  55%|█████▌    | 4960/9000 
[02:11<01:44, 38.68it/s]
Epoch: 1, loss: 21.5326, recon: 20.7646, kld: 43.7675, type loss: -10.7070, pos loss: -5.0972,all df_loss: 0.5493:  55%|█████▌    | 4960/9000 
[02:12<01:44, 38.68it/s]
Epoch: 1, loss: 21.5326, recon: 20.7646, kld: 43.7675, type loss: -10.7070, pos loss: -5.0972,all df_loss: 0.5493:  55%|█████▌    | 4976/9000 
[02:12<01:43, 39.05it/s]
Epoch: 1, loss: 22.5731, recon: 21.8507, kld: 48.0905, type loss: -11.4534, pos loss: -5.5502,all df_loss: 0.4820:  55%|█████▌    | 4976/9000 
[02:12<01:43, 39.05it/s]
Epoch: 1, loss: 22.5731, recon: 21.8507, kld: 48.0905, type loss: -11.4534, pos loss: -5.5502,all df_loss: 0.4820:  55%|█████▌    | 4992/9000 
[02:12<01:41, 39.37it/s]
Epoch: 1, loss: 24.8534, recon: 24.0346, kld: 49.0298, type loss: -12.6177, pos loss: -6.1024,all df_loss: 0.5737:  55%|█████▌    | 4992/9000 
[02:12<01:41, 39.37it/s]
Epoch: 1, loss: 24.8534, recon: 24.0346, kld: 49.0298, type loss: -12.6177, pos loss: -6.1024,all df_loss: 0.5737:  56%|█████▌    | 5008/9000 
[02:13<01:41, 39.32it/s]
Epoch: 1, loss: 23.8750, recon: 23.0073, kld: 53.0003, type loss: -11.9058, pos loss: -6.0389,all df_loss: 0.6027:  56%|█████▌    | 5008/9000 
[02:13<01:41, 39.32it/s]
Epoch: 1, loss: 23.8750, recon: 23.0073, kld: 53.0003, type loss: -11.9058, pos loss: -6.0389,all df_loss: 0.6027:  56%|█████▌    | 5024/9000 
[02:13<01:43, 38.48it/s]
Epoch: 1, loss: 22.9678, recon: 22.1816, kld: 39.4871, type loss: -11.9243, pos loss: -5.5399,all df_loss: 0.5887:  56%|█████▌    | 5024/9000 
[02:13<01:43, 38.48it/s]
Epoch: 1, loss: 22.9678, recon: 22.1816, kld: 39.4871, type loss: -11.9243, pos loss: -5.5399,all df_loss: 0.5887:  56%|█████▌    | 5040/9000 
[02:13<01:38, 40.29it/s]
Epoch: 1, loss: 23.3184, recon: 22.5773, kld: 48.8714, type loss: -12.2341, pos loss: -5.7688,all df_loss: 0.4967:  56%|█████▌    | 5040/9000 
[02:14<01:38, 40.29it/s]
Epoch: 1, loss: 23.3184, recon: 22.5773, kld: 48.8714, type loss: -12.2341, pos loss: -5.7688,all df_loss: 0.4967:  56%|█████▌    | 5056/9000 
[02:14<01:38, 40.02it/s]
Epoch: 1, loss: 25.5497, recon: 24.6257, kld: 54.8369, type loss: -12.6496, pos loss: -6.4106,all df_loss: 0.6498:  56%|█████▌    | 5056/9000 
[02:14<01:38, 40.02it/s]
Epoch: 1, loss: 25.5497, recon: 24.6257, kld: 54.8369, type loss: -12.6496, pos loss: -6.4106,all df_loss: 0.6498:  56%|█████▋    | 5072/9000 
[02:14<01:40, 39.04it/s]
Epoch: 1, loss: 21.7234, recon: 20.9630, kld: 44.8218, type loss: -11.5230, pos loss: -5.0440,all df_loss: 0.5363:  56%|█████▋    | 5072/9000 
[02:14<01:40, 39.04it/s]
Epoch: 1, loss: 21.7234, recon: 20.9630, kld: 44.8218, type loss: -11.5230, pos loss: -5.0440,all df_loss: 0.5363:  57%|█████▋    | 5088/9000 
[02:15<01:39, 39.29it/s]
Epoch: 1, loss: 23.8164, recon: 23.0305, kld: 45.6385, type loss: -12.5481, pos loss: -5.8672,all df_loss: 0.5577:  57%|█████▋    | 5088/9000 
[02:15<01:39, 39.29it/s]
Epoch: 1, loss: 23.8164, recon: 23.0305, kld: 45.6385, type loss: -12.5481, pos loss: -5.8672,all df_loss: 0.5577:  57%|█████▋    | 5104/9000 
[02:15<01:40, 38.92it/s]
Epoch: 1, loss: 21.9220, recon: 21.1012, kld: 42.0037, type loss: -11.6277, pos loss: -5.1312,all df_loss: 0.6107:  57%|█████▋    | 5104/9000 
[02:15<01:40, 38.92it/s]
Epoch: 1, loss: 21.9220, recon: 21.1012, kld: 42.0037, type loss: -11.6277, pos loss: -5.1312,all df_loss: 0.6107:  57%|█████▋    | 5120/9000 
[02:15<01:38, 39.25it/s]
Epoch: 1, loss: 23.7857, recon: 22.9655, kld: 41.6219, type loss: -12.1810, pos loss: -6.2597,all df_loss: 0.6121:  57%|█████▋    | 5120/9000 
[02:16<01:38, 39.25it/s]
Epoch: 1, loss: 23.7857, recon: 22.9655, kld: 41.6219, type loss: -12.1810, pos loss: -6.2597,all df_loss: 0.6121:  57%|█████▋    | 5136/9000 
[02:16<01:39, 38.99it/s]
Epoch: 1, loss: 24.3232, recon: 23.4576, kld: 53.8798, type loss: -12.6275, pos loss: -5.6333,all df_loss: 0.5962:  57%|█████▋    | 5136/9000 
[02:16<01:39, 38.99it/s]
Epoch: 1, loss: 24.3232, recon: 23.4576, kld: 53.8798, type loss: -12.6275, pos loss: -5.6333,all df_loss: 0.5962:  57%|█████▋    | 5152/9000 
[02:16<01:39, 38.79it/s]
Epoch: 1, loss: 23.2917, recon: 22.4315, kld: 46.8889, type loss: -12.1377, pos loss: -5.4696,all df_loss: 0.6257:  57%|█████▋    | 5152/9000 
[02:16<01:39, 38.79it/s]
Epoch: 1, loss: 23.2917, recon: 22.4315, kld: 46.8889, type loss: -12.1377, pos loss: -5.4696,all df_loss: 0.6257:  57%|█████▋    | 5168/9000 
[02:17<01:37, 39.25it/s]
Epoch: 1, loss: 24.3908, recon: 23.4599, kld: 47.5927, type loss: -12.7286, pos loss: -6.3004,all df_loss: 0.6929:  57%|█████▋    | 5168/9000 
[02:17<01:37, 39.25it/s]
Epoch: 1, loss: 24.3908, recon: 23.4599, kld: 47.5927, type loss: -12.7286, pos loss: -6.3004,all df_loss: 0.6929:  58%|█████▊    | 5184/9000 
[02:17<01:39, 38.37it/s]
Epoch: 1, loss: 21.7928, recon: 20.9854, kld: 42.9653, type loss: -11.1760, pos loss: -5.7397,all df_loss: 0.5926:  58%|█████▊    | 5184/9000 
[02:17<01:39, 38.37it/s]
Epoch: 1, loss: 21.7928, recon: 20.9854, kld: 42.9653, type loss: -11.1760, pos loss: -5.7397,all df_loss: 0.5926:  58%|█████▊    | 5200/9000 
[02:18<01:38, 38.55it/s]
Epoch: 1, loss: 24.6902, recon: 23.7410, kld: 50.0501, type loss: -12.7200, pos loss: -5.8595,all df_loss: 0.6989:  58%|█████▊    | 5200/9000 
[02:18<01:38, 38.55it/s]
Epoch: 1, loss: 24.6902, recon: 23.7410, kld: 50.0501, type loss: -12.7200, pos loss: -5.8595,all df_loss: 0.6989:  58%|█████▊    | 5216/9000 
[02:18<01:40, 37.73it/s]
Epoch: 1, loss: 27.3102, recon: 26.3187, kld: 58.9189, type loss: -13.7364, pos loss: -6.7038,all df_loss: 0.6968:  58%|█████▊    | 5216/9000 
[02:18<01:40, 37.73it/s]
Epoch: 1, loss: 27.3102, recon: 26.3187, kld: 58.9189, type loss: -13.7364, pos loss: -6.7038,all df_loss: 0.6968:  58%|█████▊    | 5232/9000 
[02:18<01:42, 36.80it/s]
Epoch: 1, loss: 21.6752, recon: 20.9469, kld: 49.3910, type loss: -10.9196, pos loss: -5.3422,all df_loss: 0.4813:  58%|█████▊    | 5232/9000 
[02:19<01:42, 36.80it/s]
Epoch: 1, loss: 21.6752, recon: 20.9469, kld: 49.3910, type loss: -10.9196, pos loss: -5.3422,all df_loss: 0.4813:  58%|█████▊    | 5248/9000 
[02:19<01:41, 36.87it/s]
Epoch: 1, loss: 20.4138, recon: 19.7315, kld: 39.2354, type loss: -10.5422, pos loss: -5.1278,all df_loss: 0.4862:  58%|█████▊    | 5248/9000 
[02:19<01:41, 36.87it/s]
Epoch: 1, loss: 20.4138, recon: 19.7315, kld: 39.2354, type loss: -10.5422, pos loss: -5.1278,all df_loss: 0.4862:  58%|█████▊    | 5264/9000 
[02:19<01:39, 37.57it/s]
Epoch: 1, loss: 22.0246, recon: 21.2676, kld: 48.0837, type loss: -10.7906, pos loss: -5.3613,all df_loss: 0.5166:  58%|█████▊    | 5264/9000 
[02:19<01:39, 37.57it/s]
Epoch: 1, loss: 22.0246, recon: 21.2676, kld: 48.0837, type loss: -10.7906, pos loss: -5.3613,all df_loss: 0.5166:  59%|█████▊    | 5280/9000 
[02:20<01:37, 38.03it/s]
Epoch: 1, loss: 24.6950, recon: 23.8587, kld: 57.1063, type loss: -12.6980, pos loss: -5.8792,all df_loss: 0.5507:  59%|█████▊    | 5280/9000 
[02:20<01:37, 38.03it/s]
Epoch: 1, loss: 24.6950, recon: 23.8587, kld: 57.1063, type loss: -12.6980, pos loss: -5.8792,all df_loss: 0.5507:  59%|█████▉    | 5296/9000 
[02:20<01:37, 37.81it/s]
Epoch: 1, loss: 22.9288, recon: 22.1475, kld: 41.0140, type loss: -11.9037, pos loss: -5.6116,all df_loss: 0.5763:  59%|█████▉    | 5296/9000 
[02:20<01:37, 37.81it/s]
Epoch: 1, loss: 22.9288, recon: 22.1475, kld: 41.0140, type loss: -11.9037, pos loss: -5.6116,all df_loss: 0.5763:  59%|█████▉    | 5312/9000 
[02:21<01:37, 37.66it/s]
Epoch: 1, loss: 22.9420, recon: 22.1239, kld: 43.3051, type loss: -11.7137, pos loss: -5.5530,all df_loss: 0.6016:  59%|█████▉    | 5312/9000 
[02:21<01:37, 37.66it/s]
Epoch: 1, loss: 22.9420, recon: 22.1239, kld: 43.3051, type loss: -11.7137, pos loss: -5.5530,all df_loss: 0.6016:  59%|█████▉    | 5328/9000 
[02:21<01:37, 37.64it/s]
Epoch: 1, loss: 23.3528, recon: 22.4989, kld: 53.8280, type loss: -11.8491, pos loss: -5.9337,all df_loss: 0.5847:  59%|█████▉    | 5328/9000 
[02:21<01:37, 37.64it/s]
Epoch: 1, loss: 23.3528, recon: 22.4989, kld: 53.8280, type loss: -11.8491, pos loss: -5.9337,all df_loss: 0.5847:  59%|█████▉    | 5344/9000 
[02:21<01:38, 37.29it/s]
Epoch: 1, loss: 24.4649, recon: 23.6475, kld: 44.4713, type loss: -12.6268, pos loss: -6.2649,all df_loss: 0.5951:  59%|█████▉    | 5344/9000 
[02:22<01:38, 37.29it/s]
Epoch: 1, loss: 24.4649, recon: 23.6475, kld: 44.4713, type loss: -12.6268, pos loss: -6.2649,all df_loss: 0.5951:  60%|█████▉    | 5360/9000 
[02:22<01:38, 36.98it/s]
Epoch: 1, loss: 25.3505, recon: 24.5273, kld: 48.1566, type loss: -12.7130, pos loss: -6.0029,all df_loss: 0.5824:  60%|█████▉    | 5360/9000 
[02:22<01:38, 36.98it/s]
Epoch: 1, loss: 25.3505, recon: 24.5273, kld: 48.1566, type loss: -12.7130, pos loss: -6.0029,all df_loss: 0.5824:  60%|█████▉    | 5376/9000 
[02:22<01:41, 35.56it/s]
Epoch: 1, loss: 18.8235, recon: 18.0813, kld: 47.7763, type loss: -9.9204, pos loss: -4.3821,all df_loss: 0.5033:  60%|█████▉    | 5376/9000 [02:23<01:41, 
35.56it/s] 
Epoch: 1, loss: 18.8235, recon: 18.0813, kld: 47.7763, type loss: -9.9204, pos loss: -4.3821,all df_loss: 0.5033:  60%|█████▉    | 5392/9000 [02:23<01:40, 
35.92it/s]
Epoch: 1, loss: 23.1668, recon: 22.3485, kld: 51.6887, type loss: -12.0162, pos loss: -5.9161,all df_loss: 0.5599:  60%|█████▉    | 5392/9000 
[02:23<01:40, 35.92it/s]
Epoch: 1, loss: 23.1668, recon: 22.3485, kld: 51.6887, type loss: -12.0162, pos loss: -5.9161,all df_loss: 0.5599:  60%|██████    | 5408/9000 
[02:23<01:40, 35.62it/s]
Epoch: 1, loss: 23.4874, recon: 22.6824, kld: 48.4533, type loss: -12.0565, pos loss: -6.2173,all df_loss: 0.5628:  60%|██████    | 5408/9000 
[02:23<01:40, 35.62it/s]
Epoch: 1, loss: 23.4874, recon: 22.6824, kld: 48.4533, type loss: -12.0565, pos loss: -6.2173,all df_loss: 0.5628:  60%|██████    | 5424/9000 
[02:24<01:38, 36.29it/s]
Epoch: 1, loss: 25.5879, recon: 24.7856, kld: 45.0689, type loss: -13.4378, pos loss: -6.0981,all df_loss: 0.5769:  60%|██████    | 5424/9000 
[02:24<01:38, 36.29it/s]
Epoch: 1, loss: 25.5879, recon: 24.7856, kld: 45.0689, type loss: -13.4378, pos loss: -6.0981,all df_loss: 0.5769:  60%|██████    | 5440/9000 
[02:24<01:39, 35.93it/s]
Epoch: 1, loss: 24.0749, recon: 23.2177, kld: 53.7793, type loss: -12.6803, pos loss: -5.9775,all df_loss: 0.5883:  60%|██████    | 5440/9000 
[02:24<01:39, 35.93it/s]
Epoch: 1, loss: 24.0749, recon: 23.2177, kld: 53.7793, type loss: -12.6803, pos loss: -5.9775,all df_loss: 0.5883:  61%|██████    | 5456/9000 
[02:25<01:39, 35.45it/s]
Epoch: 1, loss: 24.3773, recon: 23.6108, kld: 52.2918, type loss: -12.7825, pos loss: -5.9493,all df_loss: 0.5051:  61%|██████    | 5456/9000 
[02:25<01:39, 35.45it/s]
Epoch: 1, loss: 24.3773, recon: 23.6108, kld: 52.2918, type loss: -12.7825, pos loss: -5.9493,all df_loss: 0.5051:  61%|██████    | 5472/9000 
[02:25<01:38, 35.76it/s]
Epoch: 1, loss: 19.6664, recon: 18.9388, kld: 46.5614, type loss: -10.0054, pos loss: -4.7965,all df_loss: 0.4948:  61%|██████    | 5472/9000 
[02:25<01:38, 35.76it/s]
Epoch: 1, loss: 19.6664, recon: 18.9388, kld: 46.5614, type loss: -10.0054, pos loss: -4.7965,all df_loss: 0.4948:  61%|██████    | 5488/9000 
[02:25<01:34, 37.31it/s]
Epoch: 1, loss: 23.6272, recon: 22.8466, kld: 48.5449, type loss: -11.8343, pos loss: -6.2649,all df_loss: 0.5379:  61%|██████    | 5488/9000 
[02:26<01:34, 37.31it/s]
Epoch: 1, loss: 23.6272, recon: 22.8466, kld: 48.5449, type loss: -11.8343, pos loss: -6.2649,all df_loss: 0.5379:  61%|██████    | 5504/9000 
[02:26<01:32, 37.84it/s]
Epoch: 1, loss: 22.6832, recon: 22.0054, kld: 41.8372, type loss: -11.9215, pos loss: -5.3278,all df_loss: 0.4685:  61%|██████    | 5504/9000 
[02:26<01:32, 37.84it/s]
Epoch: 1, loss: 22.6832, recon: 22.0054, kld: 41.8372, type loss: -11.9215, pos loss: -5.3278,all df_loss: 0.4685:  61%|██████▏   | 5520/9000 
[02:26<01:31, 37.99it/s]
Epoch: 1, loss: 26.0065, recon: 25.2509, kld: 42.7417, type loss: -13.3622, pos loss: -6.5659,all df_loss: 0.5419:  61%|██████▏   | 5520/9000 
[02:26<01:31, 37.99it/s]
Epoch: 1, loss: 26.0065, recon: 25.2509, kld: 42.7417, type loss: -13.3622, pos loss: -6.5659,all df_loss: 0.5419:  62%|██████▏   | 5536/9000 
[02:27<01:31, 37.98it/s]
Epoch: 1, loss: 21.8163, recon: 21.0409, kld: 47.1326, type loss: -11.5076, pos loss: -5.1628,all df_loss: 0.5397:  62%|██████▏   | 5536/9000 
[02:27<01:31, 37.98it/s]
Epoch: 1, loss: 21.8163, recon: 21.0409, kld: 47.1326, type loss: -11.5076, pos loss: -5.1628,all df_loss: 0.5397:  62%|██████▏   | 5552/9000 
[02:27<01:31, 37.86it/s]
Epoch: 1, loss: 23.7536, recon: 22.9206, kld: 44.0505, type loss: -12.6153, pos loss: -5.9264,all df_loss: 0.6127:  62%|██████▏   | 5552/9000 
[02:27<01:31, 37.86it/s]
Epoch: 1, loss: 23.7536, recon: 22.9206, kld: 44.0505, type loss: -12.6153, pos loss: -5.9264,all df_loss: 0.6127:  62%|██████▏   | 5568/9000 
[02:28<01:32, 37.24it/s]
Epoch: 1, loss: 22.2088, recon: 21.3378, kld: 45.9895, type loss: -11.8447, pos loss: -5.5820,all df_loss: 0.6410:  62%|██████▏   | 5568/9000 
[02:28<01:32, 37.24it/s]
Epoch: 1, loss: 22.2088, recon: 21.3378, kld: 45.9895, type loss: -11.8447, pos loss: -5.5820,all df_loss: 0.6410:  62%|██████▏   | 5584/9000 
[02:28<01:31, 37.34it/s]
Epoch: 1, loss: 23.7154, recon: 22.7778, kld: 53.0710, type loss: -12.9728, pos loss: -5.6669,all df_loss: 0.6722:  62%|██████▏   | 5584/9000 
[02:28<01:31, 37.34it/s]
Epoch: 1, loss: 23.7154, recon: 22.7778, kld: 53.0710, type loss: -12.9728, pos loss: -5.6669,all df_loss: 0.6722:  62%|██████▏   | 5600/9000 
[02:28<01:30, 37.36it/s]
Epoch: 1, loss: 23.3973, recon: 22.6932, kld: 50.7863, type loss: -12.5546, pos loss: -5.9373,all df_loss: 0.4502:  62%|██████▏   | 5600/9000 
[02:29<01:30, 37.36it/s]
Epoch: 1, loss: 23.3973, recon: 22.6932, kld: 50.7863, type loss: -12.5546, pos loss: -5.9373,all df_loss: 0.4502:  62%|██████▏   | 5616/9000 
[02:29<01:29, 37.72it/s]
Epoch: 1, loss: 21.5271, recon: 20.7730, kld: 40.8672, type loss: -11.1142, pos loss: -5.4030,all df_loss: 0.5497:  62%|██████▏   | 5616/9000 
[02:29<01:29, 37.72it/s]
Epoch: 1, loss: 21.5271, recon: 20.7730, kld: 40.8672, type loss: -11.1142, pos loss: -5.4030,all df_loss: 0.5497:  63%|██████▎   | 5632/9000 
[02:29<01:28, 37.99it/s]
Epoch: 1, loss: 21.4845, recon: 20.7697, kld: 38.6706, type loss: -11.3472, pos loss: -5.2169,all df_loss: 0.5215:  63%|██████▎   | 5632/9000 
[02:29<01:28, 37.99it/s]
Epoch: 1, loss: 21.4845, recon: 20.7697, kld: 38.6706, type loss: -11.3472, pos loss: -5.2169,all df_loss: 0.5215:  63%|██████▎   | 5648/9000 
[02:30<01:28, 37.74it/s]
Epoch: 1, loss: 20.9717, recon: 20.1866, kld: 48.4365, type loss: -10.5936, pos loss: -5.5515,all df_loss: 0.5429:  63%|██████▎   | 5648/9000 
[02:30<01:28, 37.74it/s]
Epoch: 1, loss: 20.9717, recon: 20.1866, kld: 48.4365, type loss: -10.5936, pos loss: -5.5515,all df_loss: 0.5429:  63%|██████▎   | 5664/9000 
[02:30<01:27, 38.08it/s]
Epoch: 1, loss: 25.6509, recon: 24.8170, kld: 48.2707, type loss: -13.6230, pos loss: -6.6041,all df_loss: 0.5925:  63%|██████▎   | 5664/9000 
[02:30<01:27, 38.08it/s]
Epoch: 1, loss: 25.6509, recon: 24.8170, kld: 48.2707, type loss: -13.6230, pos loss: -6.6041,all df_loss: 0.5925:  63%|██████▎   | 5680/9000 
[02:30<01:28, 37.50it/s]
Epoch: 1, loss: 22.3248, recon: 21.6340, kld: 37.2075, type loss: -11.5938, pos loss: -5.4798,all df_loss: 0.5048:  63%|██████▎   | 5680/9000 
[02:31<01:28, 37.50it/s]
Epoch: 1, loss: 22.3248, recon: 21.6340, kld: 37.2075, type loss: -11.5938, pos loss: -5.4798,all df_loss: 0.5048:  63%|██████▎   | 5696/9000 
[02:31<01:27, 37.87it/s]
Epoch: 1, loss: 23.7302, recon: 23.0412, kld: 32.9478, type loss: -11.8833, pos loss: -5.6392,all df_loss: 0.5244:  63%|██████▎   | 5696/9000 
[02:31<01:27, 37.87it/s]
Epoch: 1, loss: 23.7302, recon: 23.0412, kld: 32.9478, type loss: -11.8833, pos loss: -5.6392,all df_loss: 0.5244:  63%|██████▎   | 5712/9000 
[02:31<01:27, 37.79it/s]
Epoch: 1, loss: 22.0981, recon: 21.2821, kld: 48.1521, type loss: -11.8528, pos loss: -5.3411,all df_loss: 0.5753:  63%|██████▎   | 5712/9000 
[02:32<01:27, 37.79it/s]
Epoch: 1, loss: 22.0981, recon: 21.2821, kld: 48.1521, type loss: -11.8528, pos loss: -5.3411,all df_loss: 0.5753:  64%|██████▎   | 5728/9000 
[02:32<01:26, 37.63it/s]
Epoch: 1, loss: 21.1668, recon: 20.4115, kld: 46.7204, type loss: -11.5546, pos loss: -5.2553,all df_loss: 0.5217:  64%|██████▎   | 5728/9000 
[02:32<01:26, 37.63it/s]
Epoch: 1, loss: 21.1668, recon: 20.4115, kld: 46.7204, type loss: -11.5546, pos loss: -5.2553,all df_loss: 0.5217:  64%|██████▍   | 5744/9000 
[02:32<01:26, 37.80it/s]
Epoch: 1, loss: 21.5061, recon: 20.6731, kld: 44.8627, type loss: -11.4504, pos loss: -5.4943,all df_loss: 0.6086:  64%|██████▍   | 5744/9000 
[02:32<01:26, 37.80it/s]
Epoch: 1, loss: 21.5061, recon: 20.6731, kld: 44.8627, type loss: -11.4504, pos loss: -5.4943,all df_loss: 0.6086:  64%|██████▍   | 5760/9000 
[02:33<01:25, 37.90it/s]
Epoch: 1, loss: 21.5182, recon: 20.8039, kld: 43.9040, type loss: -11.5391, pos loss: -5.6517,all df_loss: 0.4948:  64%|██████▍   | 5760/9000 
[02:33<01:25, 37.90it/s]
Epoch: 1, loss: 21.5182, recon: 20.8039, kld: 43.9040, type loss: -11.5391, pos loss: -5.6517,all df_loss: 0.4948:  64%|██████▍   | 5776/9000 
[02:33<01:23, 38.43it/s]
Epoch: 1, loss: 23.9477, recon: 23.0902, kld: 49.8713, type loss: -13.1526, pos loss: -6.1317,all df_loss: 0.6082:  64%|██████▍   | 5776/9000 
[02:33<01:23, 38.43it/s]
Epoch: 1, loss: 23.9477, recon: 23.0902, kld: 49.8713, type loss: -13.1526, pos loss: -6.1317,all df_loss: 0.6082:  64%|██████▍   | 5792/9000 
[02:33<01:23, 38.33it/s]
Epoch: 1, loss: 23.4308, recon: 22.6755, kld: 47.1764, type loss: -12.2864, pos loss: -6.1604,all df_loss: 0.5195:  64%|██████▍   | 5792/9000 
[02:34<01:23, 38.33it/s]
Epoch: 1, loss: 23.4308, recon: 22.6755, kld: 47.1764, type loss: -12.2864, pos loss: -6.1604,all df_loss: 0.5195:  65%|██████▍   | 5808/9000 
[02:34<01:24, 37.78it/s]
Epoch: 1, loss: 21.8957, recon: 21.0680, kld: 42.9933, type loss: -11.9450, pos loss: -5.6428,all df_loss: 0.6128:  65%|██████▍   | 5808/9000 
[02:34<01:24, 37.78it/s]
Epoch: 1, loss: 21.8957, recon: 21.0680, kld: 42.9933, type loss: -11.9450, pos loss: -5.6428,all df_loss: 0.6128:  65%|██████▍   | 5824/9000 
[02:34<01:23, 37.87it/s]
Epoch: 1, loss: 23.5083, recon: 22.7124, kld: 38.2866, type loss: -12.0399, pos loss: -5.7059,all df_loss: 0.6045:  65%|██████▍   | 5824/9000 
[02:34<01:23, 37.87it/s]
Epoch: 1, loss: 23.5083, recon: 22.7124, kld: 38.2866, type loss: -12.0399, pos loss: -5.7059,all df_loss: 0.6045:  65%|██████▍   | 5840/9000 
[02:35<01:23, 37.93it/s]
Epoch: 1, loss: 21.6934, recon: 20.8652, kld: 55.9978, type loss: -11.5702, pos loss: -5.7438,all df_loss: 0.5482:  65%|██████▍   | 5840/9000 
[02:35<01:23, 37.93it/s]
Epoch: 1, loss: 21.6934, recon: 20.8652, kld: 55.9978, type loss: -11.5702, pos loss: -5.7438,all df_loss: 0.5482:  65%|██████▌   | 5856/9000 
[02:35<01:22, 38.18it/s]
Epoch: 1, loss: 22.5559, recon: 21.8808, kld: 42.7070, type loss: -11.5916, pos loss: -5.4458,all df_loss: 0.4616:  65%|██████▌   | 5856/9000 
[02:35<01:22, 38.18it/s]
Epoch: 1, loss: 22.5559, recon: 21.8808, kld: 42.7070, type loss: -11.5916, pos loss: -5.4458,all df_loss: 0.4616:  65%|██████▌   | 5872/9000 
[02:36<01:22, 37.80it/s]
Epoch: 1, loss: 22.9442, recon: 22.1612, kld: 41.4271, type loss: -12.5060, pos loss: -5.5440,all df_loss: 0.5759:  65%|██████▌   | 5872/9000 
[02:36<01:22, 37.80it/s]
Epoch: 1, loss: 22.9442, recon: 22.1612, kld: 41.4271, type loss: -12.5060, pos loss: -5.5440,all df_loss: 0.5759:  65%|██████▌   | 5888/9000 
[02:36<01:23, 37.31it/s]
Epoch: 1, loss: 25.2374, recon: 24.3683, kld: 45.7340, type loss: -13.3785, pos loss: -6.3385,all df_loss: 0.6405:  65%|██████▌   | 5888/9000 
[02:36<01:23, 37.31it/s]
Epoch: 1, loss: 25.2374, recon: 24.3683, kld: 45.7340, type loss: -13.3785, pos loss: -6.3385,all df_loss: 0.6405:  66%|██████▌   | 5904/9000 
[02:36<01:24, 36.71it/s]
Epoch: 1, loss: 21.1461, recon: 20.3479, kld: 46.8922, type loss: -11.4871, pos loss: -5.0376,all df_loss: 0.5638:  66%|██████▌   | 5904/9000 
[02:37<01:24, 36.71it/s]
Epoch: 1, loss: 21.1461, recon: 20.3479, kld: 46.8922, type loss: -11.4871, pos loss: -5.0376,all df_loss: 0.5638:  66%|██████▌   | 5920/9000 
[02:37<01:23, 37.08it/s]
Epoch: 1, loss: 24.4357, recon: 23.7591, kld: 33.6628, type loss: -12.4453, pos loss: -6.4151,all df_loss: 0.5083:  66%|██████▌   | 5920/9000 
[02:37<01:23, 37.08it/s]
Epoch: 1, loss: 24.4357, recon: 23.7591, kld: 33.6628, type loss: -12.4453, pos loss: -6.4151,all df_loss: 0.5083:  66%|██████▌   | 5936/9000 
[02:37<01:22, 37.01it/s]
Epoch: 1, loss: 23.4349, recon: 22.6887, kld: 33.6297, type loss: -12.1165, pos loss: -5.9468,all df_loss: 0.5781:  66%|██████▌   | 5936/9000 
[02:37<01:22, 37.01it/s]
Epoch: 1, loss: 23.4349, recon: 22.6887, kld: 33.6297, type loss: -12.1165, pos loss: -5.9468,all df_loss: 0.5781:  66%|██████▌   | 5952/9000 
[02:38<01:22, 36.94it/s]
Epoch: 1, loss: 21.6701, recon: 20.9913, kld: 35.4566, type loss: -11.5634, pos loss: -5.2786,all df_loss: 0.5015:  66%|██████▌   | 5952/9000 
[02:38<01:22, 36.94it/s]
Epoch: 1, loss: 21.6701, recon: 20.9913, kld: 35.4566, type loss: -11.5634, pos loss: -5.2786,all df_loss: 0.5015:  66%|██████▋   | 5968/9000 
[02:38<01:21, 37.34it/s]
Epoch: 1, loss: 25.7036, recon: 24.9070, kld: 42.4748, type loss: -13.5838, pos loss: -6.6264,all df_loss: 0.5842:  66%|██████▋   | 5968/9000 
[02:38<01:21, 37.34it/s]
Epoch: 1, loss: 25.7036, recon: 24.9070, kld: 42.4748, type loss: -13.5838, pos loss: -6.6264,all df_loss: 0.5842:  66%|██████▋   | 5984/9000 
[02:39<01:22, 36.66it/s]
Epoch: 1, loss: 20.2129, recon: 19.4867, kld: 35.8411, type loss: -10.2507, pos loss: -5.1436,all df_loss: 0.5470:  66%|██████▋   | 5984/9000 
[02:39<01:22, 36.66it/s]
Epoch: 1, loss: 20.2129, recon: 19.4867, kld: 35.8411, type loss: -10.2507, pos loss: -5.1436,all df_loss: 0.5470:  67%|██████▋   | 6000/9000 
[02:39<01:21, 36.98it/s]
Epoch: 1, loss: 22.6290, recon: 21.8617, kld: 42.3811, type loss: -12.3014, pos loss: -5.4038,all df_loss: 0.5554:  67%|██████▋   | 6000/9000 
[02:39<01:21, 36.98it/s]
Epoch: 1, loss: 22.6290, recon: 21.8617, kld: 42.3811, type loss: -12.3014, pos loss: -5.4038,all df_loss: 0.5554:  67%|██████▋   | 6016/9000 
[02:39<01:20, 36.99it/s]
Epoch: 1, loss: 24.7259, recon: 24.0112, kld: 40.9291, type loss: -13.0619, pos loss: -6.3038,all df_loss: 0.5100:  67%|██████▋   | 6016/9000 
[02:40<01:20, 36.99it/s]
Epoch: 1, loss: 24.7259, recon: 24.0112, kld: 40.9291, type loss: -13.0619, pos loss: -6.3038,all df_loss: 0.5100:  67%|██████▋   | 6032/9000 
[02:40<01:19, 37.25it/s]
Epoch: 1, loss: 23.3241, recon: 22.5368, kld: 47.0705, type loss: -13.0051, pos loss: -6.0133,all df_loss: 0.5519:  67%|██████▋   | 6032/9000 
[02:40<01:19, 37.25it/s]
Epoch: 1, loss: 23.3241, recon: 22.5368, kld: 47.0705, type loss: -13.0051, pos loss: -6.0133,all df_loss: 0.5519:  67%|██████▋   | 6048/9000 
[02:40<01:19, 37.34it/s]
Epoch: 1, loss: 21.7832, recon: 20.9994, kld: 37.4682, type loss: -11.3860, pos loss: -5.7311,all df_loss: 0.5964:  67%|██████▋   | 6048/9000 
[02:40<01:19, 37.34it/s]
Epoch: 1, loss: 21.7832, recon: 20.9994, kld: 37.4682, type loss: -11.3860, pos loss: -5.7311,all df_loss: 0.5964:  67%|██████▋   | 6064/9000 
[02:41<01:16, 38.28it/s]
Epoch: 1, loss: 23.5789, recon: 22.8486, kld: 34.0508, type loss: -12.7840, pos loss: -5.8787,all df_loss: 0.5600:  67%|██████▋   | 6064/9000 
[02:41<01:16, 38.28it/s]
Epoch: 1, loss: 23.5789, recon: 22.8486, kld: 34.0508, type loss: -12.7840, pos loss: -5.8787,all df_loss: 0.5600:  68%|██████▊   | 6080/9000 
[02:41<01:14, 39.06it/s]
Epoch: 1, loss: 24.0879, recon: 23.2977, kld: 45.1063, type loss: -12.6648, pos loss: -6.2087,all df_loss: 0.5647:  68%|██████▊   | 6080/9000 
[02:41<01:14, 39.06it/s]
Epoch: 1, loss: 24.0879, recon: 23.2977, kld: 45.1063, type loss: -12.6648, pos loss: -6.2087,all df_loss: 0.5647:  68%|██████▊   | 6096/9000 
[02:41<01:13, 39.48it/s]
Epoch: 1, loss: 19.7802, recon: 19.1043, kld: 28.6615, type loss: -10.3785, pos loss: -4.4557,all df_loss: 0.5326:  68%|██████▊   | 6096/9000 
[02:42<01:13, 39.48it/s]
Epoch: 1, loss: 19.7802, recon: 19.1043, kld: 28.6615, type loss: -10.3785, pos loss: -4.4557,all df_loss: 0.5326:  68%|██████▊   | 6112/9000 
[02:42<01:12, 39.81it/s]
Epoch: 1, loss: 22.8110, recon: 21.8984, kld: 51.5229, type loss: -12.4196, pos loss: -5.8216,all df_loss: 0.6549:  68%|██████▊   | 6112/9000 
[02:42<01:12, 39.81it/s]
Epoch: 1, loss: 22.8110, recon: 21.8984, kld: 51.5229, type loss: -12.4196, pos loss: -5.8216,all df_loss: 0.6549:  68%|██████▊   | 6128/9000 
[02:42<01:11, 39.92it/s]
Epoch: 1, loss: 22.0487, recon: 21.3905, kld: 38.5591, type loss: -11.6836, pos loss: -5.6585,all df_loss: 0.4654:  68%|██████▊   | 6128/9000 
[02:42<01:11, 39.92it/s]
Epoch: 1, loss: 22.0487, recon: 21.3905, kld: 38.5591, type loss: -11.6836, pos loss: -5.6585,all df_loss: 0.4654:  68%|██████▊   | 6144/9000 
[02:43<01:12, 39.44it/s]
Epoch: 1, loss: 23.0581, recon: 22.2308, kld: 53.5434, type loss: -12.6428, pos loss: -5.9799,all df_loss: 0.5596:  68%|██████▊   | 6144/9000 
[02:43<01:12, 39.44it/s]
Epoch: 1, loss: 23.0581, recon: 22.2308, kld: 53.5434, type loss: -12.6428, pos loss: -5.9799,all df_loss: 0.5596:  68%|██████▊   | 6160/9000 
[02:43<01:12, 39.40it/s]
Epoch: 1, loss: 21.8938, recon: 21.1336, kld: 39.7603, type loss: -12.0251, pos loss: -5.5521,all df_loss: 0.5614:  68%|██████▊   | 6160/9000 
[02:43<01:12, 39.40it/s]
Epoch: 1, loss: 21.8938, recon: 21.1336, kld: 39.7603, type loss: -12.0251, pos loss: -5.5521,all df_loss: 0.5614:  69%|██████▊   | 6176/9000 
[02:43<01:10, 39.81it/s]
Epoch: 1, loss: 23.6787, recon: 22.9754, kld: 44.1716, type loss: -12.4212, pos loss: -6.0249,all df_loss: 0.4824:  69%|██████▊   | 6176/9000 
[02:44<01:10, 39.81it/s]
Epoch: 1, loss: 23.6787, recon: 22.9754, kld: 44.1716, type loss: -12.4212, pos loss: -6.0249,all df_loss: 0.4824:  69%|██████▉   | 6192/9000 
[02:44<01:11, 39.54it/s]
Epoch: 1, loss: 21.9906, recon: 21.3303, kld: 35.4826, type loss: -11.9360, pos loss: -5.8147,all df_loss: 0.4829:  69%|██████▉   | 6192/9000 
[02:44<01:11, 39.54it/s]
Epoch: 1, loss: 21.9906, recon: 21.3303, kld: 35.4826, type loss: -11.9360, pos loss: -5.8147,all df_loss: 0.4829:  69%|██████▉   | 6208/9000 
[02:44<01:09, 40.12it/s]
Epoch: 1, loss: 22.3239, recon: 21.4714, kld: 52.5515, type loss: -12.5637, pos loss: -5.6713,all df_loss: 0.5898:  69%|██████▉   | 6208/9000 
[02:44<01:09, 40.12it/s]
Epoch: 1, loss: 22.3239, recon: 21.4714, kld: 52.5515, type loss: -12.5637, pos loss: -5.6713,all df_loss: 0.5898:  69%|██████▉   | 6224/9000 
[02:45<01:10, 39.29it/s]
Epoch: 1, loss: 23.2237, recon: 22.3197, kld: 46.1839, type loss: -12.3561, pos loss: -6.0927,all df_loss: 0.6731:  69%|██████▉   | 6224/9000 
[02:45<01:10, 39.29it/s]
Epoch: 1, loss: 23.2237, recon: 22.3197, kld: 46.1839, type loss: -12.3561, pos loss: -6.0927,all df_loss: 0.6731:  69%|██████▉   | 6240/9000 
[02:45<01:10, 39.07it/s]
Epoch: 1, loss: 19.4932, recon: 18.7165, kld: 44.1899, type loss: -10.3745, pos loss: -4.7433,all df_loss: 0.5558:  69%|██████▉   | 6240/9000 
[02:45<01:10, 39.07it/s]
Epoch: 1, loss: 19.4932, recon: 18.7165, kld: 44.1899, type loss: -10.3745, pos loss: -4.7433,all df_loss: 0.5558:  70%|██████▉   | 6256/9000 
[02:46<01:08, 39.85it/s]
Epoch: 1, loss: 27.5093, recon: 26.6405, kld: 45.9794, type loss: -14.3883, pos loss: -7.1230,all df_loss: 0.6390:  70%|██████▉   | 6256/9000 
[02:46<01:08, 39.85it/s]
Epoch: 1, loss: 27.5093, recon: 26.6405, kld: 45.9794, type loss: -14.3883, pos loss: -7.1230,all df_loss: 0.6390:  70%|██████▉   | 6272/9000 
[02:46<01:10, 38.89it/s]
Epoch: 1, loss: 24.2101, recon: 23.3601, kld: 47.9497, type loss: -13.3859, pos loss: -6.1733,all df_loss: 0.6102:  70%|██████▉   | 6272/9000 
[02:46<01:10, 38.89it/s]
Epoch: 1, loss: 24.2101, recon: 23.3601, kld: 47.9497, type loss: -13.3859, pos loss: -6.1733,all df_loss: 0.6102:  70%|██████▉   | 6288/9000 
[02:46<01:09, 39.19it/s]
Epoch: 1, loss: 21.4285, recon: 20.7707, kld: 36.2989, type loss: -11.8447, pos loss: -5.2105,all df_loss: 0.4763:  70%|██████▉   | 6288/9000 
[02:47<01:09, 39.19it/s]
Epoch: 1, loss: 21.4285, recon: 20.7707, kld: 36.2989, type loss: -11.8447, pos loss: -5.2105,all df_loss: 0.4763:  70%|███████   | 6304/9000 
[02:47<01:08, 39.57it/s]
Epoch: 1, loss: 24.9739, recon: 24.2179, kld: 44.7650, type loss: -12.9688, pos loss: -6.3487,all df_loss: 0.5322:  70%|███████   | 6304/9000 
[02:47<01:08, 39.57it/s]
Epoch: 1, loss: 24.9739, recon: 24.2179, kld: 44.7650, type loss: -12.9688, pos loss: -6.3487,all df_loss: 0.5322:  70%|███████   | 6320/9000 
[02:47<01:08, 39.16it/s]
Epoch: 1, loss: 21.4146, recon: 20.7443, kld: 39.6042, type loss: -11.3115, pos loss: -5.5373,all df_loss: 0.4723:  70%|███████   | 6320/9000 
[02:47<01:08, 39.16it/s]
Epoch: 1, loss: 21.4146, recon: 20.7443, kld: 39.6042, type loss: -11.3115, pos loss: -5.5373,all df_loss: 0.4723:  70%|███████   | 6336/9000 
[02:48<01:08, 39.07it/s]
Epoch: 1, loss: 22.8725, recon: 22.1481, kld: 40.9998, type loss: -12.2367, pos loss: -5.6671,all df_loss: 0.5193:  70%|███████   | 6336/9000 
[02:48<01:08, 39.07it/s]
Epoch: 1, loss: 22.8725, recon: 22.1481, kld: 40.9998, type loss: -12.2367, pos loss: -5.6671,all df_loss: 0.5193:  71%|███████   | 6352/9000 
[02:48<01:08, 38.42it/s]
Epoch: 1, loss: 21.5583, recon: 20.8729, kld: 37.7296, type loss: -11.5517, pos loss: -5.5154,all df_loss: 0.4968:  71%|███████   | 6352/9000 
[02:48<01:08, 38.42it/s]
Epoch: 1, loss: 21.5583, recon: 20.8729, kld: 37.7296, type loss: -11.5517, pos loss: -5.5154,all df_loss: 0.4968:  71%|███████   | 6368/9000 
[02:48<01:08, 38.68it/s]
Epoch: 1, loss: 22.8551, recon: 22.1596, kld: 36.0331, type loss: -12.5678, pos loss: -5.7407,all df_loss: 0.5153:  71%|███████   | 6368/9000 
[02:49<01:08, 38.68it/s]
Epoch: 1, loss: 22.8551, recon: 22.1596, kld: 36.0331, type loss: -12.5678, pos loss: -5.7407,all df_loss: 0.5153:  71%|███████   | 6384/9000 
[02:49<01:09, 37.87it/s]
Epoch: 1, loss: 21.8069, recon: 21.0210, kld: 44.9002, type loss: -11.9015, pos loss: -5.6451,all df_loss: 0.5614:  71%|███████   | 6384/9000 
[02:49<01:09, 37.87it/s]
Epoch: 1, loss: 21.8069, recon: 21.0210, kld: 44.9002, type loss: -11.9015, pos loss: -5.6451,all df_loss: 0.5614:  71%|███████   | 6400/9000 
[02:49<01:07, 38.52it/s]
Epoch: 1, loss: 22.4139, recon: 21.7835, kld: 36.5517, type loss: -12.2132, pos loss: -5.4480,all df_loss: 0.4476:  71%|███████   | 6400/9000 
[02:49<01:07, 38.52it/s]
Epoch: 1, loss: 22.4139, recon: 21.7835, kld: 36.5517, type loss: -12.2132, pos loss: -5.4480,all df_loss: 0.4476:  71%|███████▏  | 6416/9000 
[02:50<01:07, 38.38it/s]
Epoch: 1, loss: 22.2440, recon: 21.5016, kld: 31.5125, type loss: -11.4061, pos loss: -5.2948,all df_loss: 0.5848:  71%|███████▏  | 6416/9000 
[02:50<01:07, 38.38it/s]
Epoch: 1, loss: 22.2440, recon: 21.5016, kld: 31.5125, type loss: -11.4061, pos loss: -5.2948,all df_loss: 0.5848:  71%|███████▏  | 6432/9000 
[02:50<01:06, 38.88it/s]
Epoch: 1, loss: 24.6751, recon: 23.7921, kld: 52.5190, type loss: -13.5986, pos loss: -6.0855,all df_loss: 0.6204:  71%|███████▏  | 6432/9000 
[02:50<01:06, 38.88it/s]
Epoch: 1, loss: 24.6751, recon: 23.7921, kld: 52.5190, type loss: -13.5986, pos loss: -6.0855,all df_loss: 0.6204:  72%|███████▏  | 6448/9000 
[02:51<01:07, 37.88it/s]
Epoch: 1, loss: 21.5339, recon: 20.8090, kld: 41.9069, type loss: -11.8361, pos loss: -5.3151,all df_loss: 0.5154:  72%|███████▏  | 6448/9000 
[02:51<01:07, 37.88it/s]
Epoch: 1, loss: 21.5339, recon: 20.8090, kld: 41.9069, type loss: -11.8361, pos loss: -5.3151,all df_loss: 0.5154:  72%|███████▏  | 6464/9000 
[02:51<01:06, 38.09it/s]
Epoch: 1, loss: 22.2574, recon: 21.4887, kld: 41.7786, type loss: -11.5332, pos loss: -5.7330,all df_loss: 0.5598:  72%|███████▏  | 6464/9000 
[02:51<01:06, 38.09it/s]
Epoch: 1, loss: 22.2574, recon: 21.4887, kld: 41.7786, type loss: -11.5332, pos loss: -5.7330,all df_loss: 0.5598:  72%|███████▏  | 6480/9000 
[02:51<01:06, 37.95it/s]
Epoch: 1, loss: 20.5644, recon: 19.8847, kld: 37.8220, type loss: -11.3689, pos loss: -4.9306,all df_loss: 0.4906:  72%|███████▏  | 6480/9000 
[02:52<01:06, 37.95it/s]
Epoch: 1, loss: 20.5644, recon: 19.8847, kld: 37.8220, type loss: -11.3689, pos loss: -4.9306,all df_loss: 0.4906:  72%|███████▏  | 6496/9000 
[02:52<01:05, 38.10it/s]
Epoch: 1, loss: 19.5752, recon: 18.9246, kld: 32.3231, type loss: -10.4393, pos loss: -4.8461,all df_loss: 0.4890:  72%|███████▏  | 6496/9000 
[02:52<01:05, 38.10it/s]
Epoch: 1, loss: 19.5752, recon: 18.9246, kld: 32.3231, type loss: -10.4393, pos loss: -4.8461,all df_loss: 0.4890:  72%|███████▏  | 6512/9000 
[02:52<01:03, 38.88it/s]
Epoch: 1, loss: 26.6757, recon: 25.8565, kld: 41.6294, type loss: -13.8645, pos loss: -6.4122,all df_loss: 0.6111:  72%|███████▏  | 6512/9000 
[02:52<01:03, 38.88it/s]
Epoch: 1, loss: 26.6757, recon: 25.8565, kld: 41.6294, type loss: -13.8645, pos loss: -6.4122,all df_loss: 0.6111:  73%|███████▎  | 6528/9000 
[02:53<01:04, 38.04it/s]
Epoch: 1, loss: 24.3943, recon: 23.6067, kld: 41.1729, type loss: -13.2815, pos loss: -5.9597,all df_loss: 0.5818:  73%|███████▎  | 6528/9000 
[02:53<01:04, 38.04it/s]
Epoch: 1, loss: 24.3943, recon: 23.6067, kld: 41.1729, type loss: -13.2815, pos loss: -5.9597,all df_loss: 0.5818:  73%|███████▎  | 6544/9000 
[02:53<01:04, 37.93it/s]
Epoch: 1, loss: 22.9989, recon: 22.2123, kld: 45.9862, type loss: -12.4232, pos loss: -5.8358,all df_loss: 0.5567:  73%|███████▎  | 6544/9000 
[02:53<01:04, 37.93it/s]
Epoch: 1, loss: 22.9989, recon: 22.2123, kld: 45.9862, type loss: -12.4232, pos loss: -5.8358,all df_loss: 0.5567:  73%|███████▎  | 6560/9000 
[02:53<01:05, 37.25it/s]
Epoch: 1, loss: 23.0678, recon: 22.3232, kld: 33.4874, type loss: -11.9355, pos loss: -5.9023,all df_loss: 0.5772:  73%|███████▎  | 6560/9000 
[02:54<01:05, 37.25it/s]
Epoch: 1, loss: 23.0678, recon: 22.3232, kld: 33.4874, type loss: -11.9355, pos loss: -5.9023,all df_loss: 0.5772:  73%|███████▎  | 6576/9000 
[02:54<01:04, 37.33it/s]
Epoch: 1, loss: 21.6873, recon: 20.9487, kld: 47.4065, type loss: -11.7883, pos loss: -5.2498,all df_loss: 0.5016:  73%|███████▎  | 6576/9000 
[02:54<01:04, 37.33it/s]
Epoch: 1, loss: 21.6873, recon: 20.9487, kld: 47.4065, type loss: -11.7883, pos loss: -5.2498,all df_loss: 0.5016:  73%|███████▎  | 6592/9000 
[02:54<01:04, 37.61it/s]
Epoch: 1, loss: 21.4357, recon: 20.6808, kld: 41.4982, type loss: -11.5154, pos loss: -5.1094,all df_loss: 0.5475:  73%|███████▎  | 6592/9000 
[02:55<01:04, 37.61it/s]
Epoch: 1, loss: 21.4357, recon: 20.6808, kld: 41.4982, type loss: -11.5154, pos loss: -5.1094,all df_loss: 0.5475:  73%|███████▎  | 6608/9000 
[02:55<01:03, 37.90it/s]
Epoch: 1, loss: 22.7854, recon: 22.0015, kld: 43.9686, type loss: -12.0855, pos loss: -5.9296,all df_loss: 0.5641:  73%|███████▎  | 6608/9000 
[02:55<01:03, 37.90it/s]
Epoch: 1, loss: 22.7854, recon: 22.0015, kld: 43.9686, type loss: -12.0855, pos loss: -5.9296,all df_loss: 0.5641:  74%|███████▎  | 6624/9000 
[02:55<01:02, 37.74it/s]
Epoch: 1, loss: 21.9631, recon: 21.1953, kld: 48.5133, type loss: -11.8833, pos loss: -5.6889,all df_loss: 0.5252:  74%|███████▎  | 6624/9000 
[02:55<01:02, 37.74it/s]
Epoch: 1, loss: 21.9631, recon: 21.1953, kld: 48.5133, type loss: -11.8833, pos loss: -5.6889,all df_loss: 0.5252:  74%|███████▍  | 6640/9000 
[02:56<01:02, 37.81it/s]
Epoch: 1, loss: 22.9434, recon: 22.1991, kld: 40.1204, type loss: -11.9669, pos loss: -5.6562,all df_loss: 0.5437:  74%|███████▍  | 6640/9000 
[02:56<01:02, 37.81it/s]
Epoch: 1, loss: 22.9434, recon: 22.1991, kld: 40.1204, type loss: -11.9669, pos loss: -5.6562,all df_loss: 0.5437:  74%|███████▍  | 6656/9000 
[02:56<01:02, 37.68it/s]
Epoch: 1, loss: 22.0247, recon: 21.2248, kld: 48.6851, type loss: -11.6703, pos loss: -5.6338,all df_loss: 0.5564:  74%|███████▍  | 6656/9000 
[02:56<01:02, 37.68it/s]
Epoch: 1, loss: 22.0247, recon: 21.2248, kld: 48.6851, type loss: -11.6703, pos loss: -5.6338,all df_loss: 0.5564:  74%|███████▍  | 6672/9000 
[02:56<01:01, 38.10it/s]
Epoch: 1, loss: 19.5253, recon: 18.7674, kld: 46.5050, type loss: -10.8454, pos loss: -4.9255,all df_loss: 0.5253:  74%|███████▍  | 6672/9000 
[02:57<01:01, 38.10it/s]
Epoch: 1, loss: 19.5253, recon: 18.7674, kld: 46.5050, type loss: -10.8454, pos loss: -4.9255,all df_loss: 0.5253:  74%|███████▍  | 6688/9000 
[02:57<01:00, 38.19it/s]
Epoch: 1, loss: 23.3305, recon: 22.4896, kld: 56.2645, type loss: -12.2967, pos loss: -6.2790,all df_loss: 0.5596:  74%|███████▍  | 6688/9000 
[02:57<01:00, 38.19it/s]
Epoch: 1, loss: 23.3305, recon: 22.4896, kld: 56.2645, type loss: -12.2967, pos loss: -6.2790,all df_loss: 0.5596:  74%|███████▍  | 6704/9000 
[02:57<01:01, 37.13it/s]
Epoch: 1, loss: 22.5147, recon: 21.9055, kld: 35.9532, type loss: -11.5271, pos loss: -5.3873,all df_loss: 0.4294:  74%|███████▍  | 6704/9000 
[02:57<01:01, 37.13it/s]
Epoch: 1, loss: 22.5147, recon: 21.9055, kld: 35.9532, type loss: -11.5271, pos loss: -5.3873,all df_loss: 0.4294:  75%|███████▍  | 6720/9000 
[02:58<01:01, 37.37it/s]
Epoch: 1, loss: 21.5642, recon: 20.7812, kld: 40.8908, type loss: -11.2515, pos loss: -5.2608,all df_loss: 0.5785:  75%|███████▍  | 6720/9000 
[02:58<01:01, 37.37it/s]
Epoch: 1, loss: 21.5642, recon: 20.7812, kld: 40.8908, type loss: -11.2515, pos loss: -5.2608,all df_loss: 0.5785:  75%|███████▍  | 6736/9000 
[02:58<01:00, 37.42it/s]
Epoch: 1, loss: 20.4425, recon: 19.7238, kld: 39.8201, type loss: -10.7336, pos loss: -5.0977,all df_loss: 0.5195:  75%|███████▍  | 6736/9000 
[02:58<01:00, 37.42it/s]
Epoch: 1, loss: 20.4425, recon: 19.7238, kld: 39.8201, type loss: -10.7336, pos loss: -5.0977,all df_loss: 0.5195:  75%|███████▌  | 6752/9000 
[02:59<00:58, 38.31it/s]
Epoch: 1, loss: 22.0522, recon: 21.3327, kld: 36.6710, type loss: -11.6149, pos loss: -5.5910,all df_loss: 0.5361:  75%|███████▌  | 6752/9000 
[02:59<00:58, 38.31it/s]
Epoch: 1, loss: 22.0522, recon: 21.3327, kld: 36.6710, type loss: -11.6149, pos loss: -5.5910,all df_loss: 0.5361:  75%|███████▌  | 6768/9000 
[02:59<00:58, 38.29it/s]
Epoch: 1, loss: 21.3495, recon: 20.6610, kld: 42.0951, type loss: -11.4451, pos loss: -5.2916,all df_loss: 0.4780:  75%|███████▌  | 6768/9000 
[02:59<00:58, 38.29it/s]
Epoch: 1, loss: 21.3495, recon: 20.6610, kld: 42.0951, type loss: -11.4451, pos loss: -5.2916,all df_loss: 0.4780:  75%|███████▌  | 6784/9000 
[02:59<00:57, 38.21it/s]
Epoch: 1, loss: 21.8483, recon: 21.0580, kld: 38.9604, type loss: -11.9742, pos loss: -5.3292,all df_loss: 0.5955:  75%|███████▌  | 6784/9000 
[03:00<00:57, 38.21it/s]
Epoch: 1, loss: 21.8483, recon: 21.0580, kld: 38.9604, type loss: -11.9742, pos loss: -5.3292,all df_loss: 0.5955:  76%|███████▌  | 6800/9000 
[03:00<00:57, 38.29it/s]
Epoch: 1, loss: 21.2340, recon: 20.4310, kld: 37.4178, type loss: -11.4564, pos loss: -5.1327,all df_loss: 0.6160:  76%|███████▌  | 6800/9000 
[03:00<00:57, 38.29it/s]
Epoch: 1, loss: 21.2340, recon: 20.4310, kld: 37.4178, type loss: -11.4564, pos loss: -5.1327,all df_loss: 0.6160:  76%|███████▌  | 6816/9000 
[03:00<00:57, 38.25it/s]
Epoch: 1, loss: 23.5853, recon: 22.8206, kld: 46.2957, type loss: -12.8124, pos loss: -6.0398,all df_loss: 0.5332:  76%|███████▌  | 6816/9000 
[03:00<00:57, 38.25it/s]
Epoch: 1, loss: 23.5853, recon: 22.8206, kld: 46.2957, type loss: -12.8124, pos loss: -6.0398,all df_loss: 0.5332:  76%|███████▌  | 6832/9000 
[03:01<00:57, 37.85it/s]
Epoch: 1, loss: 19.7757, recon: 19.0380, kld: 43.7662, type loss: -10.8949, pos loss: -4.8624,all df_loss: 0.5189:  76%|███████▌  | 6832/9000 
[03:01<00:57, 37.85it/s]
Epoch: 1, loss: 19.7757, recon: 19.0380, kld: 43.7662, type loss: -10.8949, pos loss: -4.8624,all df_loss: 0.5189:  76%|███████▌  | 6848/9000 
[03:01<00:56, 37.93it/s]
Epoch: 1, loss: 23.9620, recon: 23.1318, kld: 43.2708, type loss: -12.4571, pos loss: -6.0726,all df_loss: 0.6138:  76%|███████▌  | 6848/9000 
[03:01<00:56, 37.93it/s]
Epoch: 1, loss: 23.9620, recon: 23.1318, kld: 43.2708, type loss: -12.4571, pos loss: -6.0726,all df_loss: 0.6138:  76%|███████▋  | 6864/9000 
[03:01<00:56, 37.73it/s]
Epoch: 1, loss: 21.8047, recon: 21.1279, kld: 43.9558, type loss: -12.1368, pos loss: -5.4560,all df_loss: 0.4570:  76%|███████▋  | 6864/9000 
[03:02<00:56, 37.73it/s]
Epoch: 1, loss: 21.8047, recon: 21.1279, kld: 43.9558, type loss: -12.1368, pos loss: -5.4560,all df_loss: 0.4570:  76%|███████▋  | 6880/9000 
[03:02<00:57, 36.92it/s]
Epoch: 1, loss: 22.6667, recon: 21.8367, kld: 49.1728, type loss: -12.5899, pos loss: -5.4327,all df_loss: 0.5842:  76%|███████▋  | 6880/9000 
[03:02<00:57, 36.92it/s]
Epoch: 1, loss: 22.6667, recon: 21.8367, kld: 49.1728, type loss: -12.5899, pos loss: -5.4327,all df_loss: 0.5842:  77%|███████▋  | 6896/9000 
[03:02<00:57, 36.63it/s]
Epoch: 1, loss: 21.5083, recon: 20.8422, kld: 40.5791, type loss: -11.4418, pos loss: -5.5378,all df_loss: 0.4632:  77%|███████▋  | 6896/9000 
[03:03<00:57, 36.63it/s]
Epoch: 1, loss: 21.5083, recon: 20.8422, kld: 40.5791, type loss: -11.4418, pos loss: -5.5378,all df_loss: 0.4632:  77%|███████▋  | 6912/9000 
[03:03<00:56, 37.14it/s]
Epoch: 1, loss: 21.3904, recon: 20.6462, kld: 50.1013, type loss: -11.6277, pos loss: -5.6200,all df_loss: 0.4937:  77%|███████▋  | 6912/9000 
[03:03<00:56, 37.14it/s]
Epoch: 1, loss: 21.3904, recon: 20.6462, kld: 50.1013, type loss: -11.6277, pos loss: -5.6200,all df_loss: 0.4937:  77%|███████▋  | 6928/9000 
[03:03<00:55, 37.29it/s]
Epoch: 1, loss: 20.9412, recon: 20.1983, kld: 52.4075, type loss: -11.9832, pos loss: -4.7011,all df_loss: 0.4809:  77%|███████▋  | 6928/9000 
[03:03<00:55, 37.29it/s]
Epoch: 1, loss: 20.9412, recon: 20.1983, kld: 52.4075, type loss: -11.9832, pos loss: -4.7011,all df_loss: 0.4809:  77%|███████▋  | 6944/9000 
[03:04<00:54, 37.58it/s]
Epoch: 1, loss: 22.8697, recon: 22.0560, kld: 43.5084, type loss: -12.2879, pos loss: -5.7600,all df_loss: 0.5961:  77%|███████▋  | 6944/9000 
[03:04<00:54, 37.58it/s]
Epoch: 1, loss: 22.8697, recon: 22.0560, kld: 43.5084, type loss: -12.2879, pos loss: -5.7600,all df_loss: 0.5961:  77%|███████▋  | 6960/9000 
[03:04<00:54, 37.25it/s]
Epoch: 1, loss: 23.2694, recon: 22.4662, kld: 35.4374, type loss: -12.5352, pos loss: -5.6432,all df_loss: 0.6260:  77%|███████▋  | 6960/9000 
[03:04<00:54, 37.25it/s]
Epoch: 1, loss: 23.2694, recon: 22.4662, kld: 35.4374, type loss: -12.5352, pos loss: -5.6432,all df_loss: 0.6260:  78%|███████▊  | 6976/9000 
[03:05<00:54, 37.10it/s]
Epoch: 1, loss: 23.2040, recon: 22.4388, kld: 43.8738, type loss: -12.9666, pos loss: -5.7224,all df_loss: 0.5459:  78%|███████▊  | 6976/9000 
[03:05<00:54, 37.10it/s]
Epoch: 1, loss: 23.2040, recon: 22.4388, kld: 43.8738, type loss: -12.9666, pos loss: -5.7224,all df_loss: 0.5459:  78%|███████▊  | 6992/9000 
[03:05<00:54, 36.72it/s]
Epoch: 1, loss: 21.9956, recon: 21.2536, kld: 36.7191, type loss: -11.6835, pos loss: -5.8100,all df_loss: 0.5584:  78%|███████▊  | 6992/9000 
[03:05<00:54, 36.72it/s]
Epoch: 1, loss: 21.9956, recon: 21.2536, kld: 36.7191, type loss: -11.6835, pos loss: -5.8100,all df_loss: 0.5584:  78%|███████▊  | 7008/9000 
[03:05<00:53, 37.03it/s]
Epoch: 1, loss: 21.0781, recon: 20.3060, kld: 46.2320, type loss: -11.9278, pos loss: -5.1582,all df_loss: 0.5409:  78%|███████▊  | 7008/9000 
[03:06<00:53, 37.03it/s]
Epoch: 1, loss: 21.0781, recon: 20.3060, kld: 46.2320, type loss: -11.9278, pos loss: -5.1582,all df_loss: 0.5409:  78%|███████▊  | 7024/9000 
[03:06<00:53, 36.72it/s]
Epoch: 1, loss: 22.7110, recon: 21.8996, kld: 52.4336, type loss: -12.7674, pos loss: -6.0796,all df_loss: 0.5492:  78%|███████▊  | 7024/9000 
[03:06<00:53, 36.72it/s]
Epoch: 1, loss: 22.7110, recon: 21.8996, kld: 52.4336, type loss: -12.7674, pos loss: -6.0796,all df_loss: 0.5492:  78%|███████▊  | 7040/9000 
[03:06<00:52, 37.16it/s]
Epoch: 1, loss: 19.8197, recon: 19.0955, kld: 36.5650, type loss: -11.2311, pos loss: -4.7495,all df_loss: 0.5413:  78%|███████▊  | 7040/9000 
[03:06<00:52, 37.16it/s]
Epoch: 1, loss: 19.8197, recon: 19.0955, kld: 36.5650, type loss: -11.2311, pos loss: -4.7495,all df_loss: 0.5413:  78%|███████▊  | 7056/9000 
[03:07<00:51, 37.61it/s]
Epoch: 1, loss: 22.8039, recon: 21.9491, kld: 44.3503, type loss: -12.5368, pos loss: -6.0126,all df_loss: 0.6330:  78%|███████▊  | 7056/9000 
[03:07<00:51, 37.61it/s]
Epoch: 1, loss: 22.8039, recon: 21.9491, kld: 44.3503, type loss: -12.5368, pos loss: -6.0126,all df_loss: 0.6330:  79%|███████▊  | 7072/9000 
[03:07<00:51, 37.64it/s]
Epoch: 1, loss: 21.1479, recon: 20.3473, kld: 44.2595, type loss: -11.8105, pos loss: -5.4414,all df_loss: 0.5793:  79%|███████▊  | 7072/9000 
[03:07<00:51, 37.64it/s]
Epoch: 1, loss: 21.1479, recon: 20.3473, kld: 44.2595, type loss: -11.8105, pos loss: -5.4414,all df_loss: 0.5793:  79%|███████▉  | 7088/9000 
[03:08<00:50, 37.79it/s]
Epoch: 1, loss: 20.2781, recon: 19.6132, kld: 38.0204, type loss: -11.5348, pos loss: -4.9215,all df_loss: 0.4748:  79%|███████▉  | 7088/9000 
[03:08<00:50, 37.79it/s]
Epoch: 1, loss: 20.2781, recon: 19.6132, kld: 38.0204, type loss: -11.5348, pos loss: -4.9215,all df_loss: 0.4748:  79%|███████▉  | 7104/9000 
[03:08<00:49, 38.06it/s]
Epoch: 1, loss: 20.4302, recon: 19.7714, kld: 36.2610, type loss: -10.8253, pos loss: -5.5306,all df_loss: 0.4775:  79%|███████▉  | 7104/9000 
[03:08<00:49, 38.06it/s]
Epoch: 1, loss: 20.4302, recon: 19.7714, kld: 36.2610, type loss: -10.8253, pos loss: -5.5306,all df_loss: 0.4775:  79%|███████▉  | 7120/9000 
[03:08<00:48, 38.39it/s]
Epoch: 1, loss: 23.0270, recon: 22.3167, kld: 33.4368, type loss: -12.2493, pos loss: -5.7028,all df_loss: 0.5431:  79%|███████▉  | 7120/9000 
[03:09<00:48, 38.39it/s]
Epoch: 1, loss: 23.0270, recon: 22.3167, kld: 33.4368, type loss: -12.2493, pos loss: -5.7028,all df_loss: 0.5431:  79%|███████▉  | 7136/9000 
[03:09<00:49, 38.03it/s]
Epoch: 1, loss: 21.7566, recon: 21.0474, kld: 40.3966, type loss: -12.1518, pos loss: -5.5869,all df_loss: 0.5072:  79%|███████▉  | 7136/9000 
[03:09<00:49, 38.03it/s]
Epoch: 1, loss: 21.7566, recon: 21.0474, kld: 40.3966, type loss: -12.1518, pos loss: -5.5869,all df_loss: 0.5072:  79%|███████▉  | 7152/9000 
[03:09<00:49, 37.51it/s]
Epoch: 1, loss: 18.9020, recon: 18.1242, kld: 48.1386, type loss: -10.6974, pos loss: -4.4142,all df_loss: 0.5371:  79%|███████▉  | 7152/9000 
[03:09<00:49, 37.51it/s]
Epoch: 1, loss: 18.9020, recon: 18.1242, kld: 48.1386, type loss: -10.6974, pos loss: -4.4142,all df_loss: 0.5371:  80%|███████▉  | 7168/9000 
[03:10<00:47, 38.28it/s]
Epoch: 1, loss: 25.3149, recon: 24.5940, kld: 35.5642, type loss: -13.6977, pos loss: -6.9218,all df_loss: 0.5431:  80%|███████▉  | 7168/9000 
[03:10<00:47, 38.28it/s]
Epoch: 1, loss: 25.3149, recon: 24.5940, kld: 35.5642, type loss: -13.6977, pos loss: -6.9218,all df_loss: 0.5431:  80%|███████▉  | 7184/9000 
[03:10<00:48, 37.28it/s]
Epoch: 1, loss: 22.0880, recon: 21.3583, kld: 38.5596, type loss: -12.3616, pos loss: -5.6605,all df_loss: 0.5369:  80%|███████▉  | 7184/9000 
[03:10<00:48, 37.28it/s]
Epoch: 1, loss: 22.0880, recon: 21.3583, kld: 38.5596, type loss: -12.3616, pos loss: -5.6605,all df_loss: 0.5369:  80%|████████  | 7200/9000 
[03:10<00:47, 37.59it/s]
Epoch: 1, loss: 22.9682, recon: 22.2476, kld: 43.0763, type loss: -13.0156, pos loss: -5.7538,all df_loss: 0.5052:  80%|████████  | 7200/9000 
[03:11<00:47, 37.59it/s]
Epoch: 1, loss: 22.9682, recon: 22.2476, kld: 43.0763, type loss: -13.0156, pos loss: -5.7538,all df_loss: 0.5052:  80%|████████  | 7216/9000 
[03:11<00:47, 37.38it/s]
Epoch: 1, loss: 18.5271, recon: 17.8959, kld: 46.0473, type loss: -10.3868, pos loss: -4.8414,all df_loss: 0.4011:  80%|████████  | 7216/9000 
[03:11<00:47, 37.38it/s]
Epoch: 1, loss: 18.5271, recon: 17.8959, kld: 46.0473, type loss: -10.3868, pos loss: -4.8414,all df_loss: 0.4011:  80%|████████  | 7232/9000 
[03:11<00:46, 38.02it/s]
Epoch: 1, loss: 22.8433, recon: 22.1435, kld: 38.6570, type loss: -12.5452, pos loss: -5.8025,all df_loss: 0.5066:  80%|████████  | 7232/9000 
[03:12<00:46, 38.02it/s]
Epoch: 1, loss: 22.8433, recon: 22.1435, kld: 38.6570, type loss: -12.5452, pos loss: -5.8025,all df_loss: 0.5066:  81%|████████  | 7248/9000 
[03:12<00:45, 38.73it/s]
Epoch: 1, loss: 22.4128, recon: 21.6740, kld: 40.3157, type loss: -12.3777, pos loss: -5.8526,all df_loss: 0.5372:  81%|████████  | 7248/9000 
[03:12<00:45, 38.73it/s]
Epoch: 1, loss: 22.4128, recon: 21.6740, kld: 40.3157, type loss: -12.3777, pos loss: -5.8526,all df_loss: 0.5372:  81%|████████  | 7264/9000 
[03:12<00:44, 39.35it/s]
Epoch: 1, loss: 22.4948, recon: 21.7162, kld: 37.1501, type loss: -12.3894, pos loss: -5.5700,all df_loss: 0.5928:  81%|████████  | 7264/9000 
[03:12<00:44, 39.35it/s]
Epoch: 1, loss: 22.4948, recon: 21.7162, kld: 37.1501, type loss: -12.3894, pos loss: -5.5700,all df_loss: 0.5928:  81%|████████  | 7280/9000 
[03:13<00:43, 39.50it/s]
Epoch: 1, loss: 20.0408, recon: 19.2972, kld: 38.4704, type loss: -10.9807, pos loss: -4.7725,all df_loss: 0.5512:  81%|████████  | 7280/9000 
[03:13<00:43, 39.50it/s]
Epoch: 1, loss: 20.0408, recon: 19.2972, kld: 38.4704, type loss: -10.9807, pos loss: -4.7725,all df_loss: 0.5512:  81%|████████  | 7296/9000 
[03:13<00:42, 40.10it/s]
Epoch: 1, loss: 23.7614, recon: 22.9771, kld: 36.0342, type loss: -13.2736, pos loss: -5.9288,all df_loss: 0.6041:  81%|████████  | 7296/9000 
[03:13<00:42, 40.10it/s]
Epoch: 1, loss: 23.7614, recon: 22.9771, kld: 36.0342, type loss: -13.2736, pos loss: -5.9288,all df_loss: 0.6041:  81%|████████  | 7312/9000 
[03:13<00:42, 39.65it/s]
Epoch: 1, loss: 19.9286, recon: 19.2549, kld: 40.1464, type loss: -11.5420, pos loss: -4.6943,all df_loss: 0.4729:  81%|████████  | 7312/9000 
[03:13<00:42, 39.65it/s]
Epoch: 1, loss: 19.9286, recon: 19.2549, kld: 40.1464, type loss: -11.5420, pos loss: -4.6943,all df_loss: 0.4729:  81%|████████▏ | 7328/9000 
[03:14<00:41, 40.21it/s]
Epoch: 1, loss: 20.5598, recon: 19.7069, kld: 63.0915, type loss: -11.9611, pos loss: -5.1601,all df_loss: 0.5375:  81%|████████▏ | 7328/9000 
[03:14<00:41, 40.21it/s]
Epoch: 1, loss: 20.5598, recon: 19.7069, kld: 63.0915, type loss: -11.9611, pos loss: -5.1601,all df_loss: 0.5375:  82%|████████▏ | 7344/9000 
[03:14<00:40, 40.97it/s]
Epoch: 1, loss: 20.7367, recon: 20.0454, kld: 40.6938, type loss: -12.4698, pos loss: -5.2978,all df_loss: 0.4879:  82%|████████▏ | 7344/9000 
[03:14<00:40, 40.97it/s]
Epoch: 1, loss: 20.7367, recon: 20.0454, kld: 40.6938, type loss: -12.4698, pos loss: -5.2978,all df_loss: 0.4879:  82%|████████▏ | 7360/9000 
[03:14<00:40, 40.38it/s]
Epoch: 1, loss: 22.9041, recon: 22.2149, kld: 38.9910, type loss: -12.7051, pos loss: -5.8635,all df_loss: 0.4942:  82%|████████▏ | 7360/9000 
[03:15<00:40, 40.38it/s]
Epoch: 1, loss: 22.9041, recon: 22.2149, kld: 38.9910, type loss: -12.7051, pos loss: -5.8635,all df_loss: 0.4942:  82%|████████▏ | 7376/9000 
[03:15<00:40, 40.10it/s]
Epoch: 1, loss: 21.6247, recon: 20.9310, kld: 38.1925, type loss: -12.2772, pos loss: -5.3846,all df_loss: 0.5028:  82%|████████▏ | 7376/9000 
[03:15<00:40, 40.10it/s]
Epoch: 1, loss: 21.6247, recon: 20.9310, kld: 38.1925, type loss: -12.2772, pos loss: -5.3846,all df_loss: 0.5028:  82%|████████▏ | 7392/9000 
[03:15<00:40, 39.77it/s]
Epoch: 1, loss: 22.9496, recon: 22.1374, kld: 41.8266, type loss: -12.4465, pos loss: -6.2933,all df_loss: 0.6031:  82%|████████▏ | 7392/9000 
[03:15<00:40, 39.77it/s]
Epoch: 1, loss: 22.9496, recon: 22.1374, kld: 41.8266, type loss: -12.4465, pos loss: -6.2933,all df_loss: 0.6031:  82%|████████▏ | 7408/9000 
[03:16<00:39, 40.08it/s]
Epoch: 1, loss: 20.5956, recon: 19.9256, kld: 31.5691, type loss: -11.2809, pos loss: -5.0158,all df_loss: 0.5122:  82%|████████▏ | 7408/9000 
[03:16<00:39, 40.08it/s]
Epoch: 1, loss: 20.5956, recon: 19.9256, kld: 31.5691, type loss: -11.2809, pos loss: -5.0158,all df_loss: 0.5122:  82%|████████▏ | 7424/9000 
[03:16<00:39, 39.95it/s]
Epoch: 1, loss: 22.4256, recon: 21.7097, kld: 37.8371, type loss: -12.1883, pos loss: -5.6902,all df_loss: 0.5267:  82%|████████▏ | 7424/9000 
[03:16<00:39, 39.95it/s]
Epoch: 1, loss: 22.4256, recon: 21.7097, kld: 37.8371, type loss: -12.1883, pos loss: -5.6902,all df_loss: 0.5267:  83%|████████▎ | 7440/9000 
[03:16<00:39, 39.95it/s]
Epoch: 1, loss: 20.6891, recon: 19.9768, kld: 36.5688, type loss: -11.3911, pos loss: -5.1846,all df_loss: 0.5294:  83%|████████▎ | 7440/9000 
[03:17<00:39, 39.95it/s]
Epoch: 1, loss: 20.6891, recon: 19.9768, kld: 36.5688, type loss: -11.3911, pos loss: -5.1846,all df_loss: 0.5294:  83%|████████▎ | 7456/9000 
[03:17<00:38, 40.01it/s]
Epoch: 1, loss: 23.0852, recon: 22.2313, kld: 45.8743, type loss: -13.0053, pos loss: -5.6677,all df_loss: 0.6245:  83%|████████▎ | 7456/9000 
[03:17<00:38, 40.01it/s]
Epoch: 1, loss: 23.0852, recon: 22.2313, kld: 45.8743, type loss: -13.0053, pos loss: -5.6677,all df_loss: 0.6245:  83%|████████▎ | 7472/9000 
[03:17<00:39, 39.14it/s]
Epoch: 1, loss: 22.5066, recon: 21.8144, kld: 32.3670, type loss: -12.3706, pos loss: -6.1329,all df_loss: 0.5304:  83%|████████▎ | 7472/9000 
[03:18<00:39, 39.14it/s]
Epoch: 1, loss: 22.5066, recon: 21.8144, kld: 32.3670, type loss: -12.3706, pos loss: -6.1329,all df_loss: 0.5304:  83%|████████▎ | 7488/9000 
[03:18<00:38, 38.84it/s]
Epoch: 1, loss: 22.0524, recon: 21.3500, kld: 45.9077, type loss: -12.0011, pos loss: -5.6962,all df_loss: 0.4729:  83%|████████▎ | 7488/9000 
[03:18<00:38, 38.84it/s]
Epoch: 1, loss: 22.0524, recon: 21.3500, kld: 45.9077, type loss: -12.0011, pos loss: -5.6962,all df_loss: 0.4729:  83%|████████▎ | 7504/9000 
[03:18<00:39, 38.00it/s]
Epoch: 1, loss: 20.1395, recon: 19.4108, kld: 40.9967, type loss: -11.3988, pos loss: -5.1381,all df_loss: 0.5237:  83%|████████▎ | 7504/9000 
[03:18<00:39, 38.00it/s]
Epoch: 1, loss: 20.1395, recon: 19.4108, kld: 40.9967, type loss: -11.3988, pos loss: -5.1381,all df_loss: 0.5237:  84%|████████▎ | 7520/9000 
[03:19<00:39, 37.81it/s]
Epoch: 1, loss: 20.8130, recon: 20.0797, kld: 46.4237, type loss: -11.4627, pos loss: -5.1200,all df_loss: 0.5012:  84%|████████▎ | 7520/9000 
[03:19<00:39, 37.81it/s]
Epoch: 1, loss: 20.8130, recon: 20.0797, kld: 46.4237, type loss: -11.4627, pos loss: -5.1200,all df_loss: 0.5012:  84%|████████▎ | 7536/9000 
[03:19<00:38, 37.93it/s]
Epoch: 1, loss: 22.1274, recon: 21.3307, kld: 52.9390, type loss: -12.3229, pos loss: -5.5703,all df_loss: 0.5320:  84%|████████▎ | 7536/9000 
[03:19<00:38, 37.93it/s]
Epoch: 1, loss: 22.1274, recon: 21.3307, kld: 52.9390, type loss: -12.3229, pos loss: -5.5703,all df_loss: 0.5320:  84%|████████▍ | 7552/9000 
[03:19<00:38, 37.86it/s]
Epoch: 1, loss: 22.9943, recon: 22.2785, kld: 40.7393, type loss: -12.5947, pos loss: -6.4051,all df_loss: 0.5121:  84%|████████▍ | 7552/9000 
[03:20<00:38, 37.86it/s]
Epoch: 1, loss: 22.9943, recon: 22.2785, kld: 40.7393, type loss: -12.5947, pos loss: -6.4051,all df_loss: 0.5121:  84%|████████▍ | 7568/9000 
[03:20<00:38, 37.33it/s]
Epoch: 1, loss: 21.9875, recon: 21.2521, kld: 45.5752, type loss: -12.1665, pos loss: -5.7356,all df_loss: 0.5075:  84%|████████▍ | 7568/9000 
[03:20<00:38, 37.33it/s]
Epoch: 1, loss: 21.9875, recon: 21.2521, kld: 45.5752, type loss: -12.1665, pos loss: -5.7356,all df_loss: 0.5075:  84%|████████▍ | 7584/9000 
[03:20<00:37, 37.67it/s]
Epoch: 1, loss: 22.4493, recon: 21.7098, kld: 44.9995, type loss: -12.3091, pos loss: -6.4142,all df_loss: 0.5145:  84%|████████▍ | 7584/9000 
[03:21<00:37, 37.67it/s]
Epoch: 1, loss: 22.4493, recon: 21.7098, kld: 44.9995, type loss: -12.3091, pos loss: -6.4142,all df_loss: 0.5145:  84%|████████▍ | 7600/9000 
[03:21<00:36, 37.95it/s]
Epoch: 1, loss: 18.8083, recon: 18.1738, kld: 42.4102, type loss: -10.4703, pos loss: -4.8422,all df_loss: 0.4225:  84%|████████▍ | 7600/9000 
[03:21<00:36, 37.95it/s]
Epoch: 1, loss: 18.8083, recon: 18.1738, kld: 42.4102, type loss: -10.4703, pos loss: -4.8422,all df_loss: 0.4225:  85%|████████▍ | 7616/9000 
[03:21<00:36, 38.03it/s]
Epoch: 1, loss: 21.6522, recon: 20.8938, kld: 47.1574, type loss: -12.4133, pos loss: -5.5153,all df_loss: 0.5226:  85%|████████▍ | 7616/9000 
[03:21<00:36, 38.03it/s]
Epoch: 1, loss: 21.6522, recon: 20.8938, kld: 47.1574, type loss: -12.4133, pos loss: -5.5153,all df_loss: 0.5226:  85%|████████▍ | 7632/9000 
[03:22<00:36, 37.78it/s]
Epoch: 1, loss: 23.1071, recon: 22.3396, kld: 46.7993, type loss: -12.5498, pos loss: -5.8900,all df_loss: 0.5336:  85%|████████▍ | 7632/9000 
[03:22<00:36, 37.78it/s]
Epoch: 1, loss: 23.1071, recon: 22.3396, kld: 46.7993, type loss: -12.5498, pos loss: -5.8900,all df_loss: 0.5336:  85%|████████▍ | 7648/9000 
[03:22<00:36, 37.41it/s]
Epoch: 1, loss: 21.1835, recon: 20.3761, kld: 47.0094, type loss: -12.3695, pos loss: -5.1499,all df_loss: 0.5723:  85%|████████▍ | 7648/9000 
[03:22<00:36, 37.41it/s]
Epoch: 1, loss: 21.1835, recon: 20.3761, kld: 47.0094, type loss: -12.3695, pos loss: -5.1499,all df_loss: 0.5723:  85%|████████▌ | 7664/9000 
[03:22<00:35, 37.26it/s]
Epoch: 1, loss: 18.8354, recon: 18.1542, kld: 36.3805, type loss: -10.5302, pos loss: -4.5095,all df_loss: 0.4994:  85%|████████▌ | 7664/9000 
[03:23<00:35, 37.26it/s]
Epoch: 1, loss: 18.8354, recon: 18.1542, kld: 36.3805, type loss: -10.5302, pos loss: -4.5095,all df_loss: 0.4994:  85%|████████▌ | 7680/9000 
[03:23<00:35, 37.11it/s]
Epoch: 1, loss: 25.1623, recon: 24.3275, kld: 47.4846, type loss: -14.3382, pos loss: -6.5194,all df_loss: 0.5974:  85%|████████▌ | 7680/9000 
[03:23<00:35, 37.11it/s]
Epoch: 1, loss: 25.1623, recon: 24.3275, kld: 47.4846, type loss: -14.3382, pos loss: -6.5194,all df_loss: 0.5974:  86%|████████▌ | 7696/9000 
[03:23<00:36, 35.86it/s]
Epoch: 1, loss: 22.7425, recon: 22.0181, kld: 39.7489, type loss: -12.5877, pos loss: -6.0143,all df_loss: 0.5256:  86%|████████▌ | 7696/9000 
[03:24<00:36, 35.86it/s]
Epoch: 1, loss: 22.7425, recon: 22.0181, kld: 39.7489, type loss: -12.5877, pos loss: -6.0143,all df_loss: 0.5256:  86%|████████▌ | 7712/9000 
[03:24<00:35, 35.80it/s]
Epoch: 1, loss: 21.8297, recon: 21.1753, kld: 32.9346, type loss: -12.2726, pos loss: -5.8322,all df_loss: 0.4897:  86%|████████▌ | 7712/9000 
[03:24<00:35, 35.80it/s]
Epoch: 1, loss: 21.8297, recon: 21.1753, kld: 32.9346, type loss: -12.2726, pos loss: -5.8322,all df_loss: 0.4897:  86%|████████▌ | 7728/9000 
[03:24<00:35, 35.87it/s]
Epoch: 1, loss: 18.9879, recon: 18.3297, kld: 38.3805, type loss: -10.5791, pos loss: -4.4366,all df_loss: 0.4663:  86%|████████▌ | 7728/9000 
[03:24<00:35, 35.87it/s]
Epoch: 1, loss: 18.9879, recon: 18.3297, kld: 38.3805, type loss: -10.5791, pos loss: -4.4366,all df_loss: 0.4663:  86%|████████▌ | 7744/9000 
[03:25<00:34, 36.56it/s]
Epoch: 1, loss: 22.5558, recon: 21.8619, kld: 35.8453, type loss: -12.6759, pos loss: -5.6691,all df_loss: 0.5147:  86%|████████▌ | 7744/9000 
[03:25<00:34, 36.56it/s]
Epoch: 1, loss: 22.5558, recon: 21.8619, kld: 35.8453, type loss: -12.6759, pos loss: -5.6691,all df_loss: 0.5147:  86%|████████▌ | 7760/9000 
[03:25<00:33, 36.56it/s]
Epoch: 1, loss: 18.9937, recon: 18.3141, kld: 33.8284, type loss: -10.4525, pos loss: -4.8043,all df_loss: 0.5105:  86%|████████▌ | 7760/9000 
[03:25<00:33, 36.56it/s]
Epoch: 1, loss: 18.9937, recon: 18.3141, kld: 33.8284, type loss: -10.4525, pos loss: -4.8043,all df_loss: 0.5105:  86%|████████▋ | 7776/9000 
[03:26<00:33, 36.94it/s]
Epoch: 1, loss: 19.2475, recon: 18.4633, kld: 41.9359, type loss: -11.0598, pos loss: -4.5732,all df_loss: 0.5746:  86%|████████▋ | 7776/9000 
[03:26<00:33, 36.94it/s]
Epoch: 1, loss: 19.2475, recon: 18.4633, kld: 41.9359, type loss: -11.0598, pos loss: -4.5732,all df_loss: 0.5746:  87%|████████▋ | 7792/9000 
[03:26<00:32, 37.06it/s]
Epoch: 1, loss: 21.4717, recon: 20.6834, kld: 34.7481, type loss: -12.2139, pos loss: -5.3812,all df_loss: 0.6146:  87%|████████▋ | 7792/9000 
[03:26<00:32, 37.06it/s]
Epoch: 1, loss: 21.4717, recon: 20.6834, kld: 34.7481, type loss: -12.2139, pos loss: -5.3812,all df_loss: 0.6146:  87%|████████▋ | 7808/9000 
[03:26<00:32, 36.45it/s]
Epoch: 1, loss: 19.5156, recon: 18.8062, kld: 35.9146, type loss: -11.0840, pos loss: -4.7764,all df_loss: 0.5298:  87%|████████▋ | 7808/9000 
[03:27<00:32, 36.45it/s]
Epoch: 1, loss: 19.5156, recon: 18.8062, kld: 35.9146, type loss: -11.0840, pos loss: -4.7764,all df_loss: 0.5298:  87%|████████▋ | 7824/9000 
[03:27<00:31, 36.78it/s]
Epoch: 1, loss: 22.6019, recon: 21.8425, kld: 45.9423, type loss: -12.9019, pos loss: -5.8749,all df_loss: 0.5297:  87%|████████▋ | 7824/9000 
[03:27<00:31, 36.78it/s]
Epoch: 1, loss: 22.6019, recon: 21.8425, kld: 45.9423, type loss: -12.9019, pos loss: -5.8749,all df_loss: 0.5297:  87%|████████▋ | 7840/9000 
[03:27<00:31, 36.28it/s]
Epoch: 1, loss: 18.6965, recon: 17.9619, kld: 40.4089, type loss: -10.6851, pos loss: -4.3538,all df_loss: 0.5326:  87%|████████▋ | 7840/9000 
[03:27<00:31, 36.28it/s]
Epoch: 1, loss: 18.6965, recon: 17.9619, kld: 40.4089, type loss: -10.6851, pos loss: -4.3538,all df_loss: 0.5326:  87%|████████▋ | 7856/9000 
[03:28<00:30, 37.00it/s]
Epoch: 1, loss: 20.5187, recon: 19.8468, kld: 34.0017, type loss: -11.4063, pos loss: -4.8224,all df_loss: 0.5019:  87%|████████▋ | 7856/9000 
[03:28<00:30, 37.00it/s]
Epoch: 1, loss: 20.5187, recon: 19.8468, kld: 34.0017, type loss: -11.4063, pos loss: -4.8224,all df_loss: 0.5019:  87%|████████▋ | 7872/9000 
[03:28<00:30, 37.38it/s]
Epoch: 1, loss: 22.3872, recon: 21.6531, kld: 37.7070, type loss: -12.1288, pos loss: -5.4802,all df_loss: 0.5456:  87%|████████▋ | 7872/9000 
[03:28<00:30, 37.38it/s]
Epoch: 1, loss: 22.3872, recon: 21.6531, kld: 37.7070, type loss: -12.1288, pos loss: -5.4802,all df_loss: 0.5456:  88%|████████▊ | 7888/9000 
[03:29<00:30, 36.88it/s]
Epoch: 1, loss: 21.4070, recon: 20.7703, kld: 38.2980, type loss: -11.8362, pos loss: -5.2930,all df_loss: 0.4452:  88%|████████▊ | 7888/9000 
[03:29<00:30, 36.88it/s]
Epoch: 1, loss: 21.4070, recon: 20.7703, kld: 38.2980, type loss: -11.8362, pos loss: -5.2930,all df_loss: 0.4452:  88%|████████▊ | 7904/9000 
[03:29<00:29, 36.99it/s]
Epoch: 1, loss: 21.3423, recon: 20.6962, kld: 37.8770, type loss: -11.6927, pos loss: -5.9698,all df_loss: 0.4567:  88%|████████▊ | 7904/9000 
[03:29<00:29, 36.99it/s]
Epoch: 1, loss: 21.3423, recon: 20.6962, kld: 37.8770, type loss: -11.6927, pos loss: -5.9698,all df_loss: 0.4567:  88%|████████▊ | 7920/9000 
[03:29<00:29, 36.87it/s]
Epoch: 1, loss: 20.6465, recon: 19.9434, kld: 50.9019, type loss: -11.9164, pos loss: -5.1914,all df_loss: 0.4486:  88%|████████▊ | 7920/9000 
[03:30<00:29, 36.87it/s]
Epoch: 1, loss: 20.6465, recon: 19.9434, kld: 50.9019, type loss: -11.9164, pos loss: -5.1914,all df_loss: 0.4486:  88%|████████▊ | 7936/9000 
[03:30<00:28, 36.98it/s]
Epoch: 1, loss: 20.2560, recon: 19.6128, kld: 32.2746, type loss: -11.2770, pos loss: -4.9995,all df_loss: 0.4818:  88%|████████▊ | 7936/9000 
[03:30<00:28, 36.98it/s]
Epoch: 1, loss: 20.2560, recon: 19.6128, kld: 32.2746, type loss: -11.2770, pos loss: -4.9995,all df_loss: 0.4818:  88%|████████▊ | 7952/9000 
[03:30<00:27, 37.82it/s]
Epoch: 1, loss: 20.9201, recon: 20.2520, kld: 33.1167, type loss: -11.4738, pos loss: -5.0781,all df_loss: 0.5026:  88%|████████▊ | 7952/9000 
[03:30<00:27, 37.82it/s]
Epoch: 1, loss: 20.9201, recon: 20.2520, kld: 33.1167, type loss: -11.4738, pos loss: -5.0781,all df_loss: 0.5026:  89%|████████▊ | 7968/9000 
[03:31<00:27, 38.10it/s]
Epoch: 1, loss: 21.8490, recon: 21.1289, kld: 43.7676, type loss: -12.1832, pos loss: -5.2445,all df_loss: 0.5013:  89%|████████▊ | 7968/9000 
[03:31<00:27, 38.10it/s]
Epoch: 1, loss: 21.8490, recon: 21.1289, kld: 43.7676, type loss: -12.1832, pos loss: -5.2445,all df_loss: 0.5013:  89%|████████▊ | 7984/9000 
[03:31<00:27, 37.32it/s]
Epoch: 1, loss: 23.2388, recon: 22.4171, kld: 54.9108, type loss: -13.2328, pos loss: -6.5889,all df_loss: 0.5472:  89%|████████▊ | 7984/9000 
[03:31<00:27, 37.32it/s]
Epoch: 1, loss: 23.2388, recon: 22.4171, kld: 54.9108, type loss: -13.2328, pos loss: -6.5889,all df_loss: 0.5472:  89%|████████▉ | 8000/9000 
[03:32<00:27, 36.70it/s]
Epoch: 1, loss: 21.5332, recon: 20.9487, kld: 26.9574, type loss: -12.0652, pos loss: -5.3851,all df_loss: 0.4497:  89%|████████▉ | 8000/9000 
[03:32<00:27, 36.70it/s]
Epoch: 1, loss: 21.5332, recon: 20.9487, kld: 26.9574, type loss: -12.0652, pos loss: -5.3851,all df_loss: 0.4497:  89%|████████▉ | 8016/9000 
[03:32<00:26, 37.40it/s]
Epoch: 1, loss: 17.7320, recon: 17.0113, kld: 37.4440, type loss: -10.0791, pos loss: -4.3839,all df_loss: 0.5335:  89%|████████▉ | 8016/9000 
[03:32<00:26, 37.40it/s]
Epoch: 1, loss: 17.7320, recon: 17.0113, kld: 37.4440, type loss: -10.0791, pos loss: -4.3839,all df_loss: 0.5335:  89%|████████▉ | 8032/9000 
[03:32<00:24, 38.85it/s]
Epoch: 1, loss: 21.8163, recon: 21.1435, kld: 34.3786, type loss: -12.4696, pos loss: -5.3520,all df_loss: 0.5009:  89%|████████▉ | 8032/9000 
[03:33<00:24, 38.85it/s]
Epoch: 1, loss: 21.8163, recon: 21.1435, kld: 34.3786, type loss: -12.4696, pos loss: -5.3520,all df_loss: 0.5009:  89%|████████▉ | 8048/9000 
[03:33<00:24, 38.08it/s]
Epoch: 1, loss: 20.0509, recon: 19.3955, kld: 36.8863, type loss: -11.0439, pos loss: -5.2206,all df_loss: 0.4710:  89%|████████▉ | 8048/9000 
[03:33<00:24, 38.08it/s]
Epoch: 1, loss: 20.0509, recon: 19.3955, kld: 36.8863, type loss: -11.0439, pos loss: -5.2206,all df_loss: 0.4710:  90%|████████▉ | 8064/9000 
[03:33<00:24, 38.18it/s]
Epoch: 1, loss: 21.2760, recon: 20.5244, kld: 49.6907, type loss: -11.7094, pos loss: -5.5560,all df_loss: 0.5032:  90%|████████▉ | 8064/9000 
[03:33<00:24, 38.18it/s]
Epoch: 1, loss: 21.2760, recon: 20.5244, kld: 49.6907, type loss: -11.7094, pos loss: -5.5560,all df_loss: 0.5032:  90%|████████▉ | 8080/9000 
[03:34<00:24, 37.60it/s]
Epoch: 1, loss: 21.9572, recon: 21.2673, kld: 36.2153, type loss: -11.7152, pos loss: -5.4575,all df_loss: 0.5088:  90%|████████▉ | 8080/9000 
[03:34<00:24, 37.60it/s]
Epoch: 1, loss: 21.9572, recon: 21.2673, kld: 36.2153, type loss: -11.7152, pos loss: -5.4575,all df_loss: 0.5088:  90%|████████▉ | 8096/9000 
[03:34<00:23, 37.72it/s]
Epoch: 1, loss: 22.0963, recon: 21.4580, kld: 43.2068, type loss: -12.8304, pos loss: -5.9703,all df_loss: 0.4223:  90%|████████▉ | 8096/9000 
[03:34<00:23, 37.72it/s]
Epoch: 1, loss: 22.0963, recon: 21.4580, kld: 43.2068, type loss: -12.8304, pos loss: -5.9703,all df_loss: 0.4223:  90%|█████████ | 8112/9000 
[03:35<00:23, 37.25it/s]
Epoch: 1, loss: 22.9345, recon: 22.1820, kld: 42.5024, type loss: -12.7435, pos loss: -5.9751,all df_loss: 0.5400:  90%|█████████ | 8112/9000 
[03:35<00:23, 37.25it/s]
Epoch: 1, loss: 22.9345, recon: 22.1820, kld: 42.5024, type loss: -12.7435, pos loss: -5.9751,all df_loss: 0.5400:  90%|█████████ | 8128/9000 
[03:35<00:23, 36.93it/s]
Epoch: 1, loss: 21.2091, recon: 20.4183, kld: 45.3239, type loss: -12.2257, pos loss: -5.6492,all df_loss: 0.5642:  90%|█████████ | 8128/9000 
[03:35<00:23, 36.93it/s]
Epoch: 1, loss: 21.2091, recon: 20.4183, kld: 45.3239, type loss: -12.2257, pos loss: -5.6492,all df_loss: 0.5642:  90%|█████████ | 8144/9000 
[03:35<00:23, 36.72it/s]
Epoch: 1, loss: 19.2392, recon: 18.6276, kld: 29.8106, type loss: -10.6622, pos loss: -5.0407,all df_loss: 0.4626:  90%|█████████ | 8144/9000 
[03:36<00:23, 36.72it/s]
Epoch: 1, loss: 19.2392, recon: 18.6276, kld: 29.8106, type loss: -10.6622, pos loss: -5.0407,all df_loss: 0.4626:  91%|█████████ | 8160/9000 
[03:36<00:22, 37.04it/s]
Epoch: 1, loss: 21.5985, recon: 20.8837, kld: 46.8204, type loss: -12.1209, pos loss: -5.5188,all df_loss: 0.4807:  91%|█████████ | 8160/9000 
[03:36<00:22, 37.04it/s]
Epoch: 1, loss: 21.5985, recon: 20.8837, kld: 46.8204, type loss: -12.1209, pos loss: -5.5188,all df_loss: 0.4807:  91%|█████████ | 8176/9000 
[03:36<00:22, 37.10it/s]
Epoch: 1, loss: 20.0784, recon: 19.4601, kld: 35.3963, type loss: -11.1040, pos loss: -5.3851,all df_loss: 0.4413:  91%|█████████ | 8176/9000 
[03:36<00:22, 37.10it/s]
Epoch: 1, loss: 20.0784, recon: 19.4601, kld: 35.3963, type loss: -11.1040, pos loss: -5.3851,all df_loss: 0.4413:  91%|█████████ | 8192/9000 
[03:37<00:21, 37.46it/s]
Epoch: 1, loss: 21.8922, recon: 21.2133, kld: 34.3607, type loss: -11.8932, pos loss: -6.0491,all df_loss: 0.5071:  91%|█████████ | 8192/9000 
[03:37<00:21, 37.46it/s]
Epoch: 1, loss: 21.8922, recon: 21.2133, kld: 34.3607, type loss: -11.8932, pos loss: -6.0491,all df_loss: 0.5071:  91%|█████████ | 8208/9000 
[03:37<00:21, 37.36it/s]
Epoch: 1, loss: 19.1139, recon: 18.5223, kld: 31.6111, type loss: -10.9787, pos loss: -4.9831,all df_loss: 0.4336:  91%|█████████ | 8208/9000 
[03:37<00:21, 37.36it/s]
Epoch: 1, loss: 19.1139, recon: 18.5223, kld: 31.6111, type loss: -10.9787, pos loss: -4.9831,all df_loss: 0.4336:  91%|█████████▏| 8224/9000 
[03:38<00:20, 37.41it/s]
Epoch: 1, loss: 21.8313, recon: 21.2185, kld: 29.3906, type loss: -12.1177, pos loss: -5.4342,all df_loss: 0.4658:  91%|█████████▏| 8224/9000 
[03:38<00:20, 37.41it/s]
Epoch: 1, loss: 21.8313, recon: 21.2185, kld: 29.3906, type loss: -12.1177, pos loss: -5.4342,all df_loss: 0.4658:  92%|█████████▏| 8240/9000 
[03:38<00:20, 37.59it/s]
Epoch: 1, loss: 21.5805, recon: 20.9116, kld: 33.4615, type loss: -11.9848, pos loss: -5.3418,all df_loss: 0.5015:  92%|█████████▏| 8240/9000 
[03:38<00:20, 37.59it/s]
Epoch: 1, loss: 21.5805, recon: 20.9116, kld: 33.4615, type loss: -11.9848, pos loss: -5.3418,all df_loss: 0.5015:  92%|█████████▏| 8256/9000 
[03:38<00:19, 37.72it/s]
Epoch: 1, loss: 21.6592, recon: 20.9542, kld: 39.2658, type loss: -12.4662, pos loss: -5.3870,all df_loss: 0.5087:  92%|█████████▏| 8256/9000 
[03:39<00:19, 37.72it/s]
Epoch: 1, loss: 21.6592, recon: 20.9542, kld: 39.2658, type loss: -12.4662, pos loss: -5.3870,all df_loss: 0.5087:  92%|█████████▏| 8272/9000 
[03:39<00:19, 37.33it/s]
Epoch: 1, loss: 21.1067, recon: 20.3728, kld: 35.7466, type loss: -12.0196, pos loss: -5.4098,all df_loss: 0.5551:  92%|█████████▏| 8272/9000 
[03:39<00:19, 37.33it/s]
Epoch: 1, loss: 21.1067, recon: 20.3728, kld: 35.7466, type loss: -12.0196, pos loss: -5.4098,all df_loss: 0.5551:  92%|█████████▏| 8288/9000 
[03:39<00:19, 37.10it/s]
Epoch: 1, loss: 22.2674, recon: 21.4611, kld: 46.8519, type loss: -12.7144, pos loss: -5.6645,all df_loss: 0.5720:  92%|█████████▏| 8288/9000 
[03:39<00:19, 37.10it/s]
Epoch: 1, loss: 22.2674, recon: 21.4611, kld: 46.8519, type loss: -12.7144, pos loss: -5.6645,all df_loss: 0.5720:  92%|█████████▏| 8304/9000 
[03:40<00:18, 36.65it/s]
Epoch: 1, loss: 19.8368, recon: 19.2103, kld: 35.7229, type loss: -11.2561, pos loss: -5.1155,all df_loss: 0.4478:  92%|█████████▏| 8304/9000 
[03:40<00:18, 36.65it/s]
Epoch: 1, loss: 19.8368, recon: 19.2103, kld: 35.7229, type loss: -11.2561, pos loss: -5.1155,all df_loss: 0.4478:  92%|█████████▏| 8320/9000 
[03:40<00:18, 37.01it/s]
Epoch: 1, loss: 20.8102, recon: 20.1028, kld: 42.7497, type loss: -11.8469, pos loss: -5.0597,all df_loss: 0.4937:  92%|█████████▏| 8320/9000 
[03:40<00:18, 37.01it/s]
Epoch: 1, loss: 20.8102, recon: 20.1028, kld: 42.7497, type loss: -11.8469, pos loss: -5.0597,all df_loss: 0.4937:  93%|█████████▎| 8336/9000 
[03:41<00:17, 37.73it/s]
Epoch: 1, loss: 20.9293, recon: 20.0885, kld: 48.6351, type loss: -12.3021, pos loss: -5.0242,all df_loss: 0.5976:  93%|█████████▎| 8336/9000 
[03:41<00:17, 37.73it/s]
Epoch: 1, loss: 20.9293, recon: 20.0885, kld: 48.6351, type loss: -12.3021, pos loss: -5.0242,all df_loss: 0.5976:  93%|█████████▎| 8352/9000 
[03:41<00:16, 38.40it/s]
Epoch: 1, loss: 21.3256, recon: 20.5724, kld: 43.1602, type loss: -12.2399, pos loss: -5.3488,all df_loss: 0.5374:  93%|█████████▎| 8352/9000 
[03:41<00:16, 38.40it/s]
Epoch: 1, loss: 21.3256, recon: 20.5724, kld: 43.1602, type loss: -12.2399, pos loss: -5.3488,all df_loss: 0.5374:  93%|█████████▎| 8368/9000 
[03:41<00:16, 38.71it/s]
Epoch: 1, loss: 20.4746, recon: 19.8420, kld: 28.8587, type loss: -11.8796, pos loss: -5.0398,all df_loss: 0.4883:  93%|█████████▎| 8368/9000 
[03:42<00:16, 38.71it/s]
Epoch: 1, loss: 20.4746, recon: 19.8420, kld: 28.8587, type loss: -11.8796, pos loss: -5.0398,all df_loss: 0.4883:  93%|█████████▎| 8384/9000 
[03:42<00:15, 39.35it/s]
Epoch: 1, loss: 18.7513, recon: 18.0514, kld: 31.5059, type loss: -11.0461, pos loss: -4.6583,all df_loss: 0.5423:  93%|█████████▎| 8384/9000 
[03:42<00:15, 39.35it/s]
Epoch: 1, loss: 18.7513, recon: 18.0514, kld: 31.5059, type loss: -11.0461, pos loss: -4.6583,all df_loss: 0.5423:  93%|█████████▎| 8400/9000 
[03:42<00:14, 40.35it/s]
Epoch: 1, loss: 22.7875, recon: 22.0555, kld: 34.2299, type loss: -12.5644, pos loss: -6.0679,all df_loss: 0.5609:  93%|█████████▎| 8400/9000 
[03:42<00:14, 40.35it/s]
Epoch: 1, loss: 22.7875, recon: 22.0555, kld: 34.2299, type loss: -12.5644, pos loss: -6.0679,all df_loss: 0.5609:  94%|█████████▎| 8416/9000 
[03:43<00:14, 39.64it/s]
Epoch: 1, loss: 21.8450, recon: 21.1731, kld: 29.8298, type loss: -11.8372, pos loss: -5.8754,all df_loss: 0.5227:  94%|█████████▎| 8416/9000 
[03:43<00:14, 39.64it/s]
Epoch: 1, loss: 21.8450, recon: 21.1731, kld: 29.8298, type loss: -11.8372, pos loss: -5.8754,all df_loss: 0.5227:  94%|█████████▎| 8432/9000 
[03:43<00:14, 39.95it/s]
Epoch: 1, loss: 18.7302, recon: 18.0505, kld: 37.8775, type loss: -11.0583, pos loss: -4.6969,all df_loss: 0.4903:  94%|█████████▎| 8432/9000 
[03:43<00:14, 39.95it/s]
Epoch: 1, loss: 18.7302, recon: 18.0505, kld: 37.8775, type loss: -11.0583, pos loss: -4.6969,all df_loss: 0.4903:  94%|█████████▍| 8448/9000 
[03:43<00:13, 40.18it/s]
Epoch: 1, loss: 19.8005, recon: 19.1015, kld: 32.3129, type loss: -11.2377, pos loss: -4.9559,all df_loss: 0.5375:  94%|█████████▍| 8448/9000 
[03:43<00:13, 40.18it/s]
Epoch: 1, loss: 19.8005, recon: 19.1015, kld: 32.3129, type loss: -11.2377, pos loss: -4.9559,all df_loss: 0.5375:  94%|█████████▍| 8464/9000 
[03:44<00:13, 39.84it/s]
Epoch: 1, loss: 20.2380, recon: 19.5545, kld: 39.9563, type loss: -11.7318, pos loss: -5.0987,all df_loss: 0.4837:  94%|█████████▍| 8464/9000 
[03:44<00:13, 39.84it/s]
Epoch: 1, loss: 20.2380, recon: 19.5545, kld: 39.9563, type loss: -11.7318, pos loss: -5.0987,all df_loss: 0.4837:  94%|█████████▍| 8480/9000 
[03:44<00:12, 40.01it/s]
Epoch: 1, loss: 20.6448, recon: 19.9062, kld: 37.3514, type loss: -12.0157, pos loss: -5.1332,all df_loss: 0.5518:  94%|█████████▍| 8480/9000 
[03:44<00:12, 40.01it/s]
Epoch: 1, loss: 20.6448, recon: 19.9062, kld: 37.3514, type loss: -12.0157, pos loss: -5.1332,all df_loss: 0.5518:  94%|█████████▍| 8496/9000 
[03:45<00:12, 39.76it/s]
Epoch: 1, loss: 19.1972, recon: 18.5058, kld: 35.4972, type loss: -11.4767, pos loss: -4.9462,all df_loss: 0.5139:  94%|█████████▍| 8496/9000 
[03:45<00:12, 39.76it/s]
Epoch: 1, loss: 19.1972, recon: 18.5058, kld: 35.4972, type loss: -11.4767, pos loss: -4.9462,all df_loss: 0.5139:  95%|█████████▍| 8512/9000 
[03:45<00:11, 40.72it/s]
Epoch: 1, loss: 21.6486, recon: 20.9407, kld: 33.5093, type loss: -12.0797, pos loss: -5.4712,all df_loss: 0.5404:  95%|█████████▍| 8512/9000 
[03:45<00:11, 40.72it/s]
Epoch: 1, loss: 21.6486, recon: 20.9407, kld: 33.5093, type loss: -12.0797, pos loss: -5.4712,all df_loss: 0.5404:  95%|█████████▍| 8528/9000 
[03:45<00:11, 40.19it/s]
Epoch: 1, loss: 19.3599, recon: 18.7136, kld: 33.8386, type loss: -11.5826, pos loss: -4.7134,all df_loss: 0.4771:  95%|█████████▍| 8528/9000 
[03:45<00:11, 40.19it/s]
Epoch: 1, loss: 19.3599, recon: 18.7136, kld: 33.8386, type loss: -11.5826, pos loss: -4.7134,all df_loss: 0.4771:  95%|█████████▍| 8544/9000 
[03:46<00:11, 40.17it/s]
Epoch: 1, loss: 16.9732, recon: 16.3662, kld: 30.3143, type loss: -9.6641, pos loss: -4.2753,all df_loss: 0.4554:  95%|█████████▍| 8544/9000 [03:46<00:11, 
40.17it/s] 
Epoch: 1, loss: 16.9732, recon: 16.3662, kld: 30.3143, type loss: -9.6641, pos loss: -4.2753,all df_loss: 0.4554:  95%|█████████▌| 8560/9000 [03:46<00:10, 
41.17it/s]
Epoch: 1, loss: 20.4838, recon: 19.8355, kld: 29.2743, type loss: -11.5377, pos loss: -5.1885,all df_loss: 0.5020:  95%|█████████▌| 8560/9000 
[03:46<00:10, 41.17it/s]
Epoch: 1, loss: 20.4838, recon: 19.8355, kld: 29.2743, type loss: -11.5377, pos loss: -5.1885,all df_loss: 0.5020:  95%|█████████▌| 8576/9000 
[03:46<00:10, 40.73it/s]
Epoch: 1, loss: 21.3400, recon: 20.7183, kld: 29.6924, type loss: -11.6230, pos loss: -5.8767,all df_loss: 0.4733:  95%|█████████▌| 8576/9000 
[03:47<00:10, 40.73it/s]
Epoch: 1, loss: 21.3400, recon: 20.7183, kld: 29.6924, type loss: -11.6230, pos loss: -5.8767,all df_loss: 0.4733:  95%|█████████▌| 8592/9000 
[03:47<00:10, 40.32it/s]
Epoch: 1, loss: 20.7161, recon: 20.0648, kld: 46.0917, type loss: -12.8333, pos loss: -5.4141,all df_loss: 0.4209:  95%|█████████▌| 8592/9000 
[03:47<00:10, 40.32it/s]
Epoch: 1, loss: 20.7161, recon: 20.0648, kld: 46.0917, type loss: -12.8333, pos loss: -5.4141,all df_loss: 0.4209:  96%|█████████▌| 8608/9000 
[03:47<00:09, 39.63it/s]
Epoch: 1, loss: 16.3081, recon: 15.5913, kld: 36.3052, type loss: -9.6071, pos loss: -4.1054,all df_loss: 0.5352:  96%|█████████▌| 8608/9000 [03:47<00:09, 
39.63it/s] 
Epoch: 1, loss: 16.3081, recon: 15.5913, kld: 36.3052, type loss: -9.6071, pos loss: -4.1054,all df_loss: 0.5352:  96%|█████████▌| 8624/9000 [03:48<00:09, 
40.54it/s]
Epoch: 1, loss: 17.4502, recon: 16.8185, kld: 29.8670, type loss: -10.0122, pos loss: -4.3338,all df_loss: 0.4824:  96%|█████████▌| 8624/9000 
[03:48<00:09, 40.54it/s]
Epoch: 1, loss: 17.4502, recon: 16.8185, kld: 29.8670, type loss: -10.0122, pos loss: -4.3338,all df_loss: 0.4824:  96%|█████████▌| 8640/9000 
[03:48<00:08, 40.61it/s]
Epoch: 1, loss: 21.0115, recon: 20.3534, kld: 40.3171, type loss: -11.7560, pos loss: -5.1579,all df_loss: 0.4566:  96%|█████████▌| 8640/9000 
[03:48<00:08, 40.61it/s]
Epoch: 1, loss: 21.0115, recon: 20.3534, kld: 40.3171, type loss: -11.7560, pos loss: -5.1579,all df_loss: 0.4566:  96%|█████████▌| 8656/9000 
[03:48<00:08, 39.92it/s]
Epoch: 1, loss: 19.9562, recon: 19.2460, kld: 33.1616, type loss: -11.2391, pos loss: -4.7743,all df_loss: 0.5445:  96%|█████████▌| 8656/9000 
[03:49<00:08, 39.92it/s]
Epoch: 1, loss: 19.9562, recon: 19.2460, kld: 33.1616, type loss: -11.2391, pos loss: -4.7743,all df_loss: 0.5445:  96%|█████████▋| 8672/9000 
[03:49<00:08, 39.11it/s]
Epoch: 1, loss: 17.2466, recon: 16.6184, kld: 26.1327, type loss: -9.6719, pos loss: -4.1996,all df_loss: 0.4975:  96%|█████████▋| 8672/9000 [03:49<00:08, 
39.11it/s] 
Epoch: 1, loss: 17.2466, recon: 16.6184, kld: 26.1327, type loss: -9.6719, pos loss: -4.1996,all df_loss: 0.4975:  97%|█████████▋| 8688/9000 [03:49<00:08, 
38.59it/s]
Epoch: 1, loss: 22.7129, recon: 21.9459, kld: 42.7141, type loss: -13.0116, pos loss: -6.2306,all df_loss: 0.5535:  97%|█████████▋| 8688/9000 
[03:50<00:08, 38.59it/s]
Epoch: 1, loss: 22.7129, recon: 21.9459, kld: 42.7141, type loss: -13.0116, pos loss: -6.2306,all df_loss: 0.5535:  97%|█████████▋| 8704/9000 
[03:50<00:07, 37.47it/s]
Epoch: 1, loss: 17.9382, recon: 17.3430, kld: 24.9388, type loss: -9.9657, pos loss: -4.4589,all df_loss: 0.4705:  97%|█████████▋| 8704/9000 [03:50<00:07, 
37.47it/s] 
Epoch: 1, loss: 17.9382, recon: 17.3430, kld: 24.9388, type loss: -9.9657, pos loss: -4.4589,all df_loss: 0.4705:  97%|█████████▋| 8720/9000 [03:50<00:07, 
37.98it/s]
Epoch: 1, loss: 21.9876, recon: 21.3269, kld: 31.2630, type loss: -12.7929, pos loss: -5.3702,all df_loss: 0.5044:  97%|█████████▋| 8720/9000 
[03:50<00:07, 37.98it/s]
Epoch: 1, loss: 21.9876, recon: 21.3269, kld: 31.2630, type loss: -12.7929, pos loss: -5.3702,all df_loss: 0.5044:  97%|█████████▋| 8736/9000 
[03:51<00:06, 38.03it/s]
Epoch: 1, loss: 18.5223, recon: 17.8338, kld: 37.4549, type loss: -10.4210, pos loss: -4.6612,all df_loss: 0.5012:  97%|█████████▋| 8736/9000 
[03:51<00:06, 38.03it/s]
Epoch: 1, loss: 18.5223, recon: 17.8338, kld: 37.4549, type loss: -10.4210, pos loss: -4.6612,all df_loss: 0.5012:  97%|█████████▋| 8752/9000 
[03:51<00:06, 38.34it/s]
Epoch: 1, loss: 23.2778, recon: 22.5601, kld: 40.5129, type loss: -13.3827, pos loss: -6.3048,all df_loss: 0.5151:  97%|█████████▋| 8752/9000 
[03:51<00:06, 38.34it/s]
Epoch: 1, loss: 23.2778, recon: 22.5601, kld: 40.5129, type loss: -13.3827, pos loss: -6.3048,all df_loss: 0.5151:  97%|█████████▋| 8768/9000 
[03:51<00:06, 37.79it/s]
Epoch: 1, loss: 21.4153, recon: 20.7559, kld: 32.8978, type loss: -11.8960, pos loss: -5.4714,all df_loss: 0.4949:  97%|█████████▋| 8768/9000 
[03:52<00:06, 37.79it/s]
Epoch: 1, loss: 21.4153, recon: 20.7559, kld: 32.8978, type loss: -11.8960, pos loss: -5.4714,all df_loss: 0.4949:  98%|█████████▊| 8784/9000 
[03:52<00:05, 37.66it/s]
Epoch: 1, loss: 20.1674, recon: 19.4919, kld: 38.9519, type loss: -11.7091, pos loss: -5.0823,all df_loss: 0.4807:  98%|█████████▊| 8784/9000 
[03:52<00:05, 37.66it/s]
Epoch: 1, loss: 20.1674, recon: 19.4919, kld: 38.9519, type loss: -11.7091, pos loss: -5.0823,all df_loss: 0.4807:  98%|█████████▊| 8800/9000 
[03:52<00:05, 37.23it/s]
Epoch: 1, loss: 18.0538, recon: 17.4392, kld: 32.8108, type loss: -10.2280, pos loss: -4.4429,all df_loss: 0.4505:  98%|█████████▊| 8800/9000 
[03:53<00:05, 37.23it/s]
Epoch: 1, loss: 18.0538, recon: 17.4392, kld: 32.8108, type loss: -10.2280, pos loss: -4.4429,all df_loss: 0.4505:  98%|█████████▊| 8816/9000 
[03:53<00:04, 38.07it/s]
Epoch: 1, loss: 19.8971, recon: 19.2531, kld: 34.8627, type loss: -11.5693, pos loss: -4.7584,all df_loss: 0.4698:  98%|█████████▊| 8816/9000 
[03:53<00:04, 38.07it/s]
Epoch: 1, loss: 19.8971, recon: 19.2531, kld: 34.8627, type loss: -11.5693, pos loss: -4.7584,all df_loss: 0.4698:  98%|█████████▊| 8832/9000 
[03:53<00:04, 37.78it/s]
Epoch: 1, loss: 19.0474, recon: 18.4089, kld: 41.0360, type loss: -11.0632, pos loss: -4.8087,all df_loss: 0.4333:  98%|█████████▊| 8832/9000 
[03:53<00:04, 37.78it/s]
Epoch: 1, loss: 19.0474, recon: 18.4089, kld: 41.0360, type loss: -11.0632, pos loss: -4.8087,all df_loss: 0.4333:  98%|█████████▊| 8848/9000 
[03:54<00:03, 38.10it/s]
Epoch: 1, loss: 21.1578, recon: 20.5542, kld: 25.9681, type loss: -12.0278, pos loss: -5.5832,all df_loss: 0.4737:  98%|█████████▊| 8848/9000 
[03:54<00:03, 38.10it/s]
Epoch: 1, loss: 21.1578, recon: 20.5542, kld: 25.9681, type loss: -12.0278, pos loss: -5.5832,all df_loss: 0.4737:  98%|█████████▊| 8864/9000 
[03:54<00:03, 37.93it/s]
Epoch: 1, loss: 22.3024, recon: 21.5354, kld: 45.5475, type loss: -12.7864, pos loss: -5.8683,all df_loss: 0.5392:  98%|█████████▊| 8864/9000 
[03:54<00:03, 37.93it/s]
Epoch: 1, loss: 22.3024, recon: 21.5354, kld: 45.5475, type loss: -12.7864, pos loss: -5.8683,all df_loss: 0.5392:  99%|█████████▊| 8880/9000 
[03:54<00:03, 37.32it/s]
Epoch: 1, loss: 20.9823, recon: 20.2836, kld: 38.9000, type loss: -12.2839, pos loss: -5.2845,all df_loss: 0.5041:  99%|█████████▊| 8880/9000 
[03:55<00:03, 37.32it/s]
Epoch: 1, loss: 20.9823, recon: 20.2836, kld: 38.9000, type loss: -12.2839, pos loss: -5.2845,all df_loss: 0.5041:  99%|█████████▉| 8896/9000 
[03:55<00:02, 37.44it/s]
Epoch: 1, loss: 19.8874, recon: 19.1287, kld: 48.8010, type loss: -11.7038, pos loss: -5.0339,all df_loss: 0.5147:  99%|█████████▉| 8896/9000 
[03:55<00:02, 37.44it/s]
Epoch: 1, loss: 19.8874, recon: 19.1287, kld: 48.8010, type loss: -11.7038, pos loss: -5.0339,all df_loss: 0.5147:  99%|█████████▉| 8912/9000 
[03:55<00:02, 37.46it/s]
Epoch: 1, loss: 22.2231, recon: 21.4327, kld: 45.6891, type loss: -13.0713, pos loss: -5.7036,all df_loss: 0.5619:  99%|█████████▉| 8912/9000 
[03:56<00:02, 37.46it/s]
Epoch: 1, loss: 22.2231, recon: 21.4327, kld: 45.6891, type loss: -13.0713, pos loss: -5.7036,all df_loss: 0.5619:  99%|█████████▉| 8928/9000 
[03:56<00:01, 37.34it/s]
Epoch: 1, loss: 22.1194, recon: 21.4118, kld: 38.9489, type loss: -12.7595, pos loss: -5.6748,all df_loss: 0.5129:  99%|█████████▉| 8928/9000 
[03:56<00:01, 37.34it/s]
Epoch: 1, loss: 22.1194, recon: 21.4118, kld: 38.9489, type loss: -12.7595, pos loss: -5.6748,all df_loss: 0.5129:  99%|█████████▉| 8944/9000 
[03:56<00:01, 37.00it/s]
Epoch: 1, loss: 18.9414, recon: 18.2850, kld: 42.5204, type loss: -11.3098, pos loss: -4.6783,all df_loss: 0.4438:  99%|█████████▉| 8944/9000 
[03:56<00:01, 37.00it/s]
Epoch: 1, loss: 18.9414, recon: 18.2850, kld: 42.5204, type loss: -11.3098, pos loss: -4.6783,all df_loss: 0.4438: 100%|█████████▉| 8960/9000 
[03:57<00:01, 37.46it/s]
Epoch: 1, loss: 19.4751, recon: 18.7511, kld: 38.1326, type loss: -10.9473, pos loss: -4.7297,all df_loss: 0.5334: 100%|█████████▉| 8960/9000 
[03:57<00:01, 37.46it/s]
Epoch: 1, loss: 19.4751, recon: 18.7511, kld: 38.1326, type loss: -10.9473, pos loss: -4.7297,all df_loss: 0.5334: 100%|█████████▉| 8976/9000 
[03:57<00:00, 37.64it/s]
Epoch: 1, loss: 22.0241, recon: 21.3785, kld: 32.0563, type loss: -12.4898, pos loss: -5.4652,all df_loss: 0.4853: 100%|█████████▉| 8976/9000 
[03:57<00:00, 37.64it/s]
Epoch: 1, loss: 22.0241, recon: 21.3785, kld: 32.0563, type loss: -12.4898, pos loss: -5.4652,all df_loss: 0.4853: 100%|█████████▉| 8992/9000 
[03:57<00:00, 37.35it/s]
Epoch: 1, loss: 18.3061, recon: 17.6645, kld: 25.0561, type loss: -10.2808, pos loss: -4.5228,all df_loss: 0.5162: 100%|█████████▉| 8992/9000 
[03:58<00:00, 37.35it/s]
Epoch: 1, loss: 18.3061, recon: 17.6645, kld: 25.0561, type loss: -10.2808, pos loss: -4.5228,all df_loss: 0.5162: 100%|██████████| 9000/9000 
[03:58<00:00, 35.74it/s]
Epoch: 1, loss: 18.3061, recon: 17.6645, kld: 25.0561, type loss: -10.2808, pos loss: -4.5228,all df_loss: 0.5162: 100%|██████████| 9000/9000 
[03:58<00:00, 37.78it/s]
====> Epoch: 1 Average loss: 28.5795
Testing begins...

  0%|          | 0/1000 [00:00<?, ?it/s]
nll: 20.3679:   0%|          | 0/1000 [00:01<?, ?it/s]
nll: 20.3679:  13%|█▎        | 128/1000 [01:56<13:10,  1.10it/s]
nll: 19.3662:  13%|█▎        | 128/1000 [01:57<13:10,  1.10it/s]
nll: 19.3662:  26%|██▌       | 256/1000 [03:52<11:14,  1.10it/s]
nll: 20.4419:  26%|██▌       | 256/1000 [03:53<11:14,  1.10it/s]
nll: 20.4419:  38%|███▊      | 384/1000 [05:45<09:11,  1.12it/s]
nll: 19.8993:  38%|███▊      | 384/1000 [05:46<09:11,  1.12it/s]
nll: 19.8993:  51%|█████     | 512/1000 [07:42<07:21,  1.11it/s]
nll: 19.6696:  51%|█████     | 512/1000 [07:43<07:21,  1.11it/s]
nll: 19.6696:  64%|██████▍   | 640/1000 [09:40<05:28,  1.10it/s]
nll: 19.4492:  64%|██████▍   | 640/1000 [09:42<05:28,  1.10it/s]
nll: 19.4492:  77%|███████▋  | 768/1000 [11:38<03:32,  1.09it/s]
nll: 19.9381:  77%|███████▋  | 768/1000 [11:39<03:32,  1.09it/s]
nll: 19.9381:  90%|████████▉ | 896/1000 [13:36<01:35,  1.09it/s]
nll: 19.8540:  90%|████████▉ | 896/1000 [13:37<01:35,  1.09it/s]
nll: 19.8540: 100%|██████████| 1000/1000 [15:09<00:00,  1.10it/s]
nll: 19.8540: 100%|██████████| 1000/1000 [15:09<00:00,  1.10it/s]
Test average recon loss: 19.873744873046874, recon accuracy: 0.0002

  0%|          | 0/9000 [00:00<?, ?it/s]
  1%|▏         | 128/9000 [00:00<00:08, 989.35it/s]
  3%|▎         | 256/9000 [00:00<00:09, 949.82it/s]
  4%|▍         | 384/9000 [00:00<00:08, 960.07it/s]
  6%|▌         | 512/9000 [00:00<00:08, 965.41it/s]
  7%|▋         | 640/9000 [00:00<00:08, 962.73it/s]
  9%|▊         | 768/9000 [00:00<00:08, 951.63it/s]
 10%|▉         | 896/9000 [00:00<00:09, 899.39it/s]
 11%|█▏        | 1024/9000 [00:01<00:08, 950.22it/s]
 13%|█▎        | 1152/9000 [00:01<00:08, 944.33it/s]
 14%|█▍        | 1280/9000 [00:01<00:08, 940.36it/s]
 16%|█▌        | 1408/9000 [00:01<00:07, 978.39it/s]
 17%|█▋        | 1536/9000 [00:01<00:07, 956.64it/s]
 18%|█▊        | 1664/9000 [00:01<00:07, 976.35it/s]
 20%|█▉        | 1792/9000 [00:01<00:07, 975.69it/s]
 21%|██▏       | 1920/9000 [00:02<00:07, 947.96it/s]
 23%|██▎       | 2048/9000 [00:02<00:07, 939.80it/s]
 24%|██▍       | 2176/9000 [00:02<00:07, 929.36it/s]
 26%|██▌       | 2304/9000 [00:02<00:07, 927.67it/s]
 27%|██▋       | 2432/9000 [00:02<00:07, 936.58it/s]
 28%|██▊       | 2560/9000 [00:02<00:06, 926.89it/s]
 30%|██▉       | 2688/9000 [00:02<00:06, 924.29it/s]
 31%|███▏      | 2816/9000 [00:03<00:07, 876.90it/s]
 33%|███▎      | 2944/9000 [00:03<00:06, 901.80it/s]
 34%|███▍      | 3072/9000 [00:03<00:06, 908.87it/s]
 36%|███▌      | 3200/9000 [00:03<00:06, 919.35it/s]
 37%|███▋      | 3328/9000 [00:03<00:06, 910.47it/s]
 38%|███▊      | 3456/9000 [00:03<00:06, 908.25it/s]
 40%|███▉      | 3584/9000 [00:03<00:06, 901.51it/s]
 41%|████      | 3712/9000 [00:04<00:06, 876.47it/s]
 43%|████▎     | 3840/9000 [00:04<00:05, 912.22it/s]
 44%|████▍     | 3968/9000 [00:04<00:05, 931.88it/s]
 46%|████▌     | 4096/9000 [00:04<00:05, 927.22it/s]
 47%|████▋     | 4224/9000 [00:04<00:05, 952.12it/s]
 48%|████▊     | 4352/9000 [00:04<00:04, 951.35it/s]
 50%|████▉     | 4480/9000 [00:04<00:04, 947.18it/s]
 51%|█████     | 4608/9000 [00:04<00:04, 944.11it/s]
 53%|█████▎    | 4736/9000 [00:05<00:04, 942.54it/s]
 54%|█████▍    | 4864/9000 [00:05<00:04, 995.65it/s]
 55%|█████▌    | 4992/9000 [00:05<00:03, 1023.08it/s]
 57%|█████▋    | 5120/9000 [00:05<00:03, 1005.22it/s]
 58%|█████▊    | 5248/9000 [00:05<00:03, 1000.66it/s]
 60%|█████▉    | 5376/9000 [00:05<00:03, 985.45it/s] 
 61%|██████    | 5504/9000 [00:05<00:03, 985.40it/s]
 63%|██████▎   | 5632/9000 [00:05<00:03, 976.24it/s]
 64%|██████▍   | 5760/9000 [00:06<00:03, 944.73it/s]
 65%|██████▌   | 5888/9000 [00:06<00:03, 941.84it/s]
 67%|██████▋   | 6016/9000 [00:06<00:03, 921.70it/s]
 68%|██████▊   | 6144/9000 [00:06<00:03, 886.91it/s]
 70%|██████▉   | 6272/9000 [00:06<00:03, 907.55it/s]
 71%|███████   | 6400/9000 [00:06<00:02, 904.40it/s]
 73%|███████▎  | 6528/9000 [00:06<00:02, 945.64it/s]
 74%|███████▍  | 6656/9000 [00:07<00:02, 930.50it/s]
 75%|███████▌  | 6784/9000 [00:07<00:02, 974.98it/s]
 77%|███████▋  | 6912/9000 [00:07<00:02, 977.62it/s]
 78%|███████▊  | 7040/9000 [00:07<00:01, 983.01it/s]
 80%|███████▉  | 7168/9000 [00:07<00:01, 964.62it/s]
 81%|████████  | 7296/9000 [00:07<00:01, 944.52it/s]
 82%|████████▏ | 7424/9000 [00:07<00:01, 938.15it/s]
 84%|████████▍ | 7552/9000 [00:08<00:01, 946.99it/s]
 85%|████████▌ | 7680/9000 [00:08<00:01, 935.56it/s]
 87%|████████▋ | 7808/9000 [00:08<00:01, 977.93it/s]
 88%|████████▊ | 7936/9000 [00:08<00:01, 970.51it/s]
 90%|████████▉ | 8064/9000 [00:08<00:00, 957.08it/s]
 91%|█████████ | 8192/9000 [00:08<00:00, 950.64it/s]
 92%|█████████▏| 8320/9000 [00:08<00:00, 966.98it/s]
 94%|█████████▍| 8448/9000 [00:08<00:00, 964.22it/s]
 95%|█████████▌| 8576/9000 [00:09<00:00, 949.87it/s]
 97%|█████████▋| 8704/9000 [00:09<00:00, 931.30it/s]
 98%|█████████▊| 8832/9000 [00:09<00:00, 940.15it/s]
100%|█████████▉| 8960/9000 [00:09<00:00, 928.25it/s]
100%|██████████| 9000/9000 [00:09<00:00, 942.64it/s]
Prior validity experiment begins...

  0%|          | 0/1000 [00:00<?, ?it/s]
 13%|█▎        | 128/1000 [00:11<01:19, 10.92it/s]
 26%|██▌       | 256/1000 [00:22<01:06, 11.23it/s]
 38%|███▊      | 384/1000 [00:33<00:53, 11.61it/s]
 38%|███▊      | 384/1000 [00:43<00:53, 11.61it/s]
 51%|█████     | 512/1000 [00:44<00:42, 11.59it/s]
 64%|██████▍   | 640/1000 [00:55<00:31, 11.59it/s]
 77%|███████▋  | 768/1000 [01:07<00:20, 11.46it/s]
 90%|████████▉ | 896/1000 [01:18<00:09, 11.50it/s]
100%|██████████| 1000/1000 [01:27<00:00, 11.39it/s]
100%|██████████| 1000/1000 [01:27<00:00, 11.44it/s]
Ratio of valid DAG decodings from the prior: 0.8835
Ratio of valid Circuits decodings from the prior: 0.8409

  0%|          | 0/8835 [00:00<?, ?it/s]
  0%|          | 5/8835 [00:00<04:04, 36.18it/s]
  0%|          | 9/8835 [00:00<04:31, 32.55it/s]
  0%|          | 16/8835 [00:00<03:20, 44.00it/s]
  0%|          | 21/8835 [00:00<03:23, 43.34it/s]
  0%|          | 26/8835 [00:00<03:26, 42.59it/s]
  0%|          | 32/8835 [00:00<03:14, 45.28it/s]
  0%|          | 40/8835 [00:00<02:54, 50.29it/s]
  1%|          | 47/8835 [00:01<02:48, 52.16it/s]
  1%|          | 56/8835 [00:01<02:32, 57.50it/s]
  1%|          | 62/8835 [00:01<02:47, 52.49it/s]
  1%|          | 68/8835 [00:01<03:31, 41.44it/s]
  1%|          | 73/8835 [00:01<03:24, 42.88it/s]
  1%|          | 78/8835 [00:01<03:35, 40.57it/s]
  1%|          | 83/8835 [00:01<03:48, 38.30it/s]
  1%|          | 90/8835 [00:02<03:27, 42.17it/s]
  1%|          | 95/8835 [00:02<03:19, 43.77it/s]
  1%|          | 101/8835 [00:02<03:03, 47.67it/s]
  1%|          | 106/8835 [00:02<03:07, 46.67it/s]
  1%|▏         | 113/8835 [00:02<02:52, 50.50it/s]
  1%|▏         | 119/8835 [00:02<03:17, 44.11it/s]
  1%|▏         | 124/8835 [00:02<03:23, 42.74it/s]
  1%|▏         | 129/8835 [00:02<03:34, 40.59it/s]
  2%|▏         | 137/8835 [00:03<03:01, 47.93it/s]
  2%|▏         | 142/8835 [00:03<03:11, 45.44it/s]
  2%|▏         | 148/8835 [00:03<03:06, 46.48it/s]
  2%|▏         | 153/8835 [00:03<03:21, 43.15it/s]
  2%|▏         | 158/8835 [00:03<03:31, 40.98it/s]
  2%|▏         | 165/8835 [00:03<03:08, 45.95it/s]
  2%|▏         | 171/8835 [00:03<03:12, 45.09it/s]
  2%|▏         | 177/8835 [00:03<03:03, 47.12it/s]
  2%|▏         | 182/8835 [00:04<03:03, 47.18it/s]
  2%|▏         | 187/8835 [00:04<03:23, 42.59it/s]
  2%|▏         | 194/8835 [00:04<02:59, 48.25it/s]
  2%|▏         | 202/8835 [00:04<02:46, 51.94it/s]
  2%|▏         | 209/8835 [00:04<02:38, 54.44it/s]
  2%|▏         | 215/8835 [00:04<02:52, 49.88it/s]
  3%|▎         | 221/8835 [00:04<02:49, 50.95it/s]
  3%|▎         | 228/8835 [00:04<02:48, 51.19it/s]
  3%|▎         | 235/8835 [00:05<02:34, 55.72it/s]
  3%|▎         | 241/8835 [00:05<02:40, 53.65it/s]
  3%|▎         | 247/8835 [00:05<02:38, 54.04it/s]
  3%|▎         | 253/8835 [00:05<02:55, 48.83it/s]
  3%|▎         | 260/8835 [00:05<02:43, 52.32it/s]
  3%|▎         | 266/8835 [00:05<02:54, 49.22it/s]
  3%|▎         | 272/8835 [00:05<03:00, 47.41it/s]
  3%|▎         | 277/8835 [00:05<03:09, 45.14it/s]
  3%|▎         | 282/8835 [00:06<03:09, 45.20it/s]
  3%|▎         | 287/8835 [00:06<03:11, 44.53it/s]
  3%|▎         | 292/8835 [00:06<03:32, 40.17it/s]
  3%|▎         | 298/8835 [00:06<03:15, 43.71it/s]
  3%|▎         | 303/8835 [00:06<03:13, 43.99it/s]
  3%|▎         | 308/8835 [00:06<03:22, 42.12it/s]
  4%|▎         | 314/8835 [00:06<03:16, 43.39it/s]
  4%|▎         | 319/8835 [00:06<03:23, 41.83it/s]
  4%|▎         | 324/8835 [00:07<03:25, 41.50it/s]
  4%|▎         | 329/8835 [00:07<03:24, 41.63it/s]
  4%|▍         | 334/8835 [00:07<03:25, 41.29it/s]
  4%|▍         | 340/8835 [00:07<03:04, 46.05it/s]
  4%|▍         | 346/8835 [00:07<03:04, 46.07it/s]
  4%|▍         | 351/8835 [00:07<03:03, 46.32it/s]
  4%|▍         | 356/8835 [00:07<03:00, 46.96it/s]
  4%|▍         | 361/8835 [00:07<03:11, 44.15it/s]
  4%|▍         | 366/8835 [00:07<03:19, 42.37it/s]
  4%|▍         | 372/8835 [00:08<03:07, 45.02it/s]
  4%|▍         | 377/8835 [00:08<03:10, 44.43it/s]
  4%|▍         | 382/8835 [00:08<03:19, 42.46it/s]
  4%|▍         | 387/8835 [00:08<03:39, 38.42it/s]
  4%|▍         | 393/8835 [00:08<03:15, 43.17it/s]
  5%|▍         | 399/8835 [00:08<02:58, 47.28it/s]
  5%|▍         | 405/8835 [00:08<02:57, 47.37it/s]
  5%|▍         | 410/8835 [00:08<02:59, 46.83it/s]
  5%|▍         | 415/8835 [00:09<03:06, 45.13it/s]
  5%|▍         | 421/8835 [00:09<02:52, 48.74it/s]
  5%|▍         | 428/8835 [00:09<02:34, 54.41it/s]
  5%|▍         | 434/8835 [00:09<02:32, 55.20it/s]
  5%|▍         | 441/8835 [00:09<02:35, 54.03it/s]
  5%|▌         | 447/8835 [00:09<02:52, 48.51it/s]
  5%|▌         | 452/8835 [00:09<03:10, 44.09it/s]
  5%|▌         | 459/8835 [00:09<02:53, 48.37it/s]
  5%|▌         | 466/8835 [00:10<02:47, 50.01it/s]
  5%|▌         | 473/8835 [00:10<02:40, 52.00it/s]
  5%|▌         | 479/8835 [00:10<02:38, 52.60it/s]
  5%|▌         | 485/8835 [00:10<03:03, 45.50it/s]
  6%|▌         | 492/8835 [00:10<02:50, 48.95it/s]
  6%|▌         | 499/8835 [00:10<02:38, 52.64it/s]
  6%|▌         | 505/8835 [00:10<02:44, 50.69it/s]
  6%|▌         | 511/8835 [00:10<02:51, 48.48it/s]
  6%|▌         | 517/8835 [00:11<02:42, 51.17it/s]
  6%|▌         | 523/8835 [00:11<03:07, 44.41it/s]
  6%|▌         | 530/8835 [00:11<02:51, 48.40it/s]
  6%|▌         | 536/8835 [00:11<02:52, 48.03it/s]
  6%|▌         | 541/8835 [00:11<02:53, 47.70it/s]
  6%|▌         | 546/8835 [00:11<02:56, 46.84it/s]
  6%|▌         | 551/8835 [00:11<02:55, 47.10it/s]
  6%|▋         | 558/8835 [00:11<02:39, 51.73it/s]
  6%|▋         | 564/8835 [00:12<02:56, 46.91it/s]
  6%|▋         | 569/8835 [00:12<03:02, 45.34it/s]
  6%|▋         | 574/8835 [00:12<03:16, 42.12it/s]
  7%|▋         | 579/8835 [00:12<03:07, 43.92it/s]
  7%|▋         | 585/8835 [00:12<03:02, 45.19it/s]
  7%|▋         | 590/8835 [00:12<03:15, 42.19it/s]
  7%|▋         | 595/8835 [00:12<03:11, 42.93it/s]
  7%|▋         | 600/8835 [00:12<03:24, 40.29it/s]
  7%|▋         | 606/8835 [00:13<03:15, 42.06it/s]
  7%|▋         | 612/8835 [00:13<03:05, 44.38it/s]
  7%|▋         | 618/8835 [00:13<02:52, 47.64it/s]
  7%|▋         | 623/8835 [00:13<03:04, 44.46it/s]
  7%|▋         | 629/8835 [00:13<02:50, 48.10it/s]
  7%|▋         | 634/8835 [00:13<02:54, 46.99it/s]
  7%|▋         | 639/8835 [00:13<03:10, 42.95it/s]
  7%|▋         | 644/8835 [00:13<03:26, 39.62it/s]
  7%|▋         | 652/8835 [00:14<02:51, 47.68it/s]
  7%|▋         | 658/8835 [00:14<02:44, 49.69it/s]
  8%|▊         | 665/8835 [00:14<02:31, 53.88it/s]
  8%|▊         | 672/8835 [00:14<02:25, 56.04it/s]
  8%|▊         | 678/8835 [00:14<02:37, 51.65it/s]
  8%|▊         | 684/8835 [00:14<02:31, 53.72it/s]
  8%|▊         | 691/8835 [00:14<02:30, 54.12it/s]
  8%|▊         | 697/8835 [00:14<02:44, 49.45it/s]
  8%|▊         | 703/8835 [00:15<02:43, 49.79it/s]
  8%|▊         | 709/8835 [00:15<02:58, 45.46it/s]
  8%|▊         | 714/8835 [00:15<03:01, 44.81it/s]
  8%|▊         | 719/8835 [00:15<03:02, 44.56it/s]
  8%|▊         | 726/8835 [00:15<02:54, 46.57it/s]
  8%|▊         | 731/8835 [00:15<03:00, 44.90it/s]
  8%|▊         | 736/8835 [00:15<03:09, 42.76it/s]
  8%|▊         | 743/8835 [00:15<02:47, 48.44it/s]
  8%|▊         | 749/8835 [00:16<02:38, 51.04it/s]
  9%|▊         | 755/8835 [00:16<03:02, 44.37it/s]
  9%|▊         | 760/8835 [00:16<03:04, 43.81it/s]
  9%|▊         | 766/8835 [00:16<02:51, 47.16it/s]
  9%|▊         | 771/8835 [00:16<02:51, 47.10it/s]
  9%|▉         | 776/8835 [00:16<02:55, 45.90it/s]
  9%|▉         | 784/8835 [00:16<02:32, 52.94it/s]
  9%|▉         | 790/8835 [00:16<02:45, 48.67it/s]
  9%|▉         | 795/8835 [00:17<03:02, 44.11it/s]
  9%|▉         | 802/8835 [00:17<02:50, 47.13it/s]
  9%|▉         | 810/8835 [00:17<02:37, 50.96it/s]
  9%|▉         | 816/8835 [00:17<02:48, 47.46it/s]
  9%|▉         | 821/8835 [00:17<03:12, 41.60it/s]
  9%|▉         | 827/8835 [00:17<02:59, 44.73it/s]
  9%|▉         | 832/8835 [00:17<02:55, 45.57it/s]
  9%|▉         | 837/8835 [00:17<03:00, 44.31it/s]
 10%|▉         | 842/8835 [00:18<02:56, 45.25it/s]
 10%|▉         | 847/8835 [00:18<02:59, 44.44it/s]
 10%|▉         | 852/8835 [00:18<03:16, 40.73it/s]
 10%|▉         | 857/8835 [00:18<03:47, 35.10it/s]
 10%|▉         | 861/8835 [00:18<03:41, 35.99it/s]
 10%|▉         | 866/8835 [00:18<03:29, 38.03it/s]
 10%|▉         | 871/8835 [00:18<03:24, 38.91it/s]
 10%|▉         | 877/8835 [00:19<03:14, 40.86it/s]
 10%|▉         | 882/8835 [00:19<03:33, 37.19it/s]
 10%|█         | 889/8835 [00:19<03:06, 42.56it/s]
 10%|█         | 894/8835 [00:19<03:00, 44.09it/s]
 10%|█         | 899/8835 [00:19<03:24, 38.84it/s]
 10%|█         | 904/8835 [00:19<03:18, 39.97it/s]
 10%|█         | 909/8835 [00:19<03:26, 38.34it/s]
 10%|█         | 913/8835 [00:19<03:29, 37.89it/s]
 10%|█         | 917/8835 [00:20<03:31, 37.38it/s]
 10%|█         | 923/8835 [00:20<03:06, 42.42it/s]
 11%|█         | 929/8835 [00:20<02:54, 45.28it/s]
 11%|█         | 934/8835 [00:20<02:55, 45.09it/s]
 11%|█         | 939/8835 [00:20<03:01, 43.52it/s]
 11%|█         | 944/8835 [00:20<03:10, 41.51it/s]
 11%|█         | 950/8835 [00:20<02:57, 44.50it/s]
 11%|█         | 955/8835 [00:20<02:58, 44.18it/s]
 11%|█         | 962/8835 [00:20<02:34, 50.89it/s]
 11%|█         | 968/8835 [00:21<02:44, 47.85it/s]
 11%|█         | 974/8835 [00:21<02:42, 48.33it/s]
 11%|█         | 981/8835 [00:21<02:32, 51.48it/s]
 11%|█         | 987/8835 [00:21<02:41, 48.56it/s]
 11%|█▏        | 994/8835 [00:21<02:33, 51.18it/s]
 11%|█▏        | 1000/8835 [00:21<02:45, 47.40it/s]
 11%|█▏        | 1005/8835 [00:21<02:53, 45.25it/s]
 11%|█▏        | 1010/8835 [00:22<02:51, 45.68it/s]
 12%|█▏        | 1018/8835 [00:22<02:34, 50.52it/s]
 12%|█▏        | 1025/8835 [00:22<02:23, 54.36it/s]
 12%|█▏        | 1031/8835 [00:22<02:24, 54.01it/s]
 12%|█▏        | 1037/8835 [00:22<02:31, 51.61it/s]
 12%|█▏        | 1043/8835 [00:22<02:52, 45.10it/s]
 12%|█▏        | 1050/8835 [00:22<02:33, 50.73it/s]
 12%|█▏        | 1057/8835 [00:22<02:22, 54.67it/s]
 12%|█▏        | 1063/8835 [00:23<02:35, 49.83it/s]
 12%|█▏        | 1069/8835 [00:23<02:51, 45.23it/s]
 12%|█▏        | 1075/8835 [00:23<02:39, 48.52it/s]
 12%|█▏        | 1081/8835 [00:23<02:49, 45.75it/s]
 12%|█▏        | 1088/8835 [00:23<02:38, 48.73it/s]
 12%|█▏        | 1094/8835 [00:23<02:42, 47.65it/s]
 12%|█▏        | 1099/8835 [00:23<03:07, 41.27it/s]
 12%|█▏        | 1104/8835 [00:23<03:04, 41.92it/s]
 13%|█▎        | 1109/8835 [00:24<02:59, 43.09it/s]
 13%|█▎        | 1115/8835 [00:24<02:43, 47.32it/s]
 13%|█▎        | 1120/8835 [00:24<02:53, 44.46it/s]
 13%|█▎        | 1125/8835 [00:24<02:58, 43.20it/s]
 13%|█▎        | 1131/8835 [00:24<02:47, 46.04it/s]
 13%|█▎        | 1140/8835 [00:24<02:17, 55.94it/s]
 13%|█▎        | 1146/8835 [00:24<02:21, 54.17it/s]
 13%|█▎        | 1152/8835 [00:24<02:21, 54.13it/s]
 13%|█▎        | 1158/8835 [00:25<02:41, 47.56it/s]
 13%|█▎        | 1165/8835 [00:25<02:26, 52.26it/s]
 13%|█▎        | 1171/8835 [00:25<02:33, 49.99it/s]
 13%|█▎        | 1177/8835 [00:25<02:42, 47.14it/s]
 13%|█▎        | 1182/8835 [00:25<02:52, 44.38it/s]
 13%|█▎        | 1187/8835 [00:25<03:00, 42.45it/s]
 13%|█▎        | 1192/8835 [00:25<02:57, 43.09it/s]
 14%|█▎        | 1197/8835 [00:25<03:00, 42.43it/s]
 14%|█▎        | 1202/8835 [00:26<02:57, 43.10it/s]
 14%|█▎        | 1207/8835 [00:26<02:54, 43.63it/s]
 14%|█▎        | 1212/8835 [00:26<03:10, 40.11it/s]
 14%|█▍        | 1217/8835 [00:26<03:08, 40.39it/s]
 14%|█▍        | 1222/8835 [00:26<03:17, 38.64it/s]
 14%|█▍        | 1226/8835 [00:26<03:25, 37.07it/s]
 14%|█▍        | 1232/8835 [00:26<02:58, 42.58it/s]
 14%|█▍        | 1237/8835 [00:26<03:05, 41.05it/s]
 14%|█▍        | 1242/8835 [00:27<03:18, 38.23it/s]
 14%|█▍        | 1246/8835 [00:27<03:17, 38.42it/s]
 14%|█▍        | 1251/8835 [00:27<03:13, 39.18it/s]
 14%|█▍        | 1255/8835 [00:27<03:27, 36.44it/s]
 14%|█▍        | 1259/8835 [00:27<03:29, 36.17it/s]
 14%|█▍        | 1263/8835 [00:27<03:43, 33.95it/s]
 14%|█▍        | 1268/8835 [00:27<03:25, 36.78it/s]
 14%|█▍        | 1272/8835 [00:27<03:22, 37.33it/s]
 14%|█▍        | 1277/8835 [00:28<03:22, 37.36it/s]
 14%|█▍        | 1281/8835 [00:28<03:29, 36.12it/s]
 15%|█▍        | 1285/8835 [00:28<03:27, 36.38it/s]
 15%|█▍        | 1290/8835 [00:28<03:21, 37.53it/s]
 15%|█▍        | 1296/8835 [00:28<02:57, 42.45it/s]
 15%|█▍        | 1301/8835 [00:28<03:04, 40.90it/s]
 15%|█▍        | 1308/8835 [00:28<02:39, 47.17it/s]
 15%|█▍        | 1313/8835 [00:28<02:42, 46.30it/s]
 15%|█▍        | 1318/8835 [00:29<03:02, 41.11it/s]
 15%|█▍        | 1323/8835 [00:29<03:14, 38.69it/s]
 15%|█▌        | 1329/8835 [00:29<02:57, 42.24it/s]
 15%|█▌        | 1334/8835 [00:29<03:02, 41.14it/s]
 15%|█▌        | 1343/8835 [00:29<02:27, 50.62it/s]
 15%|█▌        | 1349/8835 [00:29<02:49, 44.08it/s]
 15%|█▌        | 1354/8835 [00:29<03:01, 41.14it/s]
 15%|█▌        | 1359/8835 [00:29<02:53, 42.98it/s]
 15%|█▌        | 1365/8835 [00:30<02:43, 45.72it/s]
 16%|█▌        | 1370/8835 [00:30<02:51, 43.45it/s]
 16%|█▌        | 1375/8835 [00:30<03:09, 39.30it/s]
 16%|█▌        | 1382/8835 [00:30<02:40, 46.36it/s]
 16%|█▌        | 1388/8835 [00:30<02:39, 46.59it/s]
 16%|█▌        | 1393/8835 [00:30<02:44, 45.35it/s]
 16%|█▌        | 1398/8835 [00:30<02:48, 44.13it/s]
 16%|█▌        | 1405/8835 [00:30<02:31, 48.93it/s]
 16%|█▌        | 1411/8835 [00:31<02:32, 48.71it/s]
 16%|█▌        | 1416/8835 [00:31<02:39, 46.65it/s]
 16%|█▌        | 1421/8835 [00:31<02:39, 46.39it/s]
 16%|█▌        | 1427/8835 [00:31<02:33, 48.15it/s]
 16%|█▌        | 1432/8835 [00:31<02:39, 46.47it/s]
 16%|█▋        | 1437/8835 [00:31<02:49, 43.61it/s]
 16%|█▋        | 1442/8835 [00:31<02:53, 42.55it/s]
 16%|█▋        | 1448/8835 [00:31<02:37, 47.02it/s]
 16%|█▋        | 1453/8835 [00:31<02:38, 46.61it/s]
 17%|█▋        | 1458/8835 [00:32<02:57, 41.53it/s]
 17%|█▋        | 1463/8835 [00:32<03:03, 40.09it/s]
 17%|█▋        | 1470/8835 [00:32<02:38, 46.41it/s]
 17%|█▋        | 1476/8835 [00:32<02:29, 49.23it/s]
 17%|█▋        | 1482/8835 [00:32<02:27, 49.92it/s]
 17%|█▋        | 1488/8835 [00:32<02:25, 50.57it/s]
 17%|█▋        | 1494/8835 [00:32<02:34, 47.43it/s]
 17%|█▋        | 1500/8835 [00:32<02:28, 49.55it/s]
 17%|█▋        | 1506/8835 [00:33<02:48, 43.54it/s]
 17%|█▋        | 1511/8835 [00:33<02:57, 41.35it/s]
 17%|█▋        | 1516/8835 [00:33<03:07, 38.95it/s]
 17%|█▋        | 1521/8835 [00:33<02:59, 40.66it/s]
 17%|█▋        | 1526/8835 [00:33<03:08, 38.70it/s]
 17%|█▋        | 1532/8835 [00:33<02:56, 41.44it/s]
 17%|█▋        | 1539/8835 [00:33<02:37, 46.29it/s]
 17%|█▋        | 1545/8835 [00:34<02:38, 45.91it/s]
 18%|█▊        | 1550/8835 [00:34<02:46, 43.69it/s]
 18%|█▊        | 1555/8835 [00:34<02:57, 40.94it/s]
 18%|█▊        | 1560/8835 [00:34<03:08, 38.59it/s]
 18%|█▊        | 1567/8835 [00:34<02:42, 44.63it/s]
 18%|█▊        | 1572/8835 [00:34<02:44, 44.14it/s]
 18%|█▊        | 1578/8835 [00:34<02:36, 46.25it/s]
 18%|█▊        | 1583/8835 [00:34<02:53, 41.79it/s]
 18%|█▊        | 1588/8835 [00:35<02:58, 40.64it/s]
 18%|█▊        | 1594/8835 [00:35<02:43, 44.32it/s]
 18%|█▊        | 1600/8835 [00:35<02:35, 46.65it/s]
 18%|█▊        | 1605/8835 [00:35<02:39, 45.27it/s]
 18%|█▊        | 1610/8835 [00:35<02:56, 40.94it/s]
 18%|█▊        | 1616/8835 [00:35<02:48, 42.93it/s]
 18%|█▊        | 1621/8835 [00:35<02:42, 44.35it/s]
 18%|█▊        | 1626/8835 [00:35<02:54, 41.27it/s]
 18%|█▊        | 1631/8835 [00:36<02:54, 41.24it/s]
 19%|█▊        | 1636/8835 [00:36<02:46, 43.19it/s]
 19%|█▊        | 1641/8835 [00:36<02:46, 43.26it/s]
 19%|█▊        | 1647/8835 [00:36<02:31, 47.49it/s]
 19%|█▊        | 1652/8835 [00:36<02:35, 46.30it/s]
 19%|█▉        | 1657/8835 [00:36<02:41, 44.38it/s]
 19%|█▉        | 1662/8835 [00:36<02:44, 43.60it/s]
 19%|█▉        | 1667/8835 [00:36<02:43, 43.97it/s]
 19%|█▉        | 1672/8835 [00:37<02:44, 43.60it/s]
 19%|█▉        | 1677/8835 [00:37<02:56, 40.48it/s]
 19%|█▉        | 1683/8835 [00:37<02:41, 44.19it/s]
 19%|█▉        | 1690/8835 [00:37<02:36, 45.61it/s]
 19%|█▉        | 1695/8835 [00:37<02:49, 42.08it/s]
 19%|█▉        | 1701/8835 [00:37<02:41, 44.10it/s]
 19%|█▉        | 1706/8835 [00:37<02:42, 43.91it/s]
 19%|█▉        | 1714/8835 [00:37<02:22, 50.10it/s]
 19%|█▉        | 1721/8835 [00:38<02:20, 50.63it/s]
 20%|█▉        | 1727/8835 [00:38<02:32, 46.61it/s]
 20%|█▉        | 1734/8835 [00:38<02:16, 52.18it/s]
 20%|█▉        | 1740/8835 [00:38<02:28, 47.77it/s]
 20%|█▉        | 1745/8835 [00:38<02:35, 45.45it/s]
 20%|█▉        | 1750/8835 [00:38<02:56, 40.19it/s]
 20%|█▉        | 1755/8835 [00:38<02:52, 41.00it/s]
 20%|█▉        | 1760/8835 [00:38<02:50, 41.44it/s]
 20%|█▉        | 1765/8835 [00:39<03:01, 38.92it/s]
 20%|██        | 1770/8835 [00:39<02:54, 40.48it/s]
 20%|██        | 1775/8835 [00:39<02:47, 42.12it/s]
 20%|██        | 1781/8835 [00:39<02:46, 42.25it/s]
 20%|██        | 1786/8835 [00:39<03:03, 38.39it/s]
 20%|██        | 1791/8835 [00:39<02:56, 39.82it/s]
 20%|██        | 1796/8835 [00:39<02:55, 40.21it/s]
 20%|██        | 1801/8835 [00:39<02:46, 42.18it/s]
 20%|██        | 1809/8835 [00:40<02:30, 46.64it/s]
 21%|██        | 1814/8835 [00:40<02:30, 46.56it/s]
 21%|██        | 1819/8835 [00:40<02:31, 46.19it/s]
 21%|██        | 1827/8835 [00:40<02:15, 51.91it/s]
 21%|██        | 1833/8835 [00:40<02:17, 50.80it/s]
 21%|██        | 1839/8835 [00:40<02:22, 49.02it/s]
 21%|██        | 1844/8835 [00:40<02:55, 39.91it/s]
 21%|██        | 1849/8835 [00:41<02:59, 38.91it/s]
 21%|██        | 1854/8835 [00:41<03:07, 37.29it/s]
 21%|██        | 1860/8835 [00:41<02:55, 39.65it/s]
 21%|██        | 1865/8835 [00:41<02:47, 41.69it/s]
 21%|██        | 1870/8835 [00:41<03:09, 36.74it/s]
 21%|██        | 1875/8835 [00:41<03:06, 37.38it/s]
 21%|██▏       | 1880/8835 [00:41<03:01, 38.27it/s]
 21%|██▏       | 1884/8835 [00:41<03:03, 37.85it/s]
 21%|██▏       | 1889/8835 [00:42<03:04, 37.70it/s]
 21%|██▏       | 1893/8835 [00:42<03:03, 37.86it/s]
 21%|██▏       | 1897/8835 [00:42<03:02, 37.94it/s]
 22%|██▏       | 1901/8835 [00:42<03:13, 35.85it/s]
 22%|██▏       | 1905/8835 [00:42<03:10, 36.46it/s]
 22%|██▏       | 1909/8835 [00:42<03:05, 37.40it/s]
 22%|██▏       | 1913/8835 [00:42<03:01, 38.08it/s]
 22%|██▏       | 1917/8835 [00:42<03:04, 37.42it/s]
 22%|██▏       | 1921/8835 [00:43<03:19, 34.66it/s]
 22%|██▏       | 1926/8835 [00:43<03:13, 35.78it/s]
 22%|██▏       | 1933/8835 [00:43<02:42, 42.35it/s]
 22%|██▏       | 1939/8835 [00:43<02:37, 43.88it/s]
 22%|██▏       | 1945/8835 [00:43<02:25, 47.49it/s]
 22%|██▏       | 1950/8835 [00:43<02:47, 41.06it/s]
 22%|██▏       | 1957/8835 [00:43<02:23, 48.01it/s]
 22%|██▏       | 1963/8835 [00:43<02:30, 45.54it/s]
 22%|██▏       | 1968/8835 [00:44<02:32, 44.93it/s]
 22%|██▏       | 1973/8835 [00:44<02:36, 43.98it/s]
 22%|██▏       | 1978/8835 [00:44<02:37, 43.46it/s]
 22%|██▏       | 1984/8835 [00:44<02:34, 44.20it/s]
 23%|██▎       | 1989/8835 [00:44<02:57, 38.50it/s]
 23%|██▎       | 1994/8835 [00:44<02:51, 39.79it/s]
 23%|██▎       | 2000/8835 [00:44<02:40, 42.56it/s]
 23%|██▎       | 2005/8835 [00:44<02:55, 38.93it/s]
 23%|██▎       | 2011/8835 [00:45<02:44, 41.49it/s]
 23%|██▎       | 2016/8835 [00:45<03:01, 37.55it/s]
 23%|██▎       | 2020/8835 [00:45<03:01, 37.55it/s]
 23%|██▎       | 2027/8835 [00:45<02:38, 43.08it/s]
 23%|██▎       | 2032/8835 [00:45<02:34, 43.99it/s]
 23%|██▎       | 2037/8835 [00:45<02:35, 43.72it/s]
 23%|██▎       | 2045/8835 [00:45<02:14, 50.35it/s]
 23%|██▎       | 2051/8835 [00:45<02:24, 46.91it/s]
 23%|██▎       | 2056/8835 [00:46<02:28, 45.53it/s]
 23%|██▎       | 2064/8835 [00:46<02:06, 53.36it/s]
 23%|██▎       | 2070/8835 [00:46<02:11, 51.62it/s]
 23%|██▎       | 2076/8835 [00:46<02:14, 50.44it/s]
 24%|██▎       | 2083/8835 [00:46<02:05, 53.68it/s]
 24%|██▎       | 2089/8835 [00:46<02:15, 49.69it/s]
 24%|██▎       | 2095/8835 [00:46<02:35, 43.28it/s]
 24%|██▍       | 2102/8835 [00:46<02:16, 49.18it/s]
 24%|██▍       | 2108/8835 [00:47<02:21, 47.67it/s]
 24%|██▍       | 2113/8835 [00:47<02:31, 44.43it/s]
 24%|██▍       | 2118/8835 [00:47<02:34, 43.39it/s]
 24%|██▍       | 2125/8835 [00:47<02:23, 46.78it/s]
 24%|██▍       | 2132/8835 [00:47<02:15, 49.30it/s]
 24%|██▍       | 2137/8835 [00:47<02:40, 41.69it/s]
 24%|██▍       | 2142/8835 [00:47<02:47, 40.03it/s]
 24%|██▍       | 2147/8835 [00:48<02:39, 41.91it/s]
 24%|██▍       | 2154/8835 [00:48<02:22, 47.01it/s]
 24%|██▍       | 2159/8835 [00:48<02:22, 46.91it/s]
 24%|██▍       | 2164/8835 [00:48<02:23, 46.42it/s]
 25%|██▍       | 2172/8835 [00:48<02:12, 50.20it/s]
 25%|██▍       | 2178/8835 [00:48<02:17, 48.34it/s]
 25%|██▍       | 2183/8835 [00:48<02:31, 43.95it/s]
 25%|██▍       | 2188/8835 [00:48<02:29, 44.46it/s]
 25%|██▍       | 2193/8835 [00:49<02:33, 43.29it/s]
 25%|██▍       | 2202/8835 [00:49<02:00, 54.83it/s]
 25%|██▍       | 2208/8835 [00:49<02:22, 46.38it/s]
 25%|██▌       | 2213/8835 [00:49<02:32, 43.35it/s]
 25%|██▌       | 2218/8835 [00:49<02:52, 38.25it/s]
 25%|██▌       | 2223/8835 [00:49<03:02, 36.16it/s]
 25%|██▌       | 2229/8835 [00:49<02:50, 38.72it/s]
 25%|██▌       | 2234/8835 [00:50<03:18, 33.28it/s]
 25%|██▌       | 2239/8835 [00:50<02:59, 36.67it/s]
 25%|██▌       | 2245/8835 [00:50<02:42, 40.45it/s]
 25%|██▌       | 2250/8835 [00:50<02:55, 37.61it/s]
 26%|██▌       | 2254/8835 [00:50<02:56, 37.19it/s]
 26%|██▌       | 2260/8835 [00:50<02:35, 42.31it/s]
 26%|██▌       | 2267/8835 [00:50<02:18, 47.46it/s]
 26%|██▌       | 2272/8835 [00:50<02:28, 44.08it/s]
 26%|██▌       | 2277/8835 [00:51<02:33, 42.72it/s]
 26%|██▌       | 2282/8835 [00:51<02:42, 40.45it/s]
 26%|██▌       | 2287/8835 [00:51<02:52, 37.93it/s]
 26%|██▌       | 2293/8835 [00:51<02:32, 42.88it/s]
 26%|██▌       | 2300/8835 [00:51<02:18, 47.30it/s]
 26%|██▌       | 2305/8835 [00:51<02:26, 44.70it/s]
 26%|██▌       | 2310/8835 [00:51<02:39, 40.79it/s]
 26%|██▌       | 2315/8835 [00:52<02:36, 41.63it/s]
 26%|██▋       | 2320/8835 [00:52<02:39, 40.88it/s]
 26%|██▋       | 2326/8835 [00:52<02:25, 44.67it/s]
 26%|██▋       | 2331/8835 [00:52<02:35, 41.74it/s]
 26%|██▋       | 2337/8835 [00:52<02:35, 41.90it/s]
 27%|██▋       | 2342/8835 [00:52<02:39, 40.77it/s]
 27%|██▋       | 2347/8835 [00:52<02:43, 39.68it/s]
 27%|██▋       | 2351/8835 [00:52<02:46, 38.91it/s]
 27%|██▋       | 2357/8835 [00:53<02:28, 43.59it/s]
 27%|██▋       | 2363/8835 [00:53<02:18, 46.83it/s]
 27%|██▋       | 2369/8835 [00:53<02:14, 48.22it/s]
 27%|██▋       | 2374/8835 [00:53<02:33, 42.14it/s]
 27%|██▋       | 2379/8835 [00:53<02:32, 42.23it/s]
 27%|██▋       | 2384/8835 [00:53<02:32, 42.26it/s]
 27%|██▋       | 2389/8835 [00:53<02:34, 41.63it/s]
 27%|██▋       | 2395/8835 [00:53<02:28, 43.31it/s]
 27%|██▋       | 2400/8835 [00:54<02:36, 41.09it/s]
 27%|██▋       | 2405/8835 [00:54<02:51, 37.49it/s]
 27%|██▋       | 2409/8835 [00:54<02:50, 37.76it/s]
 27%|██▋       | 2415/8835 [00:54<02:34, 41.60it/s]
 27%|██▋       | 2420/8835 [00:54<02:29, 43.02it/s]
 27%|██▋       | 2425/8835 [00:54<02:35, 41.29it/s]
 28%|██▊       | 2430/8835 [00:54<02:33, 41.82it/s]
 28%|██▊       | 2437/8835 [00:54<02:13, 47.87it/s]
 28%|██▊       | 2442/8835 [00:54<02:19, 45.79it/s]
 28%|██▊       | 2449/8835 [00:55<02:07, 49.96it/s]
 28%|██▊       | 2455/8835 [00:55<02:10, 49.07it/s]
 28%|██▊       | 2464/8835 [00:55<01:50, 57.40it/s]
 28%|██▊       | 2470/8835 [00:55<02:00, 52.74it/s]
 28%|██▊       | 2476/8835 [00:55<02:11, 48.52it/s]
 28%|██▊       | 2481/8835 [00:55<02:18, 45.77it/s]
 28%|██▊       | 2487/8835 [00:55<02:13, 47.67it/s]
 28%|██▊       | 2492/8835 [00:55<02:18, 45.65it/s]
 28%|██▊       | 2499/8835 [00:56<02:08, 49.29it/s]
 28%|██▊       | 2504/8835 [00:56<02:23, 44.13it/s]
 28%|██▊       | 2509/8835 [00:56<02:20, 45.10it/s]
 28%|██▊       | 2515/8835 [00:56<02:09, 48.68it/s]
 29%|██▊       | 2520/8835 [00:56<02:09, 48.91it/s]
 29%|██▊       | 2525/8835 [00:56<02:10, 48.26it/s]
 29%|██▊       | 2531/8835 [00:56<02:11, 47.87it/s]
 29%|██▊       | 2537/8835 [00:56<02:04, 50.45it/s]
 29%|██▉       | 2543/8835 [00:57<02:12, 47.61it/s]
 29%|██▉       | 2548/8835 [00:57<02:31, 41.49it/s]
 29%|██▉       | 2554/8835 [00:57<02:28, 42.38it/s]
 29%|██▉       | 2559/8835 [00:57<02:22, 44.00it/s]
 29%|██▉       | 2564/8835 [00:57<02:27, 42.42it/s]
 29%|██▉       | 2572/8835 [00:57<02:03, 50.89it/s]
 29%|██▉       | 2578/8835 [00:57<02:11, 47.65it/s]
 29%|██▉       | 2583/8835 [00:57<02:25, 42.83it/s]
 29%|██▉       | 2588/8835 [00:58<02:25, 42.82it/s]
 29%|██▉       | 2593/8835 [00:58<02:34, 40.52it/s]
 29%|██▉       | 2599/8835 [00:58<02:21, 44.13it/s]
 29%|██▉       | 2605/8835 [00:58<02:12, 47.07it/s]
 30%|██▉       | 2610/8835 [00:58<02:15, 45.86it/s]
 30%|██▉       | 2615/8835 [00:58<02:27, 42.09it/s]
 30%|██▉       | 2621/8835 [00:58<02:24, 42.96it/s]
 30%|██▉       | 2627/8835 [00:58<02:11, 47.16it/s]
 30%|██▉       | 2632/8835 [00:59<02:24, 43.02it/s]
 30%|██▉       | 2638/8835 [00:59<02:11, 47.13it/s]
 30%|██▉       | 2643/8835 [00:59<02:28, 41.69it/s]
 30%|██▉       | 2648/8835 [00:59<02:33, 40.32it/s]
 30%|███       | 2653/8835 [00:59<02:45, 37.43it/s]
 30%|███       | 2657/8835 [00:59<02:50, 36.33it/s]
 30%|███       | 2663/8835 [00:59<02:29, 41.37it/s]
 30%|███       | 2670/8835 [00:59<02:12, 46.63it/s]
 30%|███       | 2675/8835 [01:00<02:20, 43.94it/s]
 30%|███       | 2680/8835 [01:00<02:22, 43.17it/s]
 30%|███       | 2685/8835 [01:00<02:29, 41.19it/s]
 30%|███       | 2691/8835 [01:00<02:20, 43.61it/s]
 31%|███       | 2696/8835 [01:00<02:22, 43.05it/s]
 31%|███       | 2701/8835 [01:00<02:35, 39.48it/s]
 31%|███       | 2706/8835 [01:00<02:48, 36.35it/s]
 31%|███       | 2712/8835 [01:01<02:31, 40.52it/s]
 31%|███       | 2718/8835 [01:01<02:25, 42.17it/s]
 31%|███       | 2725/8835 [01:01<02:05, 48.49it/s]
 31%|███       | 2731/8835 [01:01<02:13, 45.57it/s]
 31%|███       | 2739/8835 [01:01<01:56, 52.30it/s]
 31%|███       | 2745/8835 [01:01<02:09, 47.13it/s]
 31%|███       | 2750/8835 [01:01<02:15, 44.87it/s]
 31%|███       | 2755/8835 [01:01<02:28, 40.95it/s]
 31%|███▏      | 2761/8835 [01:02<02:18, 43.96it/s]
 31%|███▏      | 2766/8835 [01:02<02:32, 39.73it/s]
 31%|███▏      | 2771/8835 [01:02<02:34, 39.27it/s]
 31%|███▏      | 2776/8835 [01:02<02:25, 41.72it/s]
 31%|███▏      | 2781/8835 [01:02<02:24, 42.00it/s]
 32%|███▏      | 2786/8835 [01:02<02:29, 40.57it/s]
 32%|███▏      | 2791/8835 [01:02<02:34, 39.18it/s]
 32%|███▏      | 2795/8835 [01:02<02:35, 38.96it/s]
 32%|███▏      | 2800/8835 [01:03<02:27, 40.82it/s]
 32%|███▏      | 2806/8835 [01:03<02:15, 44.58it/s]
 32%|███▏      | 2812/8835 [01:03<02:04, 48.48it/s]
 32%|███▏      | 2817/8835 [01:03<02:03, 48.73it/s]
 32%|███▏      | 2822/8835 [01:03<02:10, 46.11it/s]
 32%|███▏      | 2828/8835 [01:03<02:07, 47.05it/s]
 32%|███▏      | 2833/8835 [01:03<02:11, 45.68it/s]
 32%|███▏      | 2840/8835 [01:03<01:56, 51.38it/s]
 32%|███▏      | 2846/8835 [01:04<02:10, 45.92it/s]
 32%|███▏      | 2852/8835 [01:04<02:02, 48.70it/s]
 32%|███▏      | 2858/8835 [01:04<02:04, 48.04it/s]
 32%|███▏      | 2863/8835 [01:04<02:16, 43.71it/s]
 32%|███▏      | 2869/8835 [01:04<02:10, 45.60it/s]
 33%|███▎      | 2875/8835 [01:04<02:03, 48.08it/s]
 33%|███▎      | 2880/8835 [01:04<02:17, 43.26it/s]
 33%|███▎      | 2887/8835 [01:04<02:02, 48.75it/s]
 33%|███▎      | 2893/8835 [01:05<02:19, 42.55it/s]
 33%|███▎      | 2899/8835 [01:05<02:11, 45.14it/s]
 33%|███▎      | 2905/8835 [01:05<02:03, 47.91it/s]
 33%|███▎      | 2910/8835 [01:05<02:11, 45.06it/s]
 33%|███▎      | 2915/8835 [01:05<02:24, 40.84it/s]
 33%|███▎      | 2921/8835 [01:05<02:13, 44.23it/s]
 33%|███▎      | 2926/8835 [01:05<02:22, 41.41it/s]
 33%|███▎      | 2931/8835 [01:05<02:21, 41.70it/s]
 33%|███▎      | 2936/8835 [01:06<02:23, 41.19it/s]
 33%|███▎      | 2941/8835 [01:06<02:18, 42.65it/s]
 33%|███▎      | 2946/8835 [01:06<02:35, 37.93it/s]
 33%|███▎      | 2951/8835 [01:06<02:26, 40.16it/s]
 33%|███▎      | 2956/8835 [01:06<02:30, 39.02it/s]
 34%|███▎      | 2961/8835 [01:06<02:22, 41.32it/s]
 34%|███▎      | 2966/8835 [01:06<02:21, 41.34it/s]
 34%|███▎      | 2971/8835 [01:06<02:29, 39.12it/s]
 34%|███▎      | 2975/8835 [01:07<02:30, 39.06it/s]
 34%|███▎      | 2979/8835 [01:07<02:31, 38.57it/s]
 34%|███▍      | 2984/8835 [01:07<02:23, 40.87it/s]
 34%|███▍      | 2989/8835 [01:07<02:35, 37.67it/s]
 34%|███▍      | 2995/8835 [01:07<02:19, 41.86it/s]
 34%|███▍      | 3000/8835 [01:07<02:18, 42.00it/s]
 34%|███▍      | 3007/8835 [01:07<01:59, 48.61it/s]
 34%|███▍      | 3012/8835 [01:07<02:11, 44.33it/s]
 34%|███▍      | 3017/8835 [01:08<02:34, 37.64it/s]
 34%|███▍      | 3022/8835 [01:08<02:24, 40.31it/s]
 34%|███▍      | 3027/8835 [01:08<02:27, 39.34it/s]
 34%|███▍      | 3033/8835 [01:08<02:11, 44.25it/s]
 34%|███▍      | 3038/8835 [01:08<02:26, 39.45it/s]
 34%|███▍      | 3043/8835 [01:08<02:26, 39.55it/s]
 34%|███▍      | 3048/8835 [01:08<02:27, 39.33it/s]
 35%|███▍      | 3053/8835 [01:08<02:29, 38.64it/s]
 35%|███▍      | 3061/8835 [01:09<02:00, 48.03it/s]
 35%|███▍      | 3067/8835 [01:09<02:08, 45.04it/s]
 35%|███▍      | 3072/8835 [01:09<02:10, 44.10it/s]
 35%|███▍      | 3077/8835 [01:09<02:14, 42.74it/s]
 35%|███▍      | 3082/8835 [01:09<02:23, 40.23it/s]
 35%|███▍      | 3087/8835 [01:09<02:16, 42.20it/s]
 35%|███▍      | 3092/8835 [01:09<02:19, 41.07it/s]
 35%|███▌      | 3098/8835 [01:10<02:13, 42.84it/s]
 35%|███▌      | 3104/8835 [01:10<02:07, 44.99it/s]
 35%|███▌      | 3110/8835 [01:10<02:02, 46.69it/s]
 35%|███▌      | 3115/8835 [01:10<02:10, 43.89it/s]
 35%|███▌      | 3122/8835 [01:10<01:54, 49.71it/s]
 35%|███▌      | 3128/8835 [01:10<02:05, 45.53it/s]
 35%|███▌      | 3133/8835 [01:10<02:04, 45.92it/s]
 36%|███▌      | 3138/8835 [01:10<02:10, 43.70it/s]
 36%|███▌      | 3145/8835 [01:10<01:56, 49.04it/s]
 36%|███▌      | 3151/8835 [01:11<02:03, 46.03it/s]
 36%|███▌      | 3156/8835 [01:11<02:16, 41.63it/s]
 36%|███▌      | 3161/8835 [01:11<02:28, 38.10it/s]
 36%|███▌      | 3166/8835 [01:11<02:28, 38.10it/s]
 36%|███▌      | 3170/8835 [01:11<02:37, 35.92it/s]
 36%|███▌      | 3176/8835 [01:11<02:20, 40.19it/s]
 36%|███▌      | 3182/8835 [01:11<02:05, 44.98it/s]
 36%|███▌      | 3187/8835 [01:12<02:08, 44.05it/s]
 36%|███▌      | 3192/8835 [01:12<02:07, 44.27it/s]
 36%|███▌      | 3198/8835 [01:12<02:00, 46.89it/s]
 36%|███▋      | 3203/8835 [01:12<02:12, 42.49it/s]
 36%|███▋      | 3209/8835 [01:12<02:08, 43.75it/s]
 36%|███▋      | 3214/8835 [01:12<02:18, 40.66it/s]
 36%|███▋      | 3219/8835 [01:12<02:21, 39.66it/s]
 36%|███▋      | 3224/8835 [01:12<02:13, 41.92it/s]
 37%|███▋      | 3229/8835 [01:13<02:27, 37.98it/s]
 37%|███▋      | 3233/8835 [01:13<02:29, 37.39it/s]
 37%|███▋      | 3237/8835 [01:13<02:27, 37.92it/s]
 37%|███▋      | 3242/8835 [01:13<02:24, 38.67it/s]
 37%|███▋      | 3247/8835 [01:13<02:17, 40.50it/s]
 37%|███▋      | 3252/8835 [01:13<02:31, 36.94it/s]
 37%|███▋      | 3259/8835 [01:13<02:15, 41.27it/s]
 37%|███▋      | 3264/8835 [01:13<02:11, 42.23it/s]
 37%|███▋      | 3269/8835 [01:14<02:10, 42.72it/s]
 37%|███▋      | 3274/8835 [01:14<02:24, 38.43it/s]
 37%|███▋      | 3280/8835 [01:14<02:16, 40.61it/s]
 37%|███▋      | 3285/8835 [01:14<02:16, 40.52it/s]
 37%|███▋      | 3291/8835 [01:14<02:11, 42.19it/s]
 37%|███▋      | 3297/8835 [01:14<02:07, 43.46it/s]
 37%|███▋      | 3302/8835 [01:14<02:09, 42.76it/s]
 37%|███▋      | 3307/8835 [01:14<02:09, 42.59it/s]
 37%|███▋      | 3312/8835 [01:15<02:20, 39.21it/s]
 38%|███▊      | 3316/8835 [01:15<02:22, 38.63it/s]
 38%|███▊      | 3321/8835 [01:15<02:17, 39.98it/s]
 38%|███▊      | 3326/8835 [01:15<02:17, 40.20it/s]
 38%|███▊      | 3331/8835 [01:15<02:18, 39.83it/s]
 38%|███▊      | 3337/8835 [01:15<02:04, 44.26it/s]
 38%|███▊      | 3342/8835 [01:15<02:00, 45.62it/s]
 38%|███▊      | 3347/8835 [01:15<02:08, 42.79it/s]
 38%|███▊      | 3353/8835 [01:16<02:03, 44.48it/s]
 38%|███▊      | 3359/8835 [01:16<02:02, 44.73it/s]
 38%|███▊      | 3364/8835 [01:16<02:15, 40.48it/s]
 38%|███▊      | 3373/8835 [01:16<01:51, 48.96it/s]
 38%|███▊      | 3378/8835 [01:16<01:57, 46.25it/s]
 38%|███▊      | 3383/8835 [01:16<02:03, 44.19it/s]
 38%|███▊      | 3388/8835 [01:16<02:07, 42.63it/s]
 38%|███▊      | 3395/8835 [01:16<01:51, 48.87it/s]
 38%|███▊      | 3401/8835 [01:17<01:53, 47.76it/s]
 39%|███▊      | 3406/8835 [01:17<01:53, 48.04it/s]
 39%|███▊      | 3412/8835 [01:17<01:53, 47.74it/s]
 39%|███▊      | 3417/8835 [01:17<02:03, 43.71it/s]
 39%|███▊      | 3422/8835 [01:17<01:59, 45.21it/s]
 39%|███▉      | 3427/8835 [01:17<02:15, 40.00it/s]
 39%|███▉      | 3432/8835 [01:17<02:17, 39.27it/s]
 39%|███▉      | 3437/8835 [01:18<02:23, 37.73it/s]
 39%|███▉      | 3442/8835 [01:18<02:15, 39.72it/s]
 39%|███▉      | 3450/8835 [01:18<01:56, 46.40it/s]
 39%|███▉      | 3455/8835 [01:18<01:58, 45.40it/s]
 39%|███▉      | 3460/8835 [01:18<02:00, 44.79it/s]
 39%|███▉      | 3467/8835 [01:18<01:46, 50.45it/s]
 39%|███▉      | 3473/8835 [01:18<02:05, 42.72it/s]
 39%|███▉      | 3478/8835 [01:18<02:09, 41.38it/s]
 39%|███▉      | 3483/8835 [01:19<02:04, 43.12it/s]
 40%|███▉      | 3490/8835 [01:19<01:53, 46.99it/s]
 40%|███▉      | 3496/8835 [01:19<01:54, 46.64it/s]
 40%|███▉      | 3501/8835 [01:19<02:07, 41.87it/s]
 40%|███▉      | 3506/8835 [01:19<02:02, 43.45it/s]
 40%|███▉      | 3511/8835 [01:19<02:01, 43.77it/s]
 40%|███▉      | 3516/8835 [01:19<02:00, 44.13it/s]
 40%|███▉      | 3521/8835 [01:19<02:04, 42.64it/s]
 40%|███▉      | 3528/8835 [01:19<01:51, 47.39it/s]
 40%|███▉      | 3533/8835 [01:20<02:09, 40.93it/s]
 40%|████      | 3538/8835 [01:20<02:09, 41.02it/s]
 40%|████      | 3543/8835 [01:20<02:12, 39.90it/s]
 40%|████      | 3548/8835 [01:20<02:19, 37.96it/s]
 40%|████      | 3555/8835 [01:20<02:04, 42.25it/s]
 40%|████      | 3561/8835 [01:20<02:02, 42.95it/s]
 40%|████      | 3566/8835 [01:21<02:21, 37.25it/s]
 40%|████      | 3571/8835 [01:21<02:15, 38.94it/s]
 40%|████      | 3576/8835 [01:21<02:08, 40.85it/s]
 41%|████      | 3581/8835 [01:21<02:12, 39.74it/s]
 41%|████      | 3586/8835 [01:21<02:09, 40.41it/s]
 41%|████      | 3591/8835 [01:21<02:11, 40.02it/s]
 41%|████      | 3597/8835 [01:21<01:58, 44.29it/s]
 41%|████      | 3603/8835 [01:21<01:51, 47.02it/s]
 41%|████      | 3609/8835 [01:21<01:48, 48.28it/s]
 41%|████      | 3615/8835 [01:22<01:45, 49.63it/s]
 41%|████      | 3621/8835 [01:22<01:45, 49.55it/s]
 41%|████      | 3626/8835 [01:22<01:49, 47.42it/s]
 41%|████      | 3631/8835 [01:22<01:52, 46.38it/s]
 41%|████      | 3639/8835 [01:22<01:42, 50.77it/s]
 41%|████▏     | 3647/8835 [01:22<01:32, 56.00it/s]
 41%|████▏     | 3653/8835 [01:22<01:41, 50.90it/s]
 41%|████▏     | 3659/8835 [01:22<01:38, 52.37it/s]
 41%|████▏     | 3666/8835 [01:23<01:33, 55.48it/s]
 42%|████▏     | 3672/8835 [01:23<01:39, 51.79it/s]
 42%|████▏     | 3678/8835 [01:23<01:48, 47.50it/s]
 42%|████▏     | 3683/8835 [01:23<01:54, 45.03it/s]
 42%|████▏     | 3688/8835 [01:23<01:52, 45.55it/s]
 42%|████▏     | 3693/8835 [01:23<01:55, 44.43it/s]
 42%|████▏     | 3698/8835 [01:23<02:00, 42.67it/s]
 42%|████▏     | 3703/8835 [01:23<02:07, 40.13it/s]
 42%|████▏     | 3708/8835 [01:24<02:03, 41.51it/s]
 42%|████▏     | 3714/8835 [01:24<02:03, 41.63it/s]
 42%|████▏     | 3721/8835 [01:24<01:47, 47.40it/s]
 42%|████▏     | 3727/8835 [01:24<01:43, 49.26it/s]
 42%|████▏     | 3733/8835 [01:24<02:00, 42.37it/s]
 42%|████▏     | 3738/8835 [01:24<01:58, 42.90it/s]
 42%|████▏     | 3743/8835 [01:24<01:56, 43.55it/s]
 42%|████▏     | 3749/8835 [01:24<01:46, 47.73it/s]
 43%|████▎     | 3755/8835 [01:25<01:41, 50.07it/s]
 43%|████▎     | 3761/8835 [01:25<01:41, 49.85it/s]
 43%|████▎     | 3767/8835 [01:25<01:39, 50.81it/s]
 43%|████▎     | 3773/8835 [01:25<01:51, 45.49it/s]
 43%|████▎     | 3778/8835 [01:25<01:58, 42.77it/s]
 43%|████▎     | 3783/8835 [01:25<01:57, 42.83it/s]
 43%|████▎     | 3788/8835 [01:25<01:59, 42.21it/s]
 43%|████▎     | 3794/8835 [01:25<01:55, 43.72it/s]
 43%|████▎     | 3799/8835 [01:26<01:52, 44.89it/s]
 43%|████▎     | 3804/8835 [01:26<01:53, 44.41it/s]
 43%|████▎     | 3809/8835 [01:26<02:00, 41.54it/s]
 43%|████▎     | 3814/8835 [01:26<01:55, 43.53it/s]
 43%|████▎     | 3819/8835 [01:26<01:52, 44.56it/s]
 43%|████▎     | 3824/8835 [01:26<01:56, 43.04it/s]
 43%|████▎     | 3829/8835 [01:26<01:52, 44.35it/s]
 43%|████▎     | 3834/8835 [01:26<02:04, 40.32it/s]
 43%|████▎     | 3839/8835 [01:26<01:58, 42.27it/s]
 44%|████▎     | 3844/8835 [01:27<02:07, 39.16it/s]
 44%|████▎     | 3849/8835 [01:27<02:07, 39.24it/s]
 44%|████▎     | 3854/8835 [01:27<02:09, 38.37it/s]
 44%|████▎     | 3858/8835 [01:27<02:19, 35.73it/s]
 44%|████▎     | 3865/8835 [01:27<02:03, 40.35it/s]
 44%|████▍     | 3872/8835 [01:27<01:48, 45.92it/s]
 44%|████▍     | 3877/8835 [01:27<01:47, 46.31it/s]
 44%|████▍     | 3882/8835 [01:28<01:51, 44.57it/s]
 44%|████▍     | 3887/8835 [01:28<01:50, 44.72it/s]
 44%|████▍     | 3892/8835 [01:28<01:49, 44.94it/s]
 44%|████▍     | 3898/8835 [01:28<01:52, 43.92it/s]
 44%|████▍     | 3903/8835 [01:28<01:56, 42.43it/s]
 44%|████▍     | 3908/8835 [01:28<02:04, 39.50it/s]
 44%|████▍     | 3913/8835 [01:28<01:58, 41.50it/s]
 44%|████▍     | 3919/8835 [01:28<01:48, 45.11it/s]
 44%|████▍     | 3924/8835 [01:28<01:47, 45.56it/s]
 44%|████▍     | 3930/8835 [01:29<01:40, 48.71it/s]
 45%|████▍     | 3935/8835 [01:29<01:54, 42.63it/s]
 45%|████▍     | 3940/8835 [01:29<01:56, 41.93it/s]
 45%|████▍     | 3945/8835 [01:29<02:03, 39.75it/s]
 45%|████▍     | 3950/8835 [01:29<02:07, 38.43it/s]
 45%|████▍     | 3957/8835 [01:29<01:49, 44.58it/s]
 45%|████▍     | 3963/8835 [01:29<01:42, 47.63it/s]
 45%|████▍     | 3968/8835 [01:30<01:48, 44.97it/s]
 45%|████▌     | 3976/8835 [01:30<01:37, 49.80it/s]
 45%|████▌     | 3982/8835 [01:30<01:37, 49.75it/s]
 45%|████▌     | 3988/8835 [01:30<01:33, 51.71it/s]
 45%|████▌     | 3994/8835 [01:30<01:34, 51.24it/s]
 45%|████▌     | 4000/8835 [01:30<01:44, 46.35it/s]
 45%|████▌     | 4006/8835 [01:30<01:43, 46.55it/s]
 45%|████▌     | 4011/8835 [01:30<01:48, 44.39it/s]
 45%|████▌     | 4016/8835 [01:31<01:48, 44.35it/s]
 46%|████▌     | 4022/8835 [01:31<01:42, 47.12it/s]
 46%|████▌     | 4028/8835 [01:31<01:40, 47.88it/s]
 46%|████▌     | 4034/8835 [01:31<01:35, 50.15it/s]
 46%|████▌     | 4040/8835 [01:31<01:43, 46.26it/s]
 46%|████▌     | 4047/8835 [01:31<01:32, 51.52it/s]
 46%|████▌     | 4053/8835 [01:31<01:31, 52.21it/s]
 46%|████▌     | 4059/8835 [01:31<01:43, 46.36it/s]
 46%|████▌     | 4064/8835 [01:31<01:42, 46.77it/s]
 46%|████▌     | 4070/8835 [01:32<01:37, 48.83it/s]
 46%|████▌     | 4079/8835 [01:32<01:23, 57.11it/s]
 46%|████▌     | 4085/8835 [01:32<01:26, 54.83it/s]
 46%|████▋     | 4092/8835 [01:32<01:21, 58.36it/s]
 46%|████▋     | 4098/8835 [01:32<01:27, 54.09it/s]
 46%|████▋     | 4104/8835 [01:32<01:35, 49.64it/s]
 47%|████▋     | 4110/8835 [01:32<01:30, 52.09it/s]
 47%|████▋     | 4116/8835 [01:32<01:29, 52.62it/s]
 47%|████▋     | 4122/8835 [01:33<01:37, 48.39it/s]
 47%|████▋     | 4127/8835 [01:33<01:52, 41.70it/s]
 47%|████▋     | 4132/8835 [01:33<02:02, 38.41it/s]
 47%|████▋     | 4140/8835 [01:33<01:38, 47.64it/s]
 47%|████▋     | 4146/8835 [01:33<01:49, 42.93it/s]
 47%|████▋     | 4151/8835 [01:33<02:00, 38.85it/s]
 47%|████▋     | 4157/8835 [01:33<01:51, 41.83it/s]
 47%|████▋     | 4162/8835 [01:34<01:53, 41.25it/s]
 47%|████▋     | 4167/8835 [01:34<01:50, 42.08it/s]
 47%|████▋     | 4172/8835 [01:34<01:58, 39.46it/s]
 47%|████▋     | 4177/8835 [01:34<01:56, 39.93it/s]
 47%|████▋     | 4182/8835 [01:34<02:00, 38.66it/s]
 47%|████▋     | 4186/8835 [01:34<02:02, 38.09it/s]
 47%|████▋     | 4191/8835 [01:34<01:55, 40.18it/s]
 48%|████▊     | 4199/8835 [01:34<01:39, 46.78it/s]
 48%|████▊     | 4204/8835 [01:35<01:39, 46.36it/s]
 48%|████▊     | 4209/8835 [01:35<01:39, 46.42it/s]
 48%|████▊     | 4214/8835 [01:35<01:49, 42.32it/s]
 48%|████▊     | 4219/8835 [01:35<01:51, 41.39it/s]
 48%|████▊     | 4225/8835 [01:35<01:41, 45.62it/s]
 48%|████▊     | 4231/8835 [01:35<01:35, 48.28it/s]
 48%|████▊     | 4236/8835 [01:35<01:44, 43.94it/s]
 48%|████▊     | 4241/8835 [01:35<01:54, 40.02it/s]
 48%|████▊     | 4248/8835 [01:36<01:43, 44.31it/s]
 48%|████▊     | 4254/8835 [01:36<01:39, 46.18it/s]
 48%|████▊     | 4261/8835 [01:36<01:32, 49.23it/s]
 48%|████▊     | 4266/8835 [01:36<01:37, 46.87it/s]
 48%|████▊     | 4272/8835 [01:36<01:39, 45.99it/s]
 48%|████▊     | 4279/8835 [01:36<01:28, 51.62it/s]
 49%|████▊     | 4285/8835 [01:36<01:34, 47.90it/s]
 49%|████▊     | 4290/8835 [01:36<01:43, 43.78it/s]
 49%|████▊     | 4295/8835 [01:37<01:56, 38.83it/s]
 49%|████▊     | 4300/8835 [01:37<01:55, 39.20it/s]
 49%|████▊     | 4305/8835 [01:37<02:18, 32.78it/s]
 49%|████▉     | 4309/8835 [01:37<02:12, 34.16it/s]
 49%|████▉     | 4313/8835 [01:37<02:07, 35.48it/s]
 49%|████▉     | 4317/8835 [01:37<02:09, 34.94it/s]
 49%|████▉     | 4323/8835 [01:37<02:07, 35.51it/s]
 49%|████▉     | 4327/8835 [01:38<02:10, 34.55it/s]
 49%|████▉     | 4331/8835 [01:38<02:08, 35.03it/s]
 49%|████▉     | 4337/8835 [01:38<01:50, 40.68it/s]
 49%|████▉     | 4342/8835 [01:38<01:58, 38.02it/s]
 49%|████▉     | 4349/8835 [01:38<01:39, 44.89it/s]
 49%|████▉     | 4354/8835 [01:38<01:55, 38.73it/s]
 49%|████▉     | 4360/8835 [01:38<01:46, 42.05it/s]
 49%|████▉     | 4365/8835 [01:38<01:49, 40.81it/s]
 49%|████▉     | 4370/8835 [01:39<01:50, 40.59it/s]
 50%|████▉     | 4375/8835 [01:39<01:46, 41.74it/s]
 50%|████▉     | 4382/8835 [01:39<01:34, 47.30it/s]
 50%|████▉     | 4387/8835 [01:39<01:48, 41.04it/s]
 50%|████▉     | 4392/8835 [01:39<01:52, 39.62it/s]
 50%|████▉     | 4397/8835 [01:39<01:48, 41.01it/s]
 50%|████▉     | 4403/8835 [01:39<01:38, 44.80it/s]
 50%|████▉     | 4408/8835 [01:39<01:40, 44.13it/s]
 50%|████▉     | 4413/8835 [01:40<01:59, 37.08it/s]
 50%|█████     | 4419/8835 [01:40<01:50, 40.03it/s]
 50%|█████     | 4424/8835 [01:40<01:55, 38.31it/s]
 50%|█████     | 4429/8835 [01:40<01:50, 39.76it/s]
 50%|█████     | 4434/8835 [01:40<01:50, 39.92it/s]
 50%|█████     | 4439/8835 [01:40<01:44, 42.08it/s]
 50%|█████     | 4444/8835 [01:40<01:57, 37.22it/s]
 50%|█████     | 4448/8835 [01:41<01:59, 36.62it/s]
 50%|█████     | 4453/8835 [01:41<01:59, 36.79it/s]
 50%|█████     | 4457/8835 [01:41<02:01, 36.09it/s]
 51%|█████     | 4463/8835 [01:41<01:49, 39.96it/s]
 51%|█████     | 4468/8835 [01:41<01:42, 42.50it/s]
 51%|█████     | 4473/8835 [01:41<01:49, 39.89it/s]
 51%|█████     | 4478/8835 [01:41<01:59, 36.52it/s]
 51%|█████     | 4485/8835 [01:41<01:40, 43.40it/s]
 51%|█████     | 4490/8835 [01:42<01:37, 44.58it/s]
 51%|█████     | 4495/8835 [01:42<01:45, 41.05it/s]
 51%|█████     | 4502/8835 [01:42<01:33, 46.48it/s]
 51%|█████     | 4507/8835 [01:42<01:50, 39.13it/s]
 51%|█████     | 4513/8835 [01:42<01:40, 42.97it/s]
 51%|█████     | 4518/8835 [01:42<01:45, 41.11it/s]
 51%|█████     | 4524/8835 [01:42<01:35, 45.17it/s]
 51%|█████▏    | 4529/8835 [01:42<01:38, 43.89it/s]
 51%|█████▏    | 4535/8835 [01:43<01:31, 47.07it/s]
 51%|█████▏    | 4540/8835 [01:43<01:38, 43.69it/s]
 51%|█████▏    | 4545/8835 [01:43<01:37, 44.03it/s]
 52%|█████▏    | 4551/8835 [01:43<01:33, 45.81it/s]
 52%|█████▏    | 4556/8835 [01:43<01:37, 44.04it/s]
 52%|█████▏    | 4561/8835 [01:43<01:39, 43.00it/s]
 52%|█████▏    | 4566/8835 [01:43<01:42, 41.82it/s]
 52%|█████▏    | 4576/8835 [01:43<01:20, 52.78it/s]
 52%|█████▏    | 4582/8835 [01:44<01:30, 46.78it/s]
 52%|█████▏    | 4587/8835 [01:44<01:32, 45.75it/s]
 52%|█████▏    | 4592/8835 [01:44<01:39, 42.80it/s]
 52%|█████▏    | 4599/8835 [01:44<01:27, 48.52it/s]
 52%|█████▏    | 4604/8835 [01:44<01:42, 41.24it/s]
 52%|█████▏    | 4610/8835 [01:44<01:38, 42.98it/s]
 52%|█████▏    | 4616/8835 [01:44<01:34, 44.63it/s]
 52%|█████▏    | 4621/8835 [01:45<01:32, 45.59it/s]
 52%|█████▏    | 4626/8835 [01:45<01:33, 45.09it/s]
 52%|█████▏    | 4633/8835 [01:45<01:26, 48.78it/s]
 52%|█████▏    | 4638/8835 [01:45<01:34, 44.43it/s]
 53%|█████▎    | 4643/8835 [01:45<01:35, 43.95it/s]
 53%|█████▎    | 4648/8835 [01:45<01:43, 40.44it/s]
 53%|█████▎    | 4655/8835 [01:45<01:28, 47.21it/s]
 53%|█████▎    | 4661/8835 [01:45<01:25, 48.54it/s]
 53%|█████▎    | 4666/8835 [01:46<01:32, 44.83it/s]
 53%|█████▎    | 4671/8835 [01:46<01:34, 44.22it/s]
 53%|█████▎    | 4678/8835 [01:46<01:26, 47.78it/s]
 53%|█████▎    | 4684/8835 [01:46<01:21, 50.85it/s]
 53%|█████▎    | 4690/8835 [01:46<01:21, 50.67it/s]
 53%|█████▎    | 4696/8835 [01:46<01:33, 44.13it/s]
 53%|█████▎    | 4703/8835 [01:46<01:25, 48.45it/s]
 53%|█████▎    | 4709/8835 [01:46<01:33, 44.25it/s]
 53%|█████▎    | 4714/8835 [01:47<01:36, 42.82it/s]
 53%|█████▎    | 4719/8835 [01:47<01:36, 42.73it/s]
 53%|█████▎    | 4724/8835 [01:47<01:34, 43.51it/s]
 54%|█████▎    | 4729/8835 [01:47<01:43, 39.62it/s]
 54%|█████▎    | 4734/8835 [01:47<01:40, 40.91it/s]
 54%|█████▎    | 4739/8835 [01:47<01:45, 38.99it/s]
 54%|█████▎    | 4744/8835 [01:47<01:38, 41.65it/s]
 54%|█████▍    | 4750/8835 [01:47<01:32, 44.09it/s]
 54%|█████▍    | 4755/8835 [01:48<01:40, 40.65it/s]
 54%|█████▍    | 4760/8835 [01:48<01:40, 40.43it/s]
 54%|█████▍    | 4766/8835 [01:48<01:29, 45.25it/s]
 54%|█████▍    | 4771/8835 [01:48<01:33, 43.43it/s]
 54%|█████▍    | 4777/8835 [01:48<01:25, 47.43it/s]
 54%|█████▍    | 4783/8835 [01:48<01:21, 49.81it/s]
 54%|█████▍    | 4789/8835 [01:48<01:17, 51.95it/s]
 54%|█████▍    | 4795/8835 [01:48<01:20, 50.35it/s]
 54%|█████▍    | 4801/8835 [01:48<01:20, 50.05it/s]
 54%|█████▍    | 4807/8835 [01:49<01:17, 52.31it/s]
 54%|█████▍    | 4813/8835 [01:49<01:17, 51.94it/s]
 55%|█████▍    | 4819/8835 [01:49<01:15, 53.50it/s]
 55%|█████▍    | 4825/8835 [01:49<01:14, 53.52it/s]
 55%|█████▍    | 4831/8835 [01:49<01:20, 49.71it/s]
 55%|█████▍    | 4838/8835 [01:49<01:14, 53.44it/s]
 55%|█████▍    | 4846/8835 [01:49<01:09, 57.54it/s]
 55%|█████▍    | 4853/8835 [01:49<01:06, 59.80it/s]
 55%|█████▌    | 4860/8835 [01:50<01:06, 59.81it/s]
 55%|█████▌    | 4867/8835 [01:50<01:13, 54.02it/s]
 55%|█████▌    | 4873/8835 [01:50<01:16, 51.95it/s]
 55%|█████▌    | 4879/8835 [01:50<01:24, 47.04it/s]
 55%|█████▌    | 4884/8835 [01:50<01:32, 42.52it/s]
 55%|█████▌    | 4890/8835 [01:50<01:28, 44.70it/s]
 55%|█████▌    | 4895/8835 [01:50<01:26, 45.53it/s]
 55%|█████▌    | 4901/8835 [01:50<01:25, 46.02it/s]
 56%|█████▌    | 4906/8835 [01:51<01:30, 43.47it/s]
 56%|█████▌    | 4912/8835 [01:51<01:27, 45.04it/s]
 56%|█████▌    | 4917/8835 [01:51<01:39, 39.29it/s]
 56%|█████▌    | 4922/8835 [01:51<01:35, 41.09it/s]
 56%|█████▌    | 4927/8835 [01:51<01:34, 41.55it/s]
 56%|█████▌    | 4932/8835 [01:51<01:34, 41.26it/s]
 56%|█████▌    | 4937/8835 [01:51<01:31, 42.64it/s]
 56%|█████▌    | 4942/8835 [01:51<01:35, 40.58it/s]
 56%|█████▌    | 4947/8835 [01:52<01:31, 42.44it/s]
 56%|█████▌    | 4953/8835 [01:52<01:27, 44.25it/s]
 56%|█████▌    | 4958/8835 [01:52<01:35, 40.52it/s]
 56%|█████▌    | 4963/8835 [01:52<01:39, 38.74it/s]
 56%|█████▌    | 4967/8835 [01:52<01:44, 36.98it/s]
 56%|█████▋    | 4972/8835 [01:52<01:42, 37.82it/s]
 56%|█████▋    | 4977/8835 [01:52<01:42, 37.67it/s]
 56%|█████▋    | 4981/8835 [01:52<01:42, 37.65it/s]
 56%|█████▋    | 4990/8835 [01:53<01:20, 47.62it/s]
 57%|█████▋    | 4995/8835 [01:53<01:27, 43.95it/s]
 57%|█████▋    | 5001/8835 [01:53<01:22, 46.68it/s]
 57%|█████▋    | 5009/8835 [01:53<01:10, 54.18it/s]
 57%|█████▋    | 5015/8835 [01:53<01:14, 51.08it/s]
 57%|█████▋    | 5021/8835 [01:53<01:15, 50.27it/s]
 57%|█████▋    | 5027/8835 [01:53<01:19, 47.75it/s]
 57%|█████▋    | 5032/8835 [01:53<01:24, 45.17it/s]
 57%|█████▋    | 5037/8835 [01:54<01:27, 43.45it/s]
 57%|█████▋    | 5042/8835 [01:54<01:27, 43.16it/s]
 57%|█████▋    | 5047/8835 [01:54<01:36, 39.45it/s]
 57%|█████▋    | 5052/8835 [01:54<01:30, 41.71it/s]
 57%|█████▋    | 5057/8835 [01:54<01:30, 41.92it/s]
 57%|█████▋    | 5062/8835 [01:54<01:33, 40.24it/s]
 57%|█████▋    | 5067/8835 [01:54<01:38, 38.13it/s]
 57%|█████▋    | 5074/8835 [01:55<01:27, 43.00it/s]
 58%|█████▊    | 5081/8835 [01:55<01:21, 46.33it/s]
 58%|█████▊    | 5090/8835 [01:55<01:08, 54.53it/s]
 58%|█████▊    | 5096/8835 [01:55<01:09, 54.03it/s]
 58%|█████▊    | 5103/8835 [01:55<01:06, 56.27it/s]
 58%|█████▊    | 5109/8835 [01:55<01:14, 50.21it/s]
 58%|█████▊    | 5115/8835 [01:55<01:13, 50.78it/s]
 58%|█████▊    | 5122/8835 [01:55<01:08, 54.08it/s]
 58%|█████▊    | 5128/8835 [01:56<01:14, 49.76it/s]
 58%|█████▊    | 5134/8835 [01:56<01:11, 51.48it/s]
 58%|█████▊    | 5140/8835 [01:56<01:12, 50.68it/s]
 58%|█████▊    | 5146/8835 [01:56<01:15, 48.64it/s]
 58%|█████▊    | 5151/8835 [01:56<01:20, 45.99it/s]
 58%|█████▊    | 5156/8835 [01:56<01:20, 45.53it/s]
 58%|█████▊    | 5162/8835 [01:56<01:20, 45.55it/s]
 58%|█████▊    | 5167/8835 [01:56<01:18, 46.47it/s]
 59%|█████▊    | 5173/8835 [01:56<01:15, 48.25it/s]
 59%|█████▊    | 5178/8835 [01:57<01:23, 44.02it/s]
 59%|█████▊    | 5186/8835 [01:57<01:12, 50.18it/s]
 59%|█████▉    | 5192/8835 [01:57<01:17, 47.21it/s]
 59%|█████▉    | 5197/8835 [01:57<01:16, 47.46it/s]
 59%|█████▉    | 5202/8835 [01:57<01:21, 44.65it/s]
 59%|█████▉    | 5209/8835 [01:57<01:13, 49.45it/s]
 59%|█████▉    | 5215/8835 [01:57<01:14, 48.40it/s]
 59%|█████▉    | 5220/8835 [01:58<01:22, 43.91it/s]
 59%|█████▉    | 5225/8835 [01:58<01:24, 42.95it/s]
 59%|█████▉    | 5230/8835 [01:58<01:30, 39.79it/s]
 59%|█████▉    | 5236/8835 [01:58<01:26, 41.44it/s]
 59%|█████▉    | 5241/8835 [01:58<01:27, 41.05it/s]
 59%|█████▉    | 5246/8835 [01:58<01:30, 39.61it/s]
 59%|█████▉    | 5252/8835 [01:58<01:20, 44.37it/s]
 60%|█████▉    | 5257/8835 [01:58<01:29, 39.82it/s]
 60%|█████▉    | 5262/8835 [01:59<01:37, 36.72it/s]
 60%|█████▉    | 5266/8835 [01:59<01:38, 36.15it/s]
 60%|█████▉    | 5270/8835 [01:59<01:39, 35.88it/s]
 60%|█████▉    | 5278/8835 [01:59<01:21, 43.59it/s]
 60%|█████▉    | 5288/8835 [01:59<01:02, 56.72it/s]
 60%|█████▉    | 5294/8835 [01:59<01:02, 56.81it/s]
 60%|█████▉    | 5300/8835 [01:59<01:06, 53.47it/s]
 60%|██████    | 5306/8835 [01:59<01:12, 48.57it/s]
 60%|██████    | 5312/8835 [02:00<01:18, 44.94it/s]
 60%|██████    | 5318/8835 [02:00<01:13, 47.65it/s]
 60%|██████    | 5323/8835 [02:00<01:23, 42.03it/s]
 60%|██████    | 5328/8835 [02:00<01:25, 40.78it/s]
 60%|██████    | 5334/8835 [02:00<01:18, 44.64it/s]
 60%|██████    | 5339/8835 [02:00<01:21, 43.07it/s]
 60%|██████    | 5345/8835 [02:00<01:15, 46.34it/s]
 61%|██████    | 5352/8835 [02:00<01:11, 48.92it/s]
 61%|██████    | 5357/8835 [02:01<01:16, 45.42it/s]
 61%|██████    | 5362/8835 [02:01<01:15, 46.14it/s]
 61%|██████    | 5368/8835 [02:01<01:10, 49.52it/s]
 61%|██████    | 5374/8835 [02:01<01:06, 51.68it/s]
 61%|██████    | 5380/8835 [02:01<01:07, 51.12it/s]
 61%|██████    | 5386/8835 [02:01<01:08, 50.03it/s]
 61%|██████    | 5392/8835 [02:01<01:06, 51.52it/s]
 61%|██████    | 5398/8835 [02:01<01:04, 52.89it/s]
 61%|██████    | 5405/8835 [02:01<01:02, 55.17it/s]
 61%|██████    | 5411/8835 [02:02<01:02, 54.56it/s]
 61%|██████▏   | 5417/8835 [02:02<01:08, 50.26it/s]
 61%|██████▏   | 5424/8835 [02:02<01:02, 54.20it/s]
 61%|██████▏   | 5431/8835 [02:02<01:01, 54.95it/s]
 62%|██████▏   | 5437/8835 [02:02<01:05, 52.15it/s]
 62%|██████▏   | 5443/8835 [02:02<01:10, 48.42it/s]
 62%|██████▏   | 5449/8835 [02:02<01:11, 47.25it/s]
 62%|██████▏   | 5454/8835 [02:03<01:14, 45.63it/s]
 62%|██████▏   | 5459/8835 [02:03<01:14, 45.04it/s]
 62%|██████▏   | 5465/8835 [02:03<01:10, 47.79it/s]
 62%|██████▏   | 5474/8835 [02:03<00:58, 57.64it/s]
 62%|██████▏   | 5480/8835 [02:03<00:58, 57.04it/s]
 62%|██████▏   | 5486/8835 [02:03<01:05, 51.39it/s]
 62%|██████▏   | 5492/8835 [02:03<01:08, 48.95it/s]
 62%|██████▏   | 5498/8835 [02:03<01:12, 45.99it/s]
 62%|██████▏   | 5503/8835 [02:04<01:15, 44.35it/s]
 62%|██████▏   | 5508/8835 [02:04<01:15, 44.12it/s]
 62%|██████▏   | 5513/8835 [02:04<01:20, 41.28it/s]
 62%|██████▏   | 5519/8835 [02:04<01:18, 42.09it/s]
 63%|██████▎   | 5524/8835 [02:04<01:22, 40.30it/s]
 63%|██████▎   | 5529/8835 [02:04<01:24, 39.17it/s]
 63%|██████▎   | 5534/8835 [02:04<01:21, 40.63it/s]
 63%|██████▎   | 5539/8835 [02:04<01:25, 38.40it/s]
 63%|██████▎   | 5546/8835 [02:05<01:14, 44.00it/s]
 63%|██████▎   | 5551/8835 [02:05<01:20, 40.80it/s]
 63%|██████▎   | 5556/8835 [02:05<01:23, 39.24it/s]
 63%|██████▎   | 5563/8835 [02:05<01:14, 43.85it/s]
 63%|██████▎   | 5569/8835 [02:05<01:08, 47.55it/s]
 63%|██████▎   | 5574/8835 [02:05<01:19, 40.99it/s]
 63%|██████▎   | 5581/8835 [02:05<01:10, 46.23it/s]
 63%|██████▎   | 5586/8835 [02:05<01:13, 44.16it/s]
 63%|██████▎   | 5591/8835 [02:06<01:13, 44.14it/s]
 63%|██████▎   | 5596/8835 [02:06<01:14, 43.37it/s]
 63%|██████▎   | 5601/8835 [02:06<01:14, 43.61it/s]
 63%|██████▎   | 5606/8835 [02:06<01:20, 40.34it/s]
 64%|██████▎   | 5611/8835 [02:06<01:25, 37.60it/s]
 64%|██████▎   | 5616/8835 [02:06<01:24, 38.12it/s]
 64%|██████▎   | 5620/8835 [02:06<01:26, 37.19it/s]
 64%|██████▎   | 5626/8835 [02:06<01:17, 41.34it/s]
 64%|██████▎   | 5631/8835 [02:07<01:13, 43.37it/s]
 64%|██████▍   | 5638/8835 [02:07<01:07, 47.14it/s]
 64%|██████▍   | 5643/8835 [02:07<01:16, 41.60it/s]
 64%|██████▍   | 5650/8835 [02:07<01:10, 45.04it/s]
 64%|██████▍   | 5655/8835 [02:07<01:09, 45.67it/s]
 64%|██████▍   | 5660/8835 [02:07<01:13, 42.99it/s]
 64%|██████▍   | 5666/8835 [02:07<01:10, 45.23it/s]
 64%|██████▍   | 5671/8835 [02:07<01:12, 43.63it/s]
 64%|██████▍   | 5676/8835 [02:08<01:16, 41.20it/s]
 64%|██████▍   | 5681/8835 [02:08<01:12, 43.23it/s]
 64%|██████▍   | 5686/8835 [02:08<01:11, 43.80it/s]
 64%|██████▍   | 5691/8835 [02:08<01:09, 45.11it/s]
 64%|██████▍   | 5696/8835 [02:08<01:13, 42.73it/s]
 65%|██████▍   | 5703/8835 [02:08<01:05, 47.75it/s]
 65%|██████▍   | 5708/8835 [02:08<01:09, 45.10it/s]
 65%|██████▍   | 5713/8835 [02:08<01:13, 42.76it/s]
 65%|██████▍   | 5718/8835 [02:09<01:27, 35.56it/s]
 65%|██████▍   | 5723/8835 [02:09<01:25, 36.39it/s]
 65%|██████▍   | 5728/8835 [02:09<01:24, 36.56it/s]
 65%|██████▍   | 5733/8835 [02:09<01:20, 38.74it/s]
 65%|██████▍   | 5738/8835 [02:09<01:20, 38.66it/s]
 65%|██████▍   | 5742/8835 [02:09<01:19, 38.85it/s]
 65%|██████▌   | 5750/8835 [02:09<01:04, 47.60it/s]
 65%|██████▌   | 5755/8835 [02:10<01:10, 43.38it/s]
 65%|██████▌   | 5760/8835 [02:10<01:09, 44.16it/s]
 65%|██████▌   | 5765/8835 [02:10<01:17, 39.75it/s]
 65%|██████▌   | 5770/8835 [02:10<01:12, 42.00it/s]
 65%|██████▌   | 5775/8835 [02:10<01:15, 40.55it/s]
 65%|██████▌   | 5780/8835 [02:10<01:16, 39.70it/s]
 65%|██████▌   | 5785/8835 [02:10<01:19, 38.58it/s]
 66%|██████▌   | 5791/8835 [02:10<01:11, 42.82it/s]
 66%|██████▌   | 5796/8835 [02:11<01:10, 42.82it/s]
 66%|██████▌   | 5803/8835 [02:11<01:01, 49.45it/s]
 66%|██████▌   | 5812/8835 [02:11<00:53, 56.16it/s]
 66%|██████▌   | 5818/8835 [02:11<00:54, 55.08it/s]
 66%|██████▌   | 5824/8835 [02:11<00:57, 52.55it/s]
 66%|██████▌   | 5830/8835 [02:11<01:00, 49.64it/s]
 66%|██████▌   | 5836/8835 [02:11<01:09, 43.41it/s]
 66%|██████▌   | 5841/8835 [02:11<01:08, 43.62it/s]
 66%|██████▌   | 5846/8835 [02:12<01:10, 42.24it/s]
 66%|██████▌   | 5851/8835 [02:12<01:11, 41.64it/s]
 66%|██████▋   | 5857/8835 [02:12<01:05, 45.40it/s]
 66%|██████▋   | 5863/8835 [02:12<01:02, 47.86it/s]
 66%|██████▋   | 5868/8835 [02:12<01:03, 46.39it/s]
 66%|██████▋   | 5873/8835 [02:12<01:03, 46.94it/s]
 67%|██████▋   | 5878/8835 [02:12<01:05, 45.35it/s]
 67%|██████▋   | 5885/8835 [02:12<01:01, 47.83it/s]
 67%|██████▋   | 5890/8835 [02:12<01:02, 47.31it/s]
 67%|██████▋   | 5895/8835 [02:13<01:09, 42.47it/s]
 67%|██████▋   | 5900/8835 [02:13<01:11, 40.77it/s]
 67%|██████▋   | 5906/8835 [02:13<01:05, 44.86it/s]
 67%|██████▋   | 5912/8835 [02:13<01:02, 46.59it/s]
 67%|██████▋   | 5917/8835 [02:13<01:11, 40.96it/s]
 67%|██████▋   | 5922/8835 [02:13<01:15, 38.57it/s]
 67%|██████▋   | 5926/8835 [02:13<01:16, 38.17it/s]
 67%|██████▋   | 5931/8835 [02:14<01:11, 40.40it/s]
 67%|██████▋   | 5936/8835 [02:14<01:09, 41.50it/s]
 67%|██████▋   | 5941/8835 [02:14<01:08, 42.34it/s]
 67%|██████▋   | 5946/8835 [02:14<01:12, 39.75it/s]
 67%|██████▋   | 5951/8835 [02:14<01:10, 40.85it/s]
 67%|██████▋   | 5956/8835 [02:14<01:09, 41.36it/s]
 67%|██████▋   | 5961/8835 [02:14<01:14, 38.43it/s]
 68%|██████▊   | 5967/8835 [02:14<01:06, 43.10it/s]
 68%|██████▊   | 5972/8835 [02:15<01:11, 39.85it/s]
 68%|██████▊   | 5977/8835 [02:15<01:13, 38.75it/s]
 68%|██████▊   | 5982/8835 [02:15<01:13, 39.07it/s]
 68%|██████▊   | 5987/8835 [02:15<01:09, 41.07it/s]
 68%|██████▊   | 5993/8835 [02:15<01:01, 45.86it/s]
 68%|██████▊   | 5998/8835 [02:15<01:04, 43.92it/s]
 68%|██████▊   | 6003/8835 [02:15<01:04, 44.07it/s]
 68%|██████▊   | 6009/8835 [02:15<00:59, 47.26it/s]
 68%|██████▊   | 6014/8835 [02:15<01:01, 45.89it/s]
 68%|██████▊   | 6019/8835 [02:16<01:03, 44.22it/s]
 68%|██████▊   | 6025/8835 [02:16<01:03, 44.38it/s]
 68%|██████▊   | 6031/8835 [02:16<01:03, 44.10it/s]
 68%|██████▊   | 6036/8835 [02:16<01:12, 38.69it/s]
 68%|██████▊   | 6043/8835 [02:16<01:05, 42.91it/s]
 68%|██████▊   | 6048/8835 [02:16<01:04, 43.24it/s]
 69%|██████▊   | 6053/8835 [02:16<01:04, 43.22it/s]
 69%|██████▊   | 6058/8835 [02:16<01:04, 43.02it/s]
 69%|██████▊   | 6063/8835 [02:17<01:05, 42.10it/s]
 69%|██████▊   | 6070/8835 [02:17<00:56, 48.64it/s]
 69%|██████▉   | 6075/8835 [02:17<00:56, 48.64it/s]
 69%|██████▉   | 6081/8835 [02:17<00:54, 50.61it/s]
 69%|██████▉   | 6087/8835 [02:17<00:56, 48.39it/s]
 69%|██████▉   | 6092/8835 [02:17<00:57, 47.69it/s]
 69%|██████▉   | 6097/8835 [02:17<01:02, 43.97it/s]
 69%|██████▉   | 6102/8835 [02:17<01:00, 45.11it/s]
 69%|██████▉   | 6107/8835 [02:18<01:07, 40.54it/s]
 69%|██████▉   | 6113/8835 [02:18<01:01, 44.00it/s]
 69%|██████▉   | 6119/8835 [02:18<00:57, 46.89it/s]
 69%|██████▉   | 6124/8835 [02:18<00:58, 46.68it/s]
 69%|██████▉   | 6129/8835 [02:18<00:59, 45.43it/s]
 69%|██████▉   | 6134/8835 [02:18<00:59, 45.63it/s]
 69%|██████▉   | 6139/8835 [02:18<01:00, 44.84it/s]
 70%|██████▉   | 6144/8835 [02:18<01:12, 37.37it/s]
 70%|██████▉   | 6149/8835 [02:19<01:07, 39.64it/s]
 70%|██████▉   | 6154/8835 [02:19<01:08, 39.12it/s]
 70%|██████▉   | 6159/8835 [02:19<01:08, 39.23it/s]
 70%|██████▉   | 6164/8835 [02:19<01:09, 38.34it/s]
 70%|██████▉   | 6168/8835 [02:19<01:10, 37.83it/s]
 70%|██████▉   | 6174/8835 [02:19<01:03, 41.83it/s]
 70%|██████▉   | 6180/8835 [02:19<01:03, 41.95it/s]
 70%|███████   | 6185/8835 [02:19<01:09, 38.32it/s]
 70%|███████   | 6189/8835 [02:20<01:12, 36.60it/s]
 70%|███████   | 6198/8835 [02:20<00:56, 47.07it/s]
 70%|███████   | 6203/8835 [02:20<00:56, 46.31it/s]
 70%|███████   | 6208/8835 [02:20<00:58, 44.71it/s]
 70%|███████   | 6216/8835 [02:20<00:50, 51.65it/s]
 70%|███████   | 6222/8835 [02:20<00:52, 50.17it/s]
 70%|███████   | 6228/8835 [02:20<00:57, 45.10it/s]
 71%|███████   | 6233/8835 [02:20<01:01, 42.54it/s]
 71%|███████   | 6238/8835 [02:21<01:01, 42.13it/s]
 71%|███████   | 6244/8835 [02:21<01:00, 43.08it/s]
 71%|███████   | 6250/8835 [02:21<00:58, 43.99it/s]
 71%|███████   | 6256/8835 [02:21<00:56, 45.64it/s]
 71%|███████   | 6261/8835 [02:21<01:00, 42.64it/s]
 71%|███████   | 6266/8835 [02:21<00:59, 42.87it/s]
 71%|███████   | 6271/8835 [02:21<01:02, 41.03it/s]
 71%|███████   | 6277/8835 [02:21<00:58, 43.84it/s]
 71%|███████   | 6282/8835 [02:22<00:59, 42.66it/s]
 71%|███████   | 6287/8835 [02:22<00:57, 44.36it/s]
 71%|███████   | 6293/8835 [02:22<00:53, 47.77it/s]
 71%|███████▏  | 6298/8835 [02:22<00:58, 43.67it/s]
 71%|███████▏  | 6304/8835 [02:22<00:54, 46.44it/s]
 71%|███████▏  | 6309/8835 [02:22<00:58, 42.94it/s]
 71%|███████▏  | 6314/8835 [02:22<01:00, 41.87it/s]
 72%|███████▏  | 6320/8835 [02:22<00:54, 46.41it/s]
 72%|███████▏  | 6325/8835 [02:23<01:00, 41.17it/s]
 72%|███████▏  | 6330/8835 [02:23<01:06, 37.95it/s]
 72%|███████▏  | 6337/8835 [02:23<00:59, 41.98it/s]
 72%|███████▏  | 6343/8835 [02:23<00:56, 44.14it/s]
 72%|███████▏  | 6348/8835 [02:23<00:56, 43.78it/s]
 72%|███████▏  | 6353/8835 [02:23<00:57, 42.85it/s]
 72%|███████▏  | 6358/8835 [02:23<00:58, 42.00it/s]
 72%|███████▏  | 6363/8835 [02:24<00:58, 42.27it/s]
 72%|███████▏  | 6368/8835 [02:24<01:01, 40.41it/s]
 72%|███████▏  | 6375/8835 [02:24<00:52, 46.66it/s]
 72%|███████▏  | 6380/8835 [02:24<00:57, 42.49it/s]
 72%|███████▏  | 6387/8835 [02:24<00:53, 46.18it/s]
 72%|███████▏  | 6392/8835 [02:24<00:53, 45.91it/s]
 72%|███████▏  | 6398/8835 [02:24<00:49, 48.87it/s]
 72%|███████▏  | 6403/8835 [02:24<00:51, 47.57it/s]
 73%|███████▎  | 6408/8835 [02:24<00:54, 44.20it/s]
 73%|███████▎  | 6414/8835 [02:25<00:53, 45.46it/s]
 73%|███████▎  | 6419/8835 [02:25<00:56, 43.14it/s]
 73%|███████▎  | 6424/8835 [02:25<00:56, 42.76it/s]
 73%|███████▎  | 6429/8835 [02:25<00:57, 41.77it/s]
 73%|███████▎  | 6434/8835 [02:25<00:56, 42.33it/s]
 73%|███████▎  | 6439/8835 [02:25<00:55, 43.16it/s]
 73%|███████▎  | 6444/8835 [02:25<00:58, 41.09it/s]
 73%|███████▎  | 6449/8835 [02:25<00:58, 40.71it/s]
 73%|███████▎  | 6455/8835 [02:26<00:56, 42.36it/s]
 73%|███████▎  | 6460/8835 [02:26<00:55, 42.77it/s]
 73%|███████▎  | 6465/8835 [02:26<00:56, 41.65it/s]
 73%|███████▎  | 6472/8835 [02:26<00:50, 47.19it/s]
 73%|███████▎  | 6478/8835 [02:26<00:48, 48.77it/s]
 73%|███████▎  | 6483/8835 [02:26<00:50, 46.53it/s]
 73%|███████▎  | 6491/8835 [02:26<00:43, 54.02it/s]
 74%|███████▎  | 6499/8835 [02:26<00:41, 56.81it/s]
 74%|███████▎  | 6508/8835 [02:27<00:39, 58.75it/s]
 74%|███████▍  | 6517/8835 [02:27<00:35, 64.73it/s]
 74%|███████▍  | 6524/8835 [02:27<00:37, 61.31it/s]
 74%|███████▍  | 6531/8835 [02:27<00:42, 54.10it/s]
 74%|███████▍  | 6537/8835 [02:27<00:43, 53.02it/s]
 74%|███████▍  | 6543/8835 [02:27<00:46, 49.39it/s]
 74%|███████▍  | 6549/8835 [02:27<00:49, 45.78it/s]
 74%|███████▍  | 6555/8835 [02:28<00:49, 45.78it/s]
 74%|███████▍  | 6560/8835 [02:28<00:51, 44.32it/s]
 74%|███████▍  | 6565/8835 [02:28<00:49, 45.67it/s]
 74%|███████▍  | 6570/8835 [02:28<00:50, 45.14it/s]
 74%|███████▍  | 6575/8835 [02:28<00:51, 43.74it/s]
 74%|███████▍  | 6580/8835 [02:28<00:51, 43.72it/s]
 75%|███████▍  | 6585/8835 [02:28<00:51, 43.91it/s]
 75%|███████▍  | 6591/8835 [02:28<00:47, 47.35it/s]
 75%|███████▍  | 6596/8835 [02:28<00:47, 46.78it/s]
 75%|███████▍  | 6601/8835 [02:29<00:55, 40.43it/s]
 75%|███████▍  | 6607/8835 [02:29<00:50, 43.97it/s]
 75%|███████▍  | 6613/8835 [02:29<00:46, 47.73it/s]
 75%|███████▍  | 6618/8835 [02:29<00:46, 48.10it/s]
 75%|███████▍  | 6623/8835 [02:29<00:46, 47.77it/s]
 75%|███████▌  | 6628/8835 [02:29<00:47, 46.32it/s]
 75%|███████▌  | 6634/8835 [02:29<00:47, 46.77it/s]
 75%|███████▌  | 6640/8835 [02:29<00:45, 48.28it/s]
 75%|███████▌  | 6645/8835 [02:30<00:48, 45.12it/s]
 75%|███████▌  | 6650/8835 [02:30<00:50, 43.41it/s]
 75%|███████▌  | 6655/8835 [02:30<00:53, 40.45it/s]
 75%|███████▌  | 6662/8835 [02:30<00:48, 44.97it/s]
 75%|███████▌  | 6667/8835 [02:30<00:48, 44.98it/s]
 76%|███████▌  | 6674/8835 [02:30<00:44, 48.17it/s]
 76%|███████▌  | 6679/8835 [02:30<00:46, 46.29it/s]
 76%|███████▌  | 6684/8835 [02:30<00:49, 43.72it/s]
 76%|███████▌  | 6690/8835 [02:31<00:47, 45.60it/s]
 76%|███████▌  | 6696/8835 [02:31<00:46, 46.13it/s]
 76%|███████▌  | 6701/8835 [02:31<00:47, 45.03it/s]
 76%|███████▌  | 6706/8835 [02:31<00:47, 44.86it/s]
 76%|███████▌  | 6712/8835 [02:31<00:46, 45.83it/s]
 76%|███████▌  | 6718/8835 [02:31<00:45, 47.02it/s]
 76%|███████▌  | 6723/8835 [02:31<00:47, 44.03it/s]
 76%|███████▌  | 6730/8835 [02:31<00:44, 47.72it/s]
 76%|███████▌  | 6735/8835 [02:31<00:45, 46.27it/s]
 76%|███████▋  | 6740/8835 [02:32<00:48, 42.89it/s]
 76%|███████▋  | 6745/8835 [02:32<00:48, 43.10it/s]
 76%|███████▋  | 6750/8835 [02:32<00:47, 44.28it/s]
 76%|███████▋  | 6755/8835 [02:32<00:50, 41.48it/s]
 77%|███████▋  | 6761/8835 [02:32<00:45, 46.08it/s]
 77%|███████▋  | 6767/8835 [02:32<00:43, 47.06it/s]
 77%|███████▋  | 6773/8835 [02:32<00:42, 48.04it/s]
 77%|███████▋  | 6778/8835 [02:32<00:42, 48.27it/s]
 77%|███████▋  | 6784/8835 [02:33<00:40, 50.81it/s]
 77%|███████▋  | 6790/8835 [02:33<00:43, 46.85it/s]
 77%|███████▋  | 6796/8835 [02:33<00:41, 49.70it/s]
 77%|███████▋  | 6802/8835 [02:33<00:40, 50.18it/s]
 77%|███████▋  | 6808/8835 [02:33<00:41, 48.38it/s]
 77%|███████▋  | 6813/8835 [02:33<00:42, 47.85it/s]
 77%|███████▋  | 6818/8835 [02:33<00:50, 39.87it/s]
 77%|███████▋  | 6824/8835 [02:33<00:45, 44.09it/s]
 77%|███████▋  | 6829/8835 [02:34<00:45, 44.54it/s]
 77%|███████▋  | 6835/8835 [02:34<00:44, 45.29it/s]
 77%|███████▋  | 6840/8835 [02:34<00:48, 41.13it/s]
 77%|███████▋  | 6845/8835 [02:34<00:48, 40.74it/s]
 78%|███████▊  | 6850/8835 [02:34<00:49, 39.85it/s]
 78%|███████▊  | 6856/8835 [02:34<00:45, 43.70it/s]
 78%|███████▊  | 6861/8835 [02:34<00:45, 43.34it/s]
 78%|███████▊  | 6868/8835 [02:34<00:41, 47.53it/s]
 78%|███████▊  | 6873/8835 [02:35<00:47, 41.60it/s]
 78%|███████▊  | 6879/8835 [02:35<00:43, 44.80it/s]
 78%|███████▊  | 6885/8835 [02:35<00:43, 45.35it/s]
 78%|███████▊  | 6890/8835 [02:35<00:43, 45.00it/s]
 78%|███████▊  | 6895/8835 [02:35<00:46, 42.13it/s]
 78%|███████▊  | 6900/8835 [02:35<00:46, 41.37it/s]
 78%|███████▊  | 6905/8835 [02:35<00:46, 41.43it/s]
 78%|███████▊  | 6910/8835 [02:35<00:47, 40.11it/s]
 78%|███████▊  | 6916/8835 [02:36<00:43, 44.54it/s]
 78%|███████▊  | 6921/8835 [02:36<00:44, 42.69it/s]
 78%|███████▊  | 6927/8835 [02:36<00:43, 43.84it/s]
 78%|███████▊  | 6934/8835 [02:36<00:37, 50.34it/s]
 79%|███████▊  | 6940/8835 [02:36<00:37, 50.89it/s]
 79%|███████▊  | 6947/8835 [02:36<00:36, 51.85it/s]
 79%|███████▊  | 6953/8835 [02:36<00:40, 45.95it/s]
 79%|███████▉  | 6958/8835 [02:36<00:42, 44.03it/s]
 79%|███████▉  | 6963/8835 [02:37<00:44, 42.35it/s]
 79%|███████▉  | 6968/8835 [02:37<00:42, 43.59it/s]
 79%|███████▉  | 6973/8835 [02:37<00:42, 43.32it/s]
 79%|███████▉  | 6981/8835 [02:37<00:36, 50.99it/s]
 79%|███████▉  | 6987/8835 [02:37<00:40, 46.20it/s]
 79%|███████▉  | 6992/8835 [02:37<00:39, 46.17it/s]
 79%|███████▉  | 6997/8835 [02:37<00:43, 42.63it/s]
 79%|███████▉  | 7002/8835 [02:38<00:46, 39.72it/s]
 79%|███████▉  | 7009/8835 [02:38<00:39, 46.47it/s]
 79%|███████▉  | 7014/8835 [02:38<00:39, 46.40it/s]
 79%|███████▉  | 7020/8835 [02:38<00:38, 47.69it/s]
 80%|███████▉  | 7027/8835 [02:38<00:34, 51.86it/s]
 80%|███████▉  | 7033/8835 [02:38<00:37, 47.76it/s]
 80%|███████▉  | 7041/8835 [02:38<00:34, 51.86it/s]
 80%|███████▉  | 7047/8835 [02:38<00:36, 49.40it/s]
 80%|███████▉  | 7053/8835 [02:39<00:39, 44.86it/s]
 80%|███████▉  | 7058/8835 [02:39<00:40, 43.74it/s]
 80%|███████▉  | 7064/8835 [02:39<00:40, 43.85it/s]
 80%|████████  | 7070/8835 [02:39<00:38, 46.35it/s]
 80%|████████  | 7076/8835 [02:39<00:36, 48.81it/s]
 80%|████████  | 7083/8835 [02:39<00:34, 51.10it/s]
 80%|████████  | 7089/8835 [02:39<00:36, 47.21it/s]
 80%|████████  | 7098/8835 [02:39<00:33, 52.46it/s]
 80%|████████  | 7104/8835 [02:40<00:36, 47.10it/s]
 80%|████████  | 7109/8835 [02:40<00:40, 42.62it/s]
 81%|████████  | 7114/8835 [02:40<00:43, 39.69it/s]
 81%|████████  | 7119/8835 [02:40<00:46, 37.13it/s]
 81%|████████  | 7123/8835 [02:40<00:46, 37.15it/s]
 81%|████████  | 7128/8835 [02:40<00:43, 39.67it/s]
 81%|████████  | 7136/8835 [02:40<00:35, 48.52it/s]
 81%|████████  | 7142/8835 [02:41<00:38, 43.96it/s]
 81%|████████  | 7147/8835 [02:41<00:37, 44.83it/s]
 81%|████████  | 7152/8835 [02:41<00:36, 46.07it/s]
 81%|████████  | 7158/8835 [02:41<00:34, 48.11it/s]
 81%|████████  | 7163/8835 [02:41<00:35, 46.48it/s]
 81%|████████  | 7168/8835 [02:41<00:40, 41.22it/s]
 81%|████████  | 7173/8835 [02:41<00:39, 42.12it/s]
 81%|████████▏ | 7179/8835 [02:41<00:37, 44.10it/s]
 81%|████████▏ | 7184/8835 [02:41<00:36, 44.78it/s]
 81%|████████▏ | 7190/8835 [02:42<00:35, 46.43it/s]
 81%|████████▏ | 7196/8835 [02:42<00:32, 49.72it/s]
 82%|████████▏ | 7202/8835 [02:42<00:35, 46.18it/s]
 82%|████████▏ | 7208/8835 [02:42<00:34, 46.56it/s]
 82%|████████▏ | 7213/8835 [02:42<00:35, 45.21it/s]
 82%|████████▏ | 7218/8835 [02:42<00:40, 39.48it/s]
 82%|████████▏ | 7225/8835 [02:42<00:35, 45.33it/s]
 82%|████████▏ | 7231/8835 [02:43<00:36, 43.81it/s]
 82%|████████▏ | 7236/8835 [02:43<00:37, 42.54it/s]
 82%|████████▏ | 7241/8835 [02:43<00:39, 40.34it/s]
 82%|████████▏ | 7246/8835 [02:43<00:39, 40.25it/s]
 82%|████████▏ | 7251/8835 [02:43<00:44, 35.58it/s]
 82%|████████▏ | 7258/8835 [02:43<00:36, 43.24it/s]
 82%|████████▏ | 7267/8835 [02:43<00:29, 52.90it/s]
 82%|████████▏ | 7273/8835 [02:43<00:30, 51.20it/s]
 82%|████████▏ | 7279/8835 [02:44<00:30, 51.24it/s]
 82%|████████▏ | 7285/8835 [02:44<00:32, 47.94it/s]
 83%|████████▎ | 7290/8835 [02:44<00:38, 40.20it/s]
 83%|████████▎ | 7295/8835 [02:44<00:36, 41.79it/s]
 83%|████████▎ | 7301/8835 [02:44<00:34, 44.75it/s]
 83%|████████▎ | 7306/8835 [02:44<00:33, 45.39it/s]
 83%|████████▎ | 7311/8835 [02:44<00:38, 39.61it/s]
 83%|████████▎ | 7318/8835 [02:44<00:34, 44.44it/s]
 83%|████████▎ | 7323/8835 [02:45<00:36, 40.89it/s]
 83%|████████▎ | 7328/8835 [02:45<00:39, 37.91it/s]
 83%|████████▎ | 7332/8835 [02:45<00:39, 38.37it/s]
 83%|████████▎ | 7337/8835 [02:45<00:37, 40.38it/s]
 83%|████████▎ | 7342/8835 [02:45<00:36, 40.99it/s]
 83%|████████▎ | 7347/8835 [02:45<00:35, 41.54it/s]
 83%|████████▎ | 7352/8835 [02:45<00:34, 43.39it/s]
 83%|████████▎ | 7357/8835 [02:45<00:35, 42.03it/s]
 83%|████████▎ | 7363/8835 [02:46<00:32, 44.84it/s]
 83%|████████▎ | 7368/8835 [02:46<00:33, 43.36it/s]
 83%|████████▎ | 7373/8835 [02:46<00:39, 37.22it/s]
 84%|████████▎ | 7378/8835 [02:46<00:37, 38.75it/s]
 84%|████████▎ | 7385/8835 [02:46<00:32, 44.41it/s]
 84%|████████▎ | 7393/8835 [02:46<00:28, 51.25it/s]
 84%|████████▎ | 7399/8835 [02:46<00:28, 50.05it/s]
 84%|████████▍ | 7405/8835 [02:46<00:27, 51.22it/s]
 84%|████████▍ | 7411/8835 [02:47<00:31, 45.40it/s]
 84%|████████▍ | 7416/8835 [02:47<00:31, 44.47it/s]
 84%|████████▍ | 7422/8835 [02:47<00:29, 47.40it/s]
 84%|████████▍ | 7427/8835 [02:47<00:32, 43.27it/s]
 84%|████████▍ | 7432/8835 [02:47<00:32, 43.64it/s]
 84%|████████▍ | 7437/8835 [02:47<00:31, 44.45it/s]
 84%|████████▍ | 7442/8835 [02:47<00:31, 43.98it/s]
 84%|████████▍ | 7447/8835 [02:47<00:31, 44.50it/s]
 84%|████████▍ | 7452/8835 [02:48<00:33, 40.96it/s]
 84%|████████▍ | 7457/8835 [02:48<00:34, 40.17it/s]
 84%|████████▍ | 7462/8835 [02:48<00:34, 40.15it/s]
 85%|████████▍ | 7467/8835 [02:48<00:33, 41.36it/s]
 85%|████████▍ | 7472/8835 [02:48<00:36, 37.75it/s]
 85%|████████▍ | 7477/8835 [02:48<00:33, 39.96it/s]
 85%|████████▍ | 7483/8835 [02:48<00:31, 43.36it/s]
 85%|████████▍ | 7488/8835 [02:48<00:31, 42.75it/s]
 85%|████████▍ | 7493/8835 [02:49<00:33, 39.55it/s]
 85%|████████▍ | 7499/8835 [02:49<00:32, 41.40it/s]
 85%|████████▍ | 7504/8835 [02:49<00:33, 40.26it/s]
 85%|████████▌ | 7510/8835 [02:49<00:31, 42.67it/s]
 85%|████████▌ | 7516/8835 [02:49<00:28, 46.27it/s]
 85%|████████▌ | 7521/8835 [02:49<00:28, 45.61it/s]
 85%|████████▌ | 7526/8835 [02:49<00:32, 39.83it/s]
 85%|████████▌ | 7531/8835 [02:50<00:31, 41.10it/s]
 85%|████████▌ | 7536/8835 [02:50<00:30, 42.39it/s]
 85%|████████▌ | 7542/8835 [02:50<00:29, 43.45it/s]
 85%|████████▌ | 7547/8835 [02:50<00:30, 42.46it/s]
 85%|████████▌ | 7552/8835 [02:50<00:30, 42.53it/s]
 86%|████████▌ | 7557/8835 [02:50<00:30, 42.43it/s]
 86%|████████▌ | 7562/8835 [02:50<00:29, 43.80it/s]
 86%|████████▌ | 7567/8835 [02:50<00:29, 43.24it/s]
 86%|████████▌ | 7572/8835 [02:50<00:28, 44.08it/s]
 86%|████████▌ | 7577/8835 [02:51<00:31, 40.49it/s]
 86%|████████▌ | 7582/8835 [02:51<00:34, 36.67it/s]
 86%|████████▌ | 7587/8835 [02:51<00:32, 38.57it/s]
 86%|████████▌ | 7593/8835 [02:51<00:29, 42.69it/s]
 86%|████████▌ | 7598/8835 [02:51<00:27, 44.42it/s]
 86%|████████▌ | 7605/8835 [02:51<00:24, 50.52it/s]
 86%|████████▌ | 7611/8835 [02:51<00:25, 48.76it/s]
 86%|████████▌ | 7616/8835 [02:51<00:26, 46.37it/s]
 86%|████████▋ | 7621/8835 [02:52<00:26, 45.71it/s]
 86%|████████▋ | 7627/8835 [02:52<00:25, 46.83it/s]
 86%|████████▋ | 7632/8835 [02:52<00:28, 41.98it/s]
 86%|████████▋ | 7637/8835 [02:52<00:27, 43.72it/s]
 87%|████████▋ | 7643/8835 [02:52<00:26, 45.31it/s]
 87%|████████▋ | 7648/8835 [02:52<00:27, 43.61it/s]
 87%|████████▋ | 7655/8835 [02:52<00:24, 47.91it/s]
 87%|████████▋ | 7660/8835 [02:52<00:26, 45.07it/s]
 87%|████████▋ | 7665/8835 [02:53<00:25, 45.14it/s]
 87%|████████▋ | 7670/8835 [02:53<00:27, 42.01it/s]
 87%|████████▋ | 7675/8835 [02:53<00:26, 43.81it/s]
 87%|████████▋ | 7680/8835 [02:53<00:27, 41.45it/s]
 87%|████████▋ | 7685/8835 [02:53<00:31, 36.85it/s]
 87%|████████▋ | 7689/8835 [02:53<00:31, 35.82it/s]
 87%|████████▋ | 7693/8835 [02:53<00:34, 33.18it/s]
 87%|████████▋ | 7697/8835 [02:53<00:35, 32.22it/s]
 87%|████████▋ | 7705/8835 [02:54<00:26, 42.19it/s]
 87%|████████▋ | 7712/8835 [02:54<00:24, 46.74it/s]
 87%|████████▋ | 7717/8835 [02:54<00:26, 42.13it/s]
 87%|████████▋ | 7722/8835 [02:54<00:27, 40.15it/s]
 87%|████████▋ | 7727/8835 [02:54<00:28, 39.11it/s]
 88%|████████▊ | 7731/8835 [02:54<00:28, 39.00it/s]
 88%|████████▊ | 7737/8835 [02:54<00:25, 43.59it/s]
 88%|████████▊ | 7742/8835 [02:54<00:24, 43.95it/s]
 88%|████████▊ | 7747/8835 [02:55<00:24, 44.46it/s]
 88%|████████▊ | 7752/8835 [02:55<00:24, 45.11it/s]
 88%|████████▊ | 7757/8835 [02:55<00:24, 44.21it/s]
 88%|████████▊ | 7762/8835 [02:55<00:23, 45.13it/s]
 88%|████████▊ | 7768/8835 [02:55<00:22, 47.92it/s]
 88%|████████▊ | 7773/8835 [02:55<00:25, 42.40it/s]
 88%|████████▊ | 7778/8835 [02:55<00:27, 38.03it/s]
 88%|████████▊ | 7784/8835 [02:55<00:25, 41.35it/s]
 88%|████████▊ | 7790/8835 [02:56<00:23, 44.61it/s]
 88%|████████▊ | 7795/8835 [02:56<00:26, 39.99it/s]
 88%|████████▊ | 7800/8835 [02:56<00:26, 39.66it/s]
 88%|████████▊ | 7805/8835 [02:56<00:24, 41.78it/s]
 88%|████████▊ | 7810/8835 [02:56<00:24, 42.14it/s]
 88%|████████▊ | 7816/8835 [02:56<00:21, 46.70it/s]
 89%|████████▊ | 7821/8835 [02:56<00:23, 42.27it/s]
 89%|████████▊ | 7826/8835 [02:56<00:24, 41.57it/s]
 89%|████████▊ | 7832/8835 [02:57<00:22, 44.23it/s]
 89%|████████▊ | 7837/8835 [02:57<00:25, 39.83it/s]
 89%|████████▉ | 7842/8835 [02:57<00:23, 41.92it/s]
 89%|████████▉ | 7849/8835 [02:57<00:20, 48.78it/s]
 89%|████████▉ | 7855/8835 [02:57<00:20, 48.14it/s]
 89%|████████▉ | 7860/8835 [02:57<00:20, 48.06it/s]
 89%|████████▉ | 7865/8835 [02:57<00:21, 45.38it/s]
 89%|████████▉ | 7870/8835 [02:57<00:22, 42.87it/s]
 89%|████████▉ | 7875/8835 [02:58<00:22, 42.31it/s]
 89%|████████▉ | 7881/8835 [02:58<00:20, 46.04it/s]
 89%|████████▉ | 7886/8835 [02:58<00:21, 43.87it/s]
 89%|████████▉ | 7891/8835 [02:58<00:21, 44.58it/s]
 89%|████████▉ | 7896/8835 [02:58<00:24, 38.94it/s]
 89%|████████▉ | 7902/8835 [02:58<00:21, 43.15it/s]
 89%|████████▉ | 7907/8835 [02:58<00:20, 44.84it/s]
 90%|████████▉ | 7914/8835 [02:58<00:18, 49.71it/s]
 90%|████████▉ | 7920/8835 [02:59<00:18, 49.86it/s]
 90%|████████▉ | 7926/8835 [02:59<00:20, 44.01it/s]
 90%|████████▉ | 7931/8835 [02:59<00:20, 44.78it/s]
 90%|████████▉ | 7937/8835 [02:59<00:19, 44.95it/s]
 90%|████████▉ | 7942/8835 [02:59<00:20, 44.22it/s]
 90%|████████▉ | 7948/8835 [02:59<00:19, 44.52it/s]
 90%|█████████ | 7953/8835 [02:59<00:20, 42.29it/s]
 90%|█████████ | 7958/8835 [02:59<00:21, 41.50it/s]
 90%|█████████ | 7964/8835 [03:00<00:20, 43.32it/s]
 90%|█████████ | 7969/8835 [03:00<00:20, 42.04it/s]
 90%|█████████ | 7974/8835 [03:00<00:20, 41.40it/s]
 90%|█████████ | 7979/8835 [03:00<00:19, 43.51it/s]
 90%|█████████ | 7984/8835 [03:00<00:19, 42.61it/s]
 90%|█████████ | 7991/8835 [03:00<00:17, 48.07it/s]
 91%|█████████ | 7996/8835 [03:00<00:20, 40.34it/s]
 91%|█████████ | 8003/8835 [03:00<00:17, 46.77it/s]
 91%|█████████ | 8008/8835 [03:01<00:18, 44.04it/s]
 91%|█████████ | 8013/8835 [03:01<00:19, 42.77it/s]
 91%|█████████ | 8019/8835 [03:01<00:17, 45.54it/s]
 91%|█████████ | 8024/8835 [03:01<00:17, 45.67it/s]
 91%|█████████ | 8029/8835 [03:01<00:17, 46.56it/s]
 91%|█████████ | 8034/8835 [03:01<00:18, 44.24it/s]
 91%|█████████ | 8039/8835 [03:01<00:17, 44.26it/s]
 91%|█████████ | 8045/8835 [03:01<00:16, 47.94it/s]
 91%|█████████ | 8050/8835 [03:02<00:18, 41.89it/s]
 91%|█████████ | 8055/8835 [03:02<00:18, 42.97it/s]
 91%|█████████ | 8060/8835 [03:02<00:17, 44.20it/s]
 91%|█████████▏| 8065/8835 [03:02<00:17, 44.11it/s]
 91%|█████████▏| 8070/8835 [03:02<00:18, 42.25it/s]
 91%|█████████▏| 8075/8835 [03:02<00:18, 42.15it/s]
 91%|█████████▏| 8080/8835 [03:02<00:18, 40.80it/s]
 92%|█████████▏| 8085/8835 [03:02<00:18, 41.42it/s]
 92%|█████████▏| 8090/8835 [03:02<00:17, 42.02it/s]
 92%|█████████▏| 8095/8835 [03:03<00:18, 39.70it/s]
 92%|█████████▏| 8100/8835 [03:03<00:18, 39.76it/s]
 92%|█████████▏| 8105/8835 [03:03<00:18, 38.80it/s]
 92%|█████████▏| 8110/8835 [03:03<00:18, 38.95it/s]
 92%|█████████▏| 8116/8835 [03:03<00:17, 40.70it/s]
 92%|█████████▏| 8121/8835 [03:03<00:16, 42.49it/s]
 92%|█████████▏| 8126/8835 [03:03<00:16, 43.47it/s]
 92%|█████████▏| 8131/8835 [03:03<00:17, 40.44it/s]
 92%|█████████▏| 8136/8835 [03:04<00:17, 39.73it/s]
 92%|█████████▏| 8141/8835 [03:04<00:17, 40.74it/s]
 92%|█████████▏| 8146/8835 [03:04<00:17, 40.49it/s]
 92%|█████████▏| 8151/8835 [03:04<00:19, 34.99it/s]
 92%|█████████▏| 8156/8835 [03:04<00:18, 36.30it/s]
 92%|█████████▏| 8161/8835 [03:04<00:17, 37.87it/s]
 92%|█████████▏| 8166/8835 [03:04<00:16, 39.38it/s]
 92%|█████████▏| 8171/8835 [03:05<00:15, 41.74it/s]
 93%|█████████▎| 8176/8835 [03:05<00:16, 40.30it/s]
 93%|█████████▎| 8181/8835 [03:05<00:15, 41.27it/s]
 93%|█████████▎| 8186/8835 [03:05<00:16, 38.99it/s]
 93%|█████████▎| 8192/8835 [03:05<00:15, 42.38it/s]
 93%|█████████▎| 8197/8835 [03:05<00:15, 41.59it/s]
 93%|█████████▎| 8203/8835 [03:05<00:14, 43.50it/s]
 93%|█████████▎| 8208/8835 [03:05<00:15, 39.96it/s]
 93%|█████████▎| 8213/8835 [03:06<00:16, 38.78it/s]
 93%|█████████▎| 8217/8835 [03:06<00:16, 36.61it/s]
 93%|█████████▎| 8221/8835 [03:06<00:17, 34.48it/s]
 93%|█████████▎| 8227/8835 [03:06<00:15, 40.00it/s]
 93%|█████████▎| 8232/8835 [03:06<00:14, 41.14it/s]
 93%|█████████▎| 8237/8835 [03:06<00:15, 38.78it/s]
 93%|█████████▎| 8243/8835 [03:06<00:14, 42.14it/s]
 93%|█████████▎| 8248/8835 [03:06<00:15, 38.52it/s]
 93%|█████████▎| 8252/8835 [03:07<00:16, 34.34it/s]
 93%|█████████▎| 8257/8835 [03:07<00:16, 36.04it/s]
 94%|█████████▎| 8261/8835 [03:07<00:16, 34.61it/s]
 94%|█████████▎| 8266/8835 [03:07<00:14, 38.03it/s]
 94%|█████████▎| 8270/8835 [03:07<00:15, 37.42it/s]
 94%|█████████▎| 8276/8835 [03:07<00:13, 42.31it/s]
 94%|█████████▍| 8284/8835 [03:07<00:11, 47.88it/s]
 94%|█████████▍| 8289/8835 [03:07<00:13, 40.79it/s]
 94%|█████████▍| 8297/8835 [03:08<00:11, 47.00it/s]
 94%|█████████▍| 8303/8835 [03:08<00:10, 48.42it/s]
 94%|█████████▍| 8308/8835 [03:08<00:10, 48.29it/s]
 94%|█████████▍| 8313/8835 [03:08<00:10, 48.17it/s]
 94%|█████████▍| 8318/8835 [03:08<00:12, 41.14it/s]
 94%|█████████▍| 8323/8835 [03:08<00:12, 40.09it/s]
 94%|█████████▍| 8328/8835 [03:08<00:11, 42.40it/s]
 94%|█████████▍| 8333/8835 [03:08<00:12, 41.54it/s]
 94%|█████████▍| 8340/8835 [03:09<00:10, 47.44it/s]
 94%|█████████▍| 8345/8835 [03:09<00:11, 41.51it/s]
 95%|█████████▍| 8350/8835 [03:09<00:13, 36.53it/s]
 95%|█████████▍| 8356/8835 [03:09<00:12, 39.33it/s]
 95%|█████████▍| 8361/8835 [03:09<00:11, 40.71it/s]
 95%|█████████▍| 8366/8835 [03:09<00:11, 41.09it/s]
 95%|█████████▍| 8372/8835 [03:09<00:10, 45.53it/s]
 95%|█████████▍| 8377/8835 [03:09<00:10, 45.77it/s]
 95%|█████████▍| 8384/8835 [03:10<00:09, 47.93it/s]
 95%|█████████▍| 8389/8835 [03:10<00:10, 42.72it/s]
 95%|█████████▌| 8396/8835 [03:10<00:09, 48.61it/s]
 95%|█████████▌| 8402/8835 [03:10<00:09, 47.39it/s]
 95%|█████████▌| 8409/8835 [03:10<00:08, 49.49it/s]
 95%|█████████▌| 8415/8835 [03:10<00:08, 48.32it/s]
 95%|█████████▌| 8420/8835 [03:10<00:08, 48.13it/s]
 95%|█████████▌| 8425/8835 [03:11<00:09, 45.20it/s]
 95%|█████████▌| 8431/8835 [03:11<00:08, 46.42it/s]
 96%|█████████▌| 8438/8835 [03:11<00:07, 49.88it/s]
 96%|█████████▌| 8444/8835 [03:11<00:08, 48.03it/s]
 96%|█████████▌| 8451/8835 [03:11<00:07, 52.80it/s]
 96%|█████████▌| 8459/8835 [03:11<00:06, 58.97it/s]
 96%|█████████▌| 8466/8835 [03:11<00:07, 51.89it/s]
 96%|█████████▌| 8472/8835 [03:11<00:07, 47.60it/s]
 96%|█████████▌| 8478/8835 [03:12<00:07, 49.19it/s]
 96%|█████████▌| 8484/8835 [03:12<00:07, 46.86it/s]
 96%|█████████▌| 8489/8835 [03:12<00:07, 46.08it/s]
 96%|█████████▌| 8494/8835 [03:12<00:08, 40.84it/s]
 96%|█████████▌| 8499/8835 [03:12<00:08, 41.51it/s]
 96%|█████████▋| 8504/8835 [03:12<00:08, 38.29it/s]
 96%|█████████▋| 8509/8835 [03:12<00:08, 39.61it/s]
 96%|█████████▋| 8514/8835 [03:12<00:08, 39.49it/s]
 96%|█████████▋| 8519/8835 [03:13<00:08, 38.98it/s]
 96%|█████████▋| 8523/8835 [03:13<00:08, 37.90it/s]
 97%|█████████▋| 8527/8835 [03:13<00:08, 37.16it/s]
 97%|█████████▋| 8532/8835 [03:13<00:07, 38.95it/s]
 97%|█████████▋| 8536/8835 [03:13<00:08, 36.55it/s]
 97%|█████████▋| 8543/8835 [03:13<00:06, 44.94it/s]
 97%|█████████▋| 8550/8835 [03:13<00:06, 47.48it/s]
 97%|█████████▋| 8555/8835 [03:13<00:07, 39.84it/s]
 97%|█████████▋| 8560/8835 [03:14<00:06, 40.51it/s]
 97%|█████████▋| 8566/8835 [03:14<00:06, 42.27it/s]
 97%|█████████▋| 8571/8835 [03:14<00:06, 42.60it/s]
 97%|█████████▋| 8576/8835 [03:14<00:06, 42.52it/s]
 97%|█████████▋| 8582/8835 [03:14<00:05, 43.04it/s]
 97%|█████████▋| 8588/8835 [03:14<00:05, 46.01it/s]
 97%|█████████▋| 8595/8835 [03:14<00:04, 51.10it/s]
 97%|█████████▋| 8601/8835 [03:15<00:05, 41.50it/s]
 97%|█████████▋| 8606/8835 [03:15<00:05, 39.35it/s]
 97%|█████████▋| 8611/8835 [03:15<00:05, 41.14it/s]
 98%|█████████▊| 8618/8835 [03:15<00:04, 45.04it/s]
 98%|█████████▊| 8623/8835 [03:15<00:04, 43.08it/s]
 98%|█████████▊| 8629/8835 [03:15<00:04, 46.09it/s]
 98%|█████████▊| 8634/8835 [03:15<00:04, 45.30it/s]
 98%|█████████▊| 8639/8835 [03:15<00:04, 42.14it/s]
 98%|█████████▊| 8644/8835 [03:16<00:04, 39.34it/s]
 98%|█████████▊| 8649/8835 [03:16<00:04, 39.14it/s]
 98%|█████████▊| 8654/8835 [03:16<00:04, 40.07it/s]
 98%|█████████▊| 8659/8835 [03:16<00:04, 36.50it/s]
 98%|█████████▊| 8665/8835 [03:16<00:04, 41.62it/s]
 98%|█████████▊| 8673/8835 [03:16<00:03, 50.29it/s]
 98%|█████████▊| 8680/8835 [03:16<00:02, 54.73it/s]
 98%|█████████▊| 8686/8835 [03:16<00:02, 51.53it/s]
 98%|█████████▊| 8694/8835 [03:17<00:02, 53.24it/s]
 98%|█████████▊| 8702/8835 [03:17<00:02, 59.13it/s]
 99%|█████████▊| 8709/8835 [03:17<00:02, 57.36it/s]
 99%|█████████▊| 8715/8835 [03:17<00:02, 54.03it/s]
 99%|█████████▊| 8721/8835 [03:17<00:02, 51.06it/s]
 99%|█████████▉| 8727/8835 [03:17<00:02, 49.12it/s]
 99%|█████████▉| 8732/8835 [03:17<00:02, 45.33it/s]
 99%|█████████▉| 8737/8835 [03:17<00:02, 42.99it/s]
 99%|█████████▉| 8743/8835 [03:18<00:01, 46.27it/s]
 99%|█████████▉| 8749/8835 [03:18<00:01, 48.07it/s]
 99%|█████████▉| 8755/8835 [03:18<00:01, 48.59it/s]
 99%|█████████▉| 8760/8835 [03:18<00:01, 47.75it/s]
 99%|█████████▉| 8766/8835 [03:18<00:01, 47.59it/s]
 99%|█████████▉| 8773/8835 [03:18<00:01, 51.67it/s]
 99%|█████████▉| 8779/8835 [03:18<00:01, 48.57it/s]
 99%|█████████▉| 8784/8835 [03:18<00:01, 47.13it/s]
 99%|█████████▉| 8790/8835 [03:19<00:00, 49.41it/s]
100%|█████████▉| 8796/8835 [03:19<00:00, 48.69it/s]
100%|█████████▉| 8801/8835 [03:19<00:00, 45.22it/s]
100%|█████████▉| 8806/8835 [03:19<00:00, 44.50it/s]
100%|█████████▉| 8811/8835 [03:19<00:00, 42.48it/s]
100%|█████████▉| 8816/8835 [03:19<00:00, 43.38it/s]
100%|█████████▉| 8821/8835 [03:19<00:00, 41.63it/s]
100%|█████████▉| 8828/8835 [03:19<00:00, 48.89it/s]
100%|█████████▉| 8834/8835 [03:20<00:00, 46.26it/s]
100%|██████████| 8835/8835 [03:20<00:00, 44.17it/s]
Ratio of novel graphs out of training data: 0.8750
--Return--
> c:\users\devavrat\circuit-repro\cktgnn\repo\main.py(365)<module>()->None
-> pdb.set_trace()
(Pdb) 
Traceback (most recent call last):
  File "C:\Users\Devavrat\circuit-repro\CktGNN\repo\main.py", line 365, in <module>
    pdb.set_trace()
  File "C:\Users\Devavrat\radioconda\envs\cktgnn\lib\bdb.py", line 92, in trace_dispatch
    return self.dispatch_return(frame, arg)
  File "C:\Users\Devavrat\radioconda\envs\cktgnn\lib\bdb.py", line 154, in dispatch_return
    if self.quitting: raise BdbQuit
bdb.BdbQuit
