[r1_gen] 641 tasks x 2 samples, 1282 jobs to run (0 done), parallel 4, order seed 20261008
Current recursion limit: 1000
New recursion limit: 9000
[r1_gen   0.2m] 1/1282 s2 t2-nb240-power-1292      valid=True think=4/word rtok=2 gpu_s=11.6
[r1_gen   0.5m] 2/1282 s1 t2-nb240-power-1292      valid=True think=249/word rtok=246 gpu_s=32.1
[r1_gen   0.6m] 3/1282 s1 t2-nb350-gain-0172       valid=True think=246/word rtok=243 gpu_s=33.0
[r1_gen   0.7m] 4/1282 s2 t2-nb350-gain-0172       valid=True think=252/word rtok=249 gpu_s=40.1
[r1_gen   0.8m] 5/1282 s1 t2-nb090-power-1454      valid=True think=222/word rtok=219 gpu_s=30.7
[r1_gen   0.8m] 6/1282 s2 t2-nb090-power-1454      valid=True think=4/word rtok=2 gpu_s=17.2
[r1_gen   0.9m] 7/1282 s2 t2-wb0530-gain-0293      valid=True think=4/word rtok=2 gpu_s=14.2
[r1_gen   1.3m] 8/1282 s1 t2-wb0530-gain-0293      valid=True think=288/word rtok=285 gpu_s=37.6
[r1_gen   1.3m] 9/1282 s1 t2-nb350-gain-0416       valid=True think=202/word rtok=199 gpu_s=32.6
[r1_gen   1.4m] 10/1282 s2 t2-nb350-gain-0416       valid=True think=256/word rtok=253 gpu_s=34.5
[r1_gen   1.5m] 11/1282 s2 t2-nb090-power-1458      valid=True think=4/word rtok=2 gpu_s=13.9
[r1_gen   1.5m] 12/1282 s1 t2-nb090-power-1458      valid=True think=259/word rtok=256 gpu_s=34.7
[r1_gen   1.9m] 13/1282 s1 t2-wb0824-power-1384     valid=True think=225/word rtok=224 gpu_s=36.6
[r1_gen   2.0m] 14/1282 s2 t2-wb0824-power-1384     valid=True think=198/word rtok=195 gpu_s=35.0
[r1_gen   2.2m] 15/1282 s2 t2-wb0530-gain-1068      valid=True think=241/word rtok=238 gpu_s=39.0
[r1_gen   2.2m] 16/1282 s1 t2-nb240-noise-1250      valid=True think=30/word rtok=29 gpu_s=17.0
[r1_gen   2.2m] 17/1282 s1 t2-wb0530-gain-1068      valid=True think=256/word rtok=253 gpu_s=42.6
[r1_gen   2.5m] 18/1282 s1 t2-wb0824-power-1319     valid=True think=4/word rtok=2 gpu_s=16.7
[r1_gen   2.5m] 19/1282 s1 t2-wb0824-power-1072     valid=True think=4/word rtok=2 gpu_s=16.7
[r1_gen   2.7m] 20/1282 s2 t2-wb0824-power-1072     valid=True think=4/word rtok=2 gpu_s=14.4
[r1_gen   2.8m] 21/1282 s1 t2-nb350-gain-0371       valid=True think=4/word rtok=2 gpu_s=15.3
[r1_gen   2.9m] 22/1282 s2 t2-nb240-noise-1250      valid=True think=264/word rtok=263 gpu_s=50.5
[r1_gen   3.0m] 23/1282 s2 t2-wb0824-power-1319     valid=True think=225/word rtok=222 gpu_s=42.9
[r1_gen   3.0m] 24/1282 s2 t2-nb350-gain-0371       valid=True think=5/word rtok=3 gpu_s=20.1
[r1_gen   3.2m] 25/1282 s2 t2-wb0530-gain-0197      valid=True think=4/word rtok=2 gpu_s=17.4
[r1_gen   3.5m] 26/1282 s1 t2-wb0530-gain-0197      valid=True think=276/word rtok=273 gpu_s=45.3
[r1_gen   3.6m] 27/1282 s1 t2-wb0824-noise-1406     valid=True think=244/word rtok=241 gpu_s=40.8
[r1_gen   3.7m] 28/1282 s2 t2-wb0824-noise-1406     valid=True think=254/word rtok=251 gpu_s=41.0
[r1_gen   3.9m] 29/1282 s2 t2-wb0824-noise-1140     valid=True think=4/word rtok=2 gpu_s=18.0
[r1_gen   3.9m] 30/1282 s1 t2-wb0824-noise-1140     valid=True think=268/word rtok=265 gpu_s=44.5
[r1_gen   4.1m] 31/1282 s1 t2-wb0824-noise-1382     valid=True think=4/word rtok=2 gpu_s=16.4
[r1_gen   4.2m] 32/1282 s2 t2-wb0824-noise-1382     valid=True think=4/word rtok=2 gpu_s=15.8
[r1_gen   4.4m] 33/1282 s2 t2-nb350-gain-1413       valid=True think=4/word rtok=2 gpu_s=10.7
[r1_gen   4.5m] 34/1282 s1 t2-nb240-power-1170      valid=True think=285/word rtok=282 gpu_s=49.7
[r1_gen   4.6m] 35/1282 s2 t2-nb240-power-1170      valid=True think=295/word rtok=294 gpu_s=49.5
[r1_gen   4.7m] 36/1282 s1 t2-nb350-gain-1413       valid=True think=4/word rtok=2 gpu_s=35.2
[r1_gen   4.9m] 37/1282 s1 t2-nb350-gain-1120       valid=True think=12/word rtok=11 gpu_s=17.0
[r1_gen   5.0m] 38/1282 s1 t2-nb090-power-0419      valid=True think=224/word rtok=221 gpu_s=37.2
[r1_gen   5.0m] 39/1282 s2 t2-nb350-gain-1120       valid=True think=4/word rtok=2 gpu_s=17.8
[r1_gen   5.2m] 40/1282 s1 t2-wb0530-gain-0288      valid=True think=4/word rtok=2 gpu_s=17.6
[r1_gen   5.2m] 41/1282 s2 t2-nb090-power-0419      valid=True think=245/word rtok=242 gpu_s=42.8
[r1_gen   5.3m] 42/1282 s2 t2-wb0530-gain-0288      valid=True think=4/word rtok=2 gpu_s=19.7
[r1_gen   5.4m] 43/1282 s1 t2-nb090-power-1001      valid=True think=4/word rtok=2 gpu_s=20.5
[r1_gen   5.5m] 44/1282 s1 t2-nb158-gain-1287       valid=True think=4/word rtok=2 gpu_s=14.8
[r1_gen   5.6m] 45/1282 s2 t2-nb090-power-1001      valid=True think=4/word rtok=2 gpu_s=22.7
[r1_gen   5.6m] 46/1282 s2 t2-nb158-gain-1287       valid=True think=4/word rtok=2 gpu_s=16.8
[r1_gen   5.7m] 47/1282 s1 t2-nb240-noise-1201      valid=True think=4/word rtok=2 gpu_s=16.5
[r1_gen   5.7m] 48/1282 s2 t2-nb240-noise-1201      valid=True think=4/word rtok=2 gpu_s=16.4
[r1_gen   5.9m] 49/1282 s2 t2-wb0824-power-1303     valid=True think=4/word rtok=2 gpu_s=17.5
[r1_gen   6.1m] 50/1282 s1 t2-wb0824-power-1303     valid=False think=4/word rtok=2 gpu_s=32.1
[r1_gen   6.2m] 51/1282 s1 t2-nb240-noise-0054      valid=True think=12/word rtok=11 gpu_s=16.1
[r1_gen   6.3m] 52/1282 s1 t2-wb0824-noise-0235     valid=True think=185/word rtok=182 gpu_s=36.3
[r1_gen   6.4m] 53/1282 s2 t2-nb240-noise-0054      valid=True think=141/eos rtok=140 gpu_s=17.6
[r1_gen   6.5m] 54/1282 s1 t2-nb240-power-1118      valid=True think=5/word rtok=3 gpu_s=15.0
[r1_gen   6.5m] 55/1282 s2 t2-wb0824-noise-0235     valid=True think=280/word rtok=277 gpu_s=45.3
[r1_gen   6.7m] 56/1282 s1 t2-wb0824-power-1339     valid=True think=4/word rtok=2 gpu_s=13.4
[r1_gen   6.8m] 57/1282 s2 t2-nb240-power-1118      valid=True think=206/word rtok=205 gpu_s=33.4
[r1_gen   6.9m] 58/1282 s1 t2-nb240-noise-0405      valid=True think=179/word rtok=178 gpu_s=31.1
[r1_gen   7.1m] 59/1282 s1 t2-nb350-gain-1083       valid=True think=5/word rtok=3 gpu_s=12.9
[r1_gen   7.1m] 60/1282 s2 t2-nb240-noise-0405      valid=True think=229/word rtok=226 gpu_s=40.1
[r1_gen   7.3m] 61/1282 s1 t2-nb350-gain-0135       valid=True think=4/word rtok=2 gpu_s=15.3
[r1_gen   7.4m] 62/1282 s2 t2-nb350-gain-0135       valid=True think=4/word rtok=2 gpu_s=16.2
[r1_gen   7.5m] 63/1282 s2 t2-wb0824-power-1339     valid=True think=209/word rtok=206 gpu_s=42.5
[r1_gen   7.6m] 64/1282 s1 t2-nb158-gain-1215       valid=True think=4/word rtok=2 gpu_s=15.1
[r1_gen   7.7m] 65/1282 s2 t2-nb158-gain-1215       valid=True think=4/word rtok=2 gpu_s=14.9
[r1_gen   7.7m] 66/1282 s1 t2-wb0530-gain-1138      valid=True think=4/word rtok=2 gpu_s=15.5
[r1_gen   7.8m] 67/1282 s2 t2-nb350-gain-1083       valid=True think=266/word rtok=263 gpu_s=50.7
[r1_gen   7.9m] 68/1282 s1 t2-wb0824-power-0158     valid=True think=4/word rtok=2 gpu_s=16.4
[r1_gen   8.0m] 69/1282 s2 t2-wb0824-power-0158     valid=True think=5/word rtok=3 gpu_s=15.9
[r1_gen   8.0m] 70/1282 s1 t2-nb350-gain-1412       valid=True think=4/word rtok=2 gpu_s=14.7
[r1_gen   8.2m] 71/1282 s2 t2-wb0824-power-1160     valid=True think=13/word rtok=12 gpu_s=10.0
[r1_gen   8.3m] 72/1282 s2 t2-wb0530-gain-1138      valid=True think=190/word rtok=187 gpu_s=40.2
[r1_gen   8.3m] 73/1282 s1 t2-wb0824-power-1160     valid=True think=4/word rtok=2 gpu_s=19.1
[r1_gen   8.5m] 74/1282 s1 t2-nb350-gain-0347       valid=True think=4/word rtok=2 gpu_s=10.7
[r1_gen   8.5m] 75/1282 s1 t2-wb0824-noise-1476     valid=True think=4/word rtok=2 gpu_s=17.9
[r1_gen   8.6m] 76/1282 s2 t2-wb0824-noise-1476     valid=True think=4/word rtok=2 gpu_s=18.0
[r1_gen   8.8m] 77/1282 s1 t2-nb158-gain-0400       valid=True think=74/word rtok=73 gpu_s=18.4
[r1_gen   8.9m] 78/1282 s2 t2-nb350-gain-1412       valid=False think=318/word rtok=315 gpu_s=56.7
[r1_gen   9.1m] 79/1282 s1 t2-wb0530-gain-0313      valid=True think=4/word rtok=2 gpu_s=16.4
[r1_gen   9.2m] 80/1282 s2 t2-nb350-gain-0347       valid=True think=219/word rtok=216 gpu_s=40.4
[r1_gen   9.4m] 81/1282 s2 t2-nb158-gain-1434       valid=True think=4/word rtok=2 gpu_s=10.6
[r1_gen   9.4m] 82/1282 s2 t2-nb158-gain-0400       valid=True think=333/word rtok=330 gpu_s=51.5
[r1_gen   9.5m] 83/1282 s2 t2-wb0530-gain-0313      valid=True think=198/word rtok=195 gpu_s=38.5
[r1_gen   9.8m] 84/1282 s1 t2-nb158-gain-1434       valid=True think=204/word rtok=201 gpu_s=38.8
[r1_gen   9.8m] 85/1282 s1 t2-wb0824-noise-1415     valid=True think=4/word rtok=2 gpu_s=15.8
[r1_gen  10.1m] 86/1282 s2 t2-wb0824-noise-1336     valid=True think=201/word rtok=198 gpu_s=37.0
[r1_gen  10.2m] 87/1282 s1 t2-nb090-power-1443      valid=True think=100/word rtok=99 gpu_s=20.8
[r1_gen  10.2m] 88/1282 s1 t2-wb0824-noise-1336     valid=True think=285/word rtok=282 gpu_s=50.5
[r1_gen  10.3m] 89/1282 s2 t2-nb090-power-1443      valid=True think=4/word rtok=2 gpu_s=14.9
[r1_gen  10.4m] 90/1282 s2 t2-nb158-gain-1423       valid=True think=4/word rtok=2 gpu_s=12.7
[r1_gen  10.5m] 91/1282 s2 t2-wb0824-noise-1415     valid=True think=208/word rtok=205 gpu_s=44.4
[r1_gen  10.7m] 92/1282 s2 t2-wb0824-power-1478     valid=True think=4/word rtok=2 gpu_s=15.7
[r1_gen  10.8m] 93/1282 s1 t2-wb0530-gain-1176      valid=True think=4/word rtok=2 gpu_s=14.1
[r1_gen  10.9m] 94/1282 s1 t2-nb158-gain-1423       valid=True think=243/word rtok=240 gpu_s=42.7
[r1_gen  11.0m] 95/1282 s2 t2-wb0530-gain-1176      valid=True think=4/word rtok=2 gpu_s=15.2
[r1_gen  11.1m] 96/1282 s1 t2-wb0824-power-1478     valid=True think=217/word rtok=214 gpu_s=45.1
[r1_gen  11.3m] 97/1282 s2 t2-nb240-power-1359      valid=True think=4/word rtok=2 gpu_s=14.1
[r1_gen  11.5m] 98/1282 s1 t2-nb350-gain-1331       valid=True think=261/word rtok=258 gpu_s=42.4
[r1_gen  11.6m] 99/1282 s1 t2-nb240-power-1359      valid=True think=234/word rtok=231 gpu_s=35.4
[r1_gen  11.7m] 100/1282 s2 t2-nb350-gain-1331       valid=True think=338/word rtok=335 gpu_s=48.1
[r1_gen  11.8m] 101/1282 s1 t2-nb240-power-0418      valid=True think=4/word rtok=2 gpu_s=12.8
[r1_gen  11.9m] 102/1282 s2 t2-nb240-power-0418      valid=True think=5/word rtok=3 gpu_s=12.7
[r1_gen  12.0m] 103/1282 s1 t2-wb0530-gain-1500      valid=True think=227/word rtok=224 gpu_s=42.4
[r1_gen  12.2m] 104/1282 s2 t2-wb0530-gain-1500      valid=True think=228/word rtok=225 gpu_s=43.6
[r1_gen  12.5m] 105/1282 s1 t2-wb0530-gain-0103      valid=True think=235/word rtok=232 gpu_s=39.5
[r1_gen  12.6m] 106/1282 s2 t2-wb0530-gain-0103      valid=True think=249/word rtok=246 gpu_s=38.3
[r1_gen  12.7m] 107/1282 s1 t2-nb350-gain-1491       valid=True think=288/word rtok=285 gpu_s=40.2
[r1_gen  12.8m] 108/1282 s1 t2-wb0530-gain-1277      valid=True think=4/word rtok=2 gpu_s=17.8
[r1_gen  12.9m] 109/1282 s2 t2-nb350-gain-1491       valid=True think=277/word rtok=274 gpu_s=41.4
[r1_gen  13.0m] 110/1282 s1 t2-nb240-power-1101      valid=True think=4/word rtok=2 gpu_s=15.1
[r1_gen  13.1m] 111/1282 s1 t2-nb350-gain-1242       valid=True think=4/word rtok=2 gpu_s=12.8
[r1_gen  13.2m] 112/1282 s2 t2-nb350-gain-1242       valid=True think=4/word rtok=2 gpu_s=12.8
[r1_gen  13.2m] 113/1282 s2 t2-wb0530-gain-1277      valid=True think=170/word rtok=169 gpu_s=40.6
[r1_gen  13.4m] 114/1282 s2 t2-nb240-noise-1095      valid=True think=4/word rtok=2 gpu_s=12.6
[r1_gen  13.5m] 115/1282 s2 t2-nb240-power-1101      valid=True think=253/word rtok=250 gpu_s=43.2
[r1_gen  13.7m] 116/1282 s2 t2-nb158-gain-0016       valid=True think=4/word rtok=2 gpu_s=16.2
[r1_gen  13.8m] 117/1282 s1 t2-nb158-gain-0016       valid=True think=214/word rtok=211 gpu_s=33.5
[r1_gen  14.0m] 118/1282 s2 t2-nb240-noise-0116      valid=True think=4/word rtok=2 gpu_s=15.3
[r1_gen  14.0m] 119/1282 s1 t2-nb240-noise-1095      valid=True think=283/word rtok=280 gpu_s=50.4
[r1_gen  14.1m] 120/1282 s1 t2-nb240-noise-0116      valid=True think=250/word rtok=247 gpu_s=38.5
[r1_gen  14.3m] 121/1282 s2 t2-nb240-power-1188      valid=True think=4/word rtok=2 gpu_s=18.4
[r1_gen  14.4m] 122/1282 s1 t2-wb0824-power-0157     valid=True think=4/word rtok=2 gpu_s=9.7
[r1_gen  14.5m] 123/1282 s1 t2-nb240-power-1188      valid=True think=262/word rtok=259 gpu_s=38.9
[r1_gen  14.7m] 124/1282 s2 t2-wb0824-power-0157     valid=True think=4/word rtok=2 gpu_s=13.9
[r1_gen  14.8m] 125/1282 s1 t2-wb0824-noise-0268     valid=True think=270/word rtok=267 gpu_s=46.8
[r1_gen  14.9m] 126/1282 s2 t2-wb0824-noise-0268     valid=True think=279/word rtok=276 gpu_s=44.8
[r1_gen  15.1m] 127/1282 s1 t2-nb350-gain-1404       valid=True think=4/word rtok=2 gpu_s=17.0
[r1_gen  15.2m] 128/1282 s1 t2-nb090-power-0324      valid=True think=240/word rtok=237 gpu_s=40.7
[r1_gen  15.2m] 129/1282 s2 t2-nb350-gain-1404       valid=True think=4/word rtok=2 gpu_s=19.7
[r1_gen  15.3m] 130/1282 s1 t2-nb158-gain-1436       valid=True think=4/word rtok=2 gpu_s=14.7
[r1_gen  15.4m] 131/1282 s2 t2-nb090-power-0324      valid=True think=228/word rtok=225 gpu_s=43.6
[r1_gen  15.5m] 132/1282 s1 t2-nb350-gain-1064       valid=True think=4/word rtok=2 gpu_s=17.5
[r1_gen  15.6m] 133/1282 s2 t2-nb350-gain-1064       valid=True think=19/word rtok=18 gpu_s=18.8
[r1_gen  15.7m] 134/1282 s1 t2-wb0530-gain-1378      valid=True think=4/word rtok=2 gpu_s=17.9
[r1_gen  15.9m] 135/1282 s2 t2-nb158-gain-1436       valid=True think=217/word rtok=214 gpu_s=42.4
[r1_gen  15.9m] 136/1282 s2 t2-nb350-gain-1119       valid=True think=4/word rtok=2 gpu_s=12.5
[r1_gen  16.2m] 137/1282 s2 t2-wb0530-gain-1378      valid=True think=170/word rtok=167 gpu_s=35.8
[r1_gen  16.2m] 138/1282 s1 t2-nb158-gain-1148       valid=True think=12/word rtok=11 gpu_s=19.1
[r1_gen  16.3m] 139/1282 s1 t2-nb350-gain-1119       valid=True think=228/word rtok=225 gpu_s=38.7
[r1_gen  16.4m] 140/1282 s1 t2-wb0530-gain-1243      valid=True think=4/word rtok=2 gpu_s=15.7
[r1_gen  16.6m] 141/1282 s2 t2-nb158-gain-1148       valid=True think=199/word rtok=198 gpu_s=38.2
[r1_gen  16.6m] 142/1282 s2 t2-nb240-noise-1047      valid=True think=4/word rtok=2 gpu_s=12.8
[r1_gen  16.7m] 143/1282 s2 t2-wb0530-gain-1243      valid=True think=117/word rtok=116 gpu_s=29.0
[r1_gen  16.9m] 144/1282 s2 t2-nb240-noise-1114      valid=True think=4/word rtok=2 gpu_s=12.8
[r1_gen  17.1m] 145/1282 s1 t2-nb240-noise-1047      valid=True think=268/word rtok=265 gpu_s=44.9
[r1_gen  17.1m] 146/1282 s2 t2-wb0530-gain-1122      valid=True think=14/word rtok=13 gpu_s=16.5
[r1_gen  17.2m] 147/1282 s1 t2-nb240-noise-1114      valid=True think=188/word rtok=185 gpu_s=38.5
[r1_gen  17.5m] 148/1282 s1 t2-wb0530-gain-1122      valid=True think=273/word rtok=270 gpu_s=44.9
[r1_gen  17.6m] 149/1282 s2 t2-nb240-noise-1399      valid=True think=4/word rtok=2 gpu_s=10.7
[r1_gen  17.8m] 150/1282 s1 t2-nb240-noise-1399      valid=True think=246/word rtok=243 gpu_s=34.5
[r1_gen  17.9m] 151/1282 s2 t2-nb350-gain-0231       valid=True think=266/word rtok=263 gpu_s=44.7
[r1_gen  17.9m] 152/1282 s1 t2-wb0530-gain-1332      valid=True think=4/word rtok=2 gpu_s=17.7
[r1_gen  18.0m] 153/1282 s1 t2-nb350-gain-0231       valid=True think=374/word rtok=373 gpu_s=55.5
[r1_gen  18.2m] 154/1282 s2 t2-wb0530-gain-1332      valid=True think=5/word rtok=3 gpu_s=21.1
[r1_gen  18.2m] 155/1282 s1 t2-wb0824-noise-1299     valid=True think=4/word rtok=2 gpu_s=19.7
[r1_gen  18.4m] 156/1282 s1 t2-nb350-gain-1152       valid=True think=4/word rtok=2 gpu_s=10.6
[r1_gen  18.6m] 157/1282 s2 t2-wb0824-noise-1299     valid=True think=229/word rtok=226 gpu_s=39.0
[r1_gen  18.7m] 158/1282 s1 t2-nb240-power-0414      valid=True think=278/word rtok=275 gpu_s=39.4
[r1_gen  18.7m] 159/1282 s2 t2-nb240-power-0414      valid=True think=205/word rtok=202 gpu_s=33.5
[r1_gen  18.9m] 160/1282 s2 t2-nb158-gain-1075       valid=True think=4/word rtok=2 gpu_s=12.7
[r1_gen  19.0m] 161/1282 s2 t2-nb350-gain-1152       valid=True think=238/word rtok=235 gpu_s=36.6
[r1_gen  19.2m] 162/1282 s1 t2-nb158-gain-1075       valid=True think=220/word rtok=217 gpu_s=36.9
[r1_gen  19.4m] 163/1282 s1 t2-wb0824-noise-1070     valid=True think=207/word rtok=204 gpu_s=38.5
[r1_gen  19.5m] 164/1282 s2 t2-wb0824-noise-1070     valid=True think=221/word rtok=218 gpu_s=38.5
[r1_gen  19.6m] 165/1282 s1 t2-nb240-noise-0404      valid=True think=4/word rtok=2 gpu_s=12.7
[r1_gen  19.7m] 166/1282 s1 t2-nb240-power-1253      valid=True think=270/word rtok=267 gpu_s=40.9
[r1_gen  19.8m] 167/1282 s2 t2-nb240-noise-0404      valid=True think=4/word rtok=2 gpu_s=14.9
[r1_gen  19.9m] 168/1282 s1 t2-nb240-power-1345      valid=True think=4/word rtok=2 gpu_s=14.6
[r1_gen  20.0m] 169/1282 s2 t2-nb240-power-1253      valid=True think=266/word rtok=263 gpu_s=44.4
[r1_gen  20.1m] 170/1282 s2 t2-nb240-power-1345      valid=True think=101/word rtok=100 gpu_s=24.4
[r1_gen  20.3m] 171/1282 s1 t2-nb158-gain-0093       valid=True think=4/word rtok=2 gpu_s=16.2
[r1_gen  20.4m] 172/1282 s2 t2-nb158-gain-0093       valid=True think=4/word rtok=2 gpu_s=15.7
[r1_gen  20.5m] 173/1282 s1 t2-nb240-power-1017      valid=True think=4/word rtok=2 gpu_s=12.7
[r1_gen  20.6m] 174/1282 s1 t2-wb0824-power-1211     valid=True think=231/word rtok=228 gpu_s=46.0
[r1_gen  20.6m] 175/1282 s2 t2-wb0824-power-1211     valid=True think=4/word rtok=2 gpu_s=46.0
[r1_gen  20.7m] 176/1282 s1 t2-nb240-power-1186      valid=True think=4/word rtok=2 gpu_s=14.9
[r1_gen  20.8m] 177/1282 s2 t2-nb240-power-1186      valid=True think=31/word rtok=30 gpu_s=17.0
[r1_gen  21.0m] 178/1282 s2 t2-nb240-power-1017      valid=True think=181/word rtok=178 gpu_s=37.5
[r1_gen  21.3m] 179/1282 s2 t2-wb0824-noise-1037     valid=True think=4/word rtok=2 gpu_s=14.4
[r1_gen  21.3m] 180/1282 s2 t2-nb350-gain-1349       valid=True think=243/word rtok=240 gpu_s=36.4
[r1_gen  21.4m] 181/1282 s1 t2-nb350-gain-1349       valid=True think=293/word rtok=290 gpu_s=44.8
[r1_gen  21.5m] 182/1282 s1 t2-wb0824-noise-1037     valid=True think=200/word rtok=197 gpu_s=40.5
[r1_gen  21.6m] 183/1282 s1 t2-nb158-gain-0401       valid=True think=4/word rtok=2 gpu_s=16.9
[r1_gen  21.6m] 184/1282 s2 t2-nb158-gain-0401       valid=True think=4/word rtok=2 gpu_s=16.4
[r1_gen  21.7m] 185/1282 s1 t2-nb158-gain-0113       valid=True think=4/word rtok=2 gpu_s=19.7
[r1_gen  21.9m] 186/1282 s2 t2-nb158-gain-0113       valid=True think=4/word rtok=2 gpu_s=20.8
[r1_gen  21.9m] 187/1282 s2 t2-wb0530-gain-1227      valid=True think=4/word rtok=2 gpu_s=17.7
[r1_gen  22.0m] 188/1282 s1 t2-nb090-power-1041      valid=True think=4/word rtok=2 gpu_s=14.9
[r1_gen  22.0m] 189/1282 s1 t2-wb0530-gain-1227      valid=True think=4/word rtok=2 gpu_s=26.2
[r1_gen  22.2m] 190/1282 s2 t2-nb090-power-1041      valid=True think=4/word rtok=2 gpu_s=16.9
[r1_gen  22.2m] 191/1282 s1 t2-nb240-noise-1016      valid=True think=5/word rtok=3 gpu_s=16.7
[r1_gen  22.3m] 192/1282 s2 t2-nb240-noise-1016      valid=True think=4/word rtok=2 gpu_s=16.8
[r1_gen  22.7m] 193/1282 s1 t2-nb240-noise-1077      valid=True think=259/word rtok=256 gpu_s=40.6
[r1_gen  22.8m] 194/1282 s2 t2-nb240-noise-1077      valid=True think=252/word rtok=249 gpu_s=37.3
[r1_gen  22.9m] 195/1282 s1 t2-wb0530-gain-1084      valid=True think=259/word rtok=256 gpu_s=42.1
[r1_gen  23.0m] 196/1282 s2 t2-wb0530-gain-1084      valid=True think=281/word rtok=278 gpu_s=44.3
[r1_gen  23.4m] 197/1282 s2 t2-wb0530-gain-1035      valid=True think=176/word rtok=173 gpu_s=32.2
[r1_gen  23.6m] 198/1282 s1 t2-wb0530-gain-1275      valid=True think=236/word rtok=233 gpu_s=37.0
[r1_gen  23.6m] 199/1282 s1 t2-nb090-power-1435      valid=True think=4/word rtok=2 gpu_s=14.6
[r1_gen  23.7m] 200/1282 s1 t2-wb0530-gain-1035      valid=True think=354/word rtok=351 gpu_s=56.4
[r1_gen  23.7m] 201/1282 s2 t2-wb0530-gain-1275      valid=True think=216/word rtok=213 gpu_s=41.4
[r1_gen  23.9m] 202/1282 s2 t2-nb090-power-1435      valid=True think=4/word rtok=2 gpu_s=17.6
[r1_gen  23.9m] 203/1282 s2 t2-nb240-noise-1358      valid=True think=3/word rtok=1 gpu_s=14.2
[r1_gen  24.0m] 204/1282 s1 t2-nb240-noise-0115      valid=True think=4/word rtok=2 gpu_s=14.8
[r1_gen  24.1m] 205/1282 s2 t2-nb240-noise-0115      valid=True think=4/word rtok=2 gpu_s=14.6
[r1_gen  24.2m] 206/1282 s1 t2-nb240-noise-1149      valid=True think=4/word rtok=2 gpu_s=14.8
[r1_gen  24.2m] 207/1282 s2 t2-nb240-noise-1149      valid=True think=4/word rtok=2 gpu_s=14.8
[r1_gen  24.4m] 208/1282 s1 t2-wb0824-power-0202     valid=True think=4/word rtok=2 gpu_s=18.0
[r1_gen  24.4m] 209/1282 s2 t2-wb0824-power-0202     valid=True think=4/word rtok=2 gpu_s=15.2
[r1_gen  24.5m] 210/1282 s1 t2-nb240-noise-1358      valid=True think=268/word rtok=265 gpu_s=55.5
[r1_gen  24.7m] 211/1282 s2 t2-wb0824-power-1480     valid=True think=4/word rtok=2 gpu_s=15.6
[r1_gen  24.8m] 212/1282 s2 t2-wb0824-noise-1408     valid=True think=4/word rtok=2 gpu_s=16.3
[r1_gen  25.0m] 213/1282 s1 t2-wb0824-power-1480     valid=True think=307/word rtok=304 gpu_s=47.0
[r1_gen  25.2m] 214/1282 s1 t2-wb0824-noise-1408     valid=True think=283/word rtok=280 gpu_s=48.5
[r1_gen  25.3m] 215/1282 s1 t2-wb0824-noise-1010     valid=True think=216/word rtok=213 gpu_s=37.9
[r1_gen  25.5m] 216/1282 s2 t2-nb090-power-1233      valid=True think=4/word rtok=2 gpu_s=12.7
[r1_gen  25.7m] 217/1282 s1 t2-nb090-power-1233      valid=True think=233/word rtok=230 gpu_s=38.6
[r1_gen  26.0m] 218/1282 s1 t2-nb158-gain-1286       valid=True think=258/word rtok=255 gpu_s=38.3
[r1_gen  26.0m] 219/1282 s2 t2-wb0824-noise-1010     valid=True think=544/word rtok=543 gpu_s=71.9
[r1_gen  26.1m] 220/1282 s2 t2-nb158-gain-1286       valid=True think=244/word rtok=241 gpu_s=37.3
[r1_gen  26.3m] 221/1282 s2 t2-nb240-noise-1029      valid=True think=120/eos rtok=119 gpu_s=16.3
[r1_gen  26.3m] 222/1282 s2 t2-nb158-gain-1305       valid=True think=4/word rtok=2 gpu_s=13.0
[r1_gen  26.4m] 223/1282 s1 t2-nb240-noise-1029      valid=True think=238/word rtok=235 gpu_s=40.9
[r1_gen  26.4m] 224/1282 s1 t2-nb158-gain-1305       valid=True think=28/word rtok=27 gpu_s=19.0
[r1_gen  26.6m] 225/1282 s2 t2-nb240-power-0169      valid=True think=4/word rtok=2 gpu_s=15.1
[r1_gen  26.6m] 226/1282 s1 t2-nb240-power-0169      valid=True think=4/word rtok=2 gpu_s=15.2
[r1_gen  26.9m] 227/1282 s2 t2-nb090-power-1267      valid=True think=4/word rtok=2 gpu_s=12.6
[r1_gen  27.0m] 228/1282 s2 t2-nb240-noise-1003      valid=True think=241/word rtok=238 gpu_s=40.7
[r1_gen  27.1m] 229/1282 s1 t2-nb240-noise-1003      valid=True think=258/word rtok=255 gpu_s=50.0
[r1_gen  27.2m] 230/1282 s1 t2-wb0824-noise-1474     valid=True think=4/word rtok=2 gpu_s=17.9
[r1_gen  27.3m] 231/1282 s2 t2-wb0824-noise-1474     valid=True think=4/word rtok=2 gpu_s=18.9
[r1_gen  27.4m] 232/1282 s2 t2-nb158-gain-1076       valid=True think=4/word rtok=2 gpu_s=12.6
[r1_gen  27.6m] 233/1282 s1 t2-nb090-power-1267      valid=True think=362/word rtok=359 gpu_s=54.4
[r1_gen  27.8m] 234/1282 s1 t2-nb158-gain-1076       valid=True think=289/word rtok=286 gpu_s=42.3
[r1_gen  27.9m] 235/1282 s2 t2-nb350-gain-1006       valid=True think=212/word rtok=209 gpu_s=31.8
[r1_gen  28.0m] 236/1282 s1 t2-nb350-gain-1006       valid=True think=230/word rtok=227 gpu_s=41.0
[r1_gen  28.2m] 237/1282 s1 t2-wb0824-power-0238     valid=True think=4/word rtok=2 gpu_s=14.0
[r1_gen  28.2m] 238/1282 s1 t2-nb240-power-1222      valid=True think=227/word rtok=224 gpu_s=39.7
[r1_gen  28.3m] 239/1282 s2 t2-wb0824-power-0238     valid=True think=4/word rtok=2 gpu_s=16.1
[r1_gen  28.4m] 240/1282 s1 t2-nb158-gain-1181       valid=True think=4/word rtok=2 gpu_s=14.8
[r1_gen  28.5m] 241/1282 s2 t2-nb158-gain-1181       valid=True think=4/word rtok=2 gpu_s=14.7
[r1_gen  28.6m] 242/1282 s2 t2-nb240-power-1222      valid=True think=238/word rtok=235 gpu_s=44.2
[r1_gen  28.7m] 243/1282 s1 t2-wb0530-gain-1053      valid=True think=4/word rtok=2 gpu_s=15.7
[r1_gen  29.0m] 244/1282 s1 t2-wb0824-power-1302     valid=True think=4/word rtok=2 gpu_s=14.3
[r1_gen  29.0m] 245/1282 s1 t2-nb090-power-1481      valid=True think=274/word rtok=271 gpu_s=44.1
[r1_gen  29.1m] 246/1282 s2 t2-nb090-power-1481      valid=True think=238/word rtok=235 gpu_s=40.9
[r1_gen  29.2m] 247/1282 s2 t2-wb0530-gain-1053      valid=True think=250/word rtok=247 gpu_s=40.3
[r1_gen  29.3m] 248/1282 s1 t2-nb090-power-1503      valid=True think=4/word rtok=2 gpu_s=14.7
[r1_gen  29.5m] 249/1282 s2 t2-nb158-gain-1304       valid=True think=4/word rtok=2 gpu_s=12.8
[r1_gen  29.7m] 250/1282 s2 t2-wb0824-power-1302     valid=True think=251/word rtok=248 gpu_s=43.1
[r1_gen  29.8m] 251/1282 s1 t2-wb0824-power-0000     valid=True think=4/word rtok=2 gpu_s=14.3
[r1_gen  29.8m] 252/1282 s2 t2-nb090-power-1503      valid=True think=253/word rtok=250 gpu_s=43.0
[r1_gen  30.0m] 253/1282 s1 t2-nb240-noise-1410      valid=True think=4/word rtok=2 gpu_s=12.7
[r1_gen  30.0m] 254/1282 s1 t2-nb158-gain-1304       valid=True think=270/word rtok=267 gpu_s=46.3
[r1_gen  30.1m] 255/1282 s2 t2-nb240-noise-1410      valid=True think=4/word rtok=2 gpu_s=14.7
[r1_gen  30.3m] 256/1282 s1 t2-nb158-gain-1043       valid=True think=4/word rtok=2 gpu_s=10.6
[r1_gen  30.3m] 257/1282 s2 t2-wb0824-power-1022     valid=True think=13/word rtok=12 gpu_s=16.5
[r1_gen  30.4m] 258/1282 s2 t2-nb158-gain-1043       valid=True think=5/word rtok=3 gpu_s=10.7
[r1_gen  30.5m] 259/1282 s1 t2-wb0824-power-1024     valid=True think=4/word rtok=2 gpu_s=13.1
[r1_gen  30.6m] 260/1282 s2 t2-wb0824-power-0000     valid=True think=289/word rtok=286 gpu_s=53.0
[r1_gen  30.7m] 261/1282 s1 t2-wb0824-power-1022     valid=True think=197/word rtok=194 gpu_s=42.6
[r1_gen  30.8m] 262/1282 s2 t2-wb0824-power-1024     valid=True think=4/word rtok=2 gpu_s=18.2
[r1_gen  30.8m] 263/1282 s1 t2-nb158-gain-1113       valid=True think=4/word rtok=2 gpu_s=16.7
[r1_gen  30.9m] 264/1282 s2 t2-nb158-gain-1113       valid=True think=4/word rtok=2 gpu_s=16.6
[r1_gen  31.0m] 265/1282 s1 t2-wb0530-gain-1052      valid=True think=4/word rtok=2 gpu_s=20.1
[r1_gen  31.3m] 266/1282 s1 t2-wb0824-power-1265     valid=True think=152/word rtok=151 gpu_s=30.3
[r1_gen  31.4m] 267/1282 s2 t2-wb0530-gain-1052      valid=True think=196/word rtok=193 gpu_s=37.9
[r1_gen  31.6m] 268/1282 s2 t2-wb0824-power-1265     valid=True think=220/word rtok=217 gpu_s=40.0
[r1_gen  31.7m] 269/1282 s1 t2-nb240-noise-0018      valid=True think=271/word rtok=268 gpu_s=38.7
[r1_gen  31.8m] 270/1282 s2 t2-nb090-power-1356      valid=True think=4/word rtok=2 gpu_s=12.7
[r1_gen  32.0m] 271/1282 s1 t2-nb090-power-1356      valid=True think=201/word rtok=200 gpu_s=33.0
[r1_gen  32.0m] 272/1282 s1 t2-wb0530-gain-1258      valid=True think=4/word rtok=2 gpu_s=18.6
[r1_gen  32.1m] 273/1282 s2 t2-wb0530-gain-1258      valid=True think=4/word rtok=2 gpu_s=18.5
[r1_gen  32.2m] 274/1282 s2 t2-nb240-noise-0018      valid=True think=312/word rtok=309 gpu_s=51.4
[r1_gen  32.2m] 275/1282 s1 t2-nb090-power-1460      valid=True think=4/word rtok=2 gpu_s=17.0
[r1_gen  32.3m] 276/1282 s2 t2-nb090-power-1460      valid=True think=4/word rtok=2 gpu_s=17.1
[r1_gen  32.4m] 277/1282 s1 t2-nb240-noise-1251      valid=True think=4/word rtok=2 gpu_s=16.7
[r1_gen  32.5m] 278/1282 s2 t2-nb240-noise-1251      valid=True think=4/word rtok=2 gpu_s=16.6
[r1_gen  32.9m] 279/1282 s2 t2-wb0824-noise-1263     valid=True think=221/word rtok=218 gpu_s=36.0
[r1_gen  32.9m] 280/1282 s1 t2-nb090-power-1340      valid=True think=233/word rtok=230 gpu_s=33.3
[r1_gen  33.0m] 281/1282 s1 t2-wb0824-noise-1263     valid=True think=257/word rtok=254 gpu_s=45.8
[r1_gen  33.2m] 282/1282 s2 t2-nb350-gain-1294       valid=True think=4/word rtok=2 gpu_s=12.8
[r1_gen  33.2m] 283/1282 s2 t2-nb090-power-1340      valid=True think=307/word rtok=304 gpu_s=43.9
[r1_gen  33.4m] 284/1282 s2 t2-nb240-power-0227      valid=True think=4/word rtok=2 gpu_s=15.3
[r1_gen  33.5m] 285/1282 s1 t2-nb240-noise-0368      valid=True think=4/word rtok=2 gpu_s=16.3
[r1_gen  33.6m] 286/1282 s2 t2-nb240-noise-0368      valid=True think=13/word rtok=12 gpu_s=9.6
[r1_gen  33.7m] 287/1282 s1 t2-nb350-gain-1294       valid=True think=242/word rtok=239 gpu_s=46.9
[r1_gen  33.8m] 288/1282 s1 t2-wb0824-noise-1335     valid=True think=4/word rtok=2 gpu_s=17.6
[r1_gen  33.9m] 289/1282 s1 t2-nb240-power-0227      valid=True think=4/word rtok=2 gpu_s=52.4
[r1_gen  34.0m] 290/1282 s2 t2-nb158-gain-1483       valid=True think=4/word rtok=2 gpu_s=12.4
[r1_gen  34.4m] 291/1282 s2 t2-wb0824-noise-1335     valid=True think=288/word rtok=285 gpu_s=46.1
[r1_gen  34.4m] 292/1282 s1 t2-nb158-gain-1483       valid=True think=282/word rtok=279 gpu_s=43.9
[r1_gen  34.5m] 293/1282 s2 t2-nb240-power-1401      valid=True think=168/word rtok=165 gpu_s=28.0
[r1_gen  34.7m] 294/1282 s1 t2-nb090-power-1000      valid=True think=4/word rtok=2 gpu_s=10.6
[r1_gen  34.7m] 295/1282 s2 t2-wb0530-gain-1156      valid=True think=4/word rtok=2 gpu_s=16.1
[r1_gen  34.8m] 296/1282 s1 t2-nb240-power-1401      valid=True think=358/word rtok=355 gpu_s=53.9
[r1_gen  34.9m] 297/1282 s1 t2-wb0530-gain-1156      valid=True think=83/word rtok=82 gpu_s=28.6
[r1_gen  35.0m] 298/1282 s1 t2-nb090-power-1451      valid=True think=4/word rtok=2 gpu_s=10.5
[r1_gen  35.1m] 299/1282 s2 t2-wb0824-noise-0236     valid=True think=4/word rtok=2 gpu_s=15.7
[r1_gen  35.2m] 300/1282 s1 t2-wb0824-power-1282     valid=True think=4/word rtok=2 gpu_s=9.7
[r1_gen  35.4m] 301/1282 s2 t2-nb090-power-1000      valid=True think=314/word rtok=311 gpu_s=42.4
[r1_gen  35.4m] 302/1282 s1 t2-wb0824-noise-0236     valid=True think=240/word rtok=237 gpu_s=42.0
[r1_gen  35.5m] 303/1282 s2 t2-nb090-power-1451      valid=True think=141/word rtok=140 gpu_s=26.2
[r1_gen  35.6m] 304/1282 s2 t2-nb090-power-1285      valid=True think=4/word rtok=2 gpu_s=12.7
[r1_gen  35.8m] 305/1282 s2 t2-nb240-noise-0342      valid=True think=4/word rtok=2 gpu_s=10.6
[r1_gen  35.9m] 306/1282 s2 t2-wb0824-power-1282     valid=False think=122/word rtok=121 gpu_s=39.9
[r1_gen  36.0m] 307/1282 s1 t2-nb090-power-1285      valid=True think=218/word rtok=215 gpu_s=38.8
[r1_gen  36.1m] 308/1282 s2 t2-nb350-gain-1033       valid=True think=4/word rtok=2 gpu_s=12.9
[r1_gen  36.3m] 309/1282 s1 t2-nb240-noise-0342      valid=True think=260/word rtok=257 gpu_s=46.0
[r1_gen  36.4m] 310/1282 s2 t2-nb240-noise-1129      valid=True think=4/word rtok=2 gpu_s=12.7
[r1_gen  36.5m] 311/1282 s1 t2-nb350-gain-1033       valid=True think=4/word rtok=2 gpu_s=41.1
[r1_gen  36.7m] 312/1282 s1 t2-nb090-power-1447      valid=True think=4/word rtok=2 gpu_s=10.5
[r1_gen  36.9m] 313/1282 s2 t2-nb090-power-1447      valid=True think=4/word rtok=2 gpu_s=8.8
[r1_gen  36.9m] 314/1282 s1 t2-nb240-noise-1129      valid=True think=380/word rtok=377 gpu_s=52.1
[r1_gen  37.0m] 315/1282 s2 t2-nb240-power-1238      valid=True think=223/word rtok=220 gpu_s=37.6
[r1_gen  37.1m] 316/1282 s1 t2-nb240-power-1238      valid=True think=285/word rtok=282 gpu_s=47.6
[r1_gen  37.2m] 317/1282 s1 t2-wb0824-noise-1105     valid=True think=4/word rtok=2 gpu_s=19.8
[r1_gen  37.3m] 318/1282 s1 t2-nb350-gain-1255       valid=True think=4/word rtok=2 gpu_s=17.3
[r1_gen  37.5m] 319/1282 s1 t2-wb0824-noise-0061     valid=True think=4/word rtok=2 gpu_s=16.8
[r1_gen  37.5m] 320/1282 s2 t2-wb0824-noise-0061     valid=True think=4/word rtok=2 gpu_s=14.1
[r1_gen  37.7m] 321/1282 s2 t2-wb0824-noise-1105     valid=True think=241/word rtok=238 gpu_s=45.5
[r1_gen  37.9m] 322/1282 s2 t2-nb350-gain-1255       valid=True think=330/word rtok=327 gpu_s=46.9
[r1_gen  38.1m] 323/1282 s2 t2-nb090-power-1442      valid=True think=240/word rtok=237 gpu_s=35.8
[r1_gen  38.2m] 324/1282 s2 t2-wb0530-gain-1244      valid=True think=53/word rtok=52 gpu_s=19.6
[r1_gen  38.3m] 325/1282 s1 t2-wb0530-gain-1244      valid=True think=206/word rtok=205 gpu_s=37.6
[r1_gen  38.4m] 326/1282 s1 t2-nb090-power-1442      valid=True think=350/word rtok=347 gpu_s=54.0
[r1_gen  38.4m] 327/1282 s1 t2-wb0530-gain-0233      valid=True think=59/word rtok=58 gpu_s=18.2
[r1_gen  38.6m] 328/1282 s1 t2-nb350-gain-1414       valid=True think=4/word rtok=2 gpu_s=14.8
[r1_gen  38.7m] 329/1282 s2 t2-nb240-noise-1467      valid=True think=4/word rtok=2 gpu_s=10.7
[r1_gen  38.9m] 330/1282 s2 t2-wb0530-gain-0233      valid=True think=270/word rtok=267 gpu_s=42.1
[r1_gen  39.2m] 331/1282 s2 t2-nb350-gain-1414       valid=True think=327/word rtok=324 gpu_s=45.6
[r1_gen  39.3m] 332/1282 s1 t2-nb240-noise-1467      valid=True think=376/word rtok=373 gpu_s=51.7
[r1_gen  39.4m] 333/1282 s1 t2-nb350-gain-0361       valid=True think=244/word rtok=241 gpu_s=36.8
[r1_gen  39.4m] 334/1282 s1 t2-nb240-noise-1485      valid=True think=5/word rtok=3 gpu_s=15.1
[r1_gen  39.6m] 335/1282 s2 t2-nb240-noise-1485      valid=True think=4/word rtok=2 gpu_s=14.8
[r1_gen  39.7m] 336/1282 s2 t2-nb350-gain-0361       valid=True think=295/word rtok=292 gpu_s=45.7
[r1_gen  39.8m] 337/1282 s1 t2-wb0824-noise-1089     valid=True think=4/word rtok=2 gpu_s=15.7
[r1_gen  40.1m] 338/1282 s1 t2-nb240-noise-1468      valid=True think=233/word rtok=230 gpu_s=40.6
[r1_gen  40.2m] 339/1282 s2 t2-nb240-noise-1468      valid=True think=272/word rtok=269 gpu_s=45.3
[r1_gen  40.3m] 340/1282 s2 t2-wb0824-noise-1089     valid=True think=4/word rtok=2 gpu_s=36.9
[r1_gen  40.4m] 341/1282 s1 t2-nb090-power-0002      valid=True think=4/word rtok=2 gpu_s=11.6
[r1_gen  40.5m] 342/1282 s1 t2-wb0824-power-0156     valid=True think=194/word rtok=191 gpu_s=39.2
[r1_gen  40.6m] 343/1282 s1 t2-nb090-power-1040      valid=True think=4/word rtok=2 gpu_s=12.7
[r1_gen  40.7m] 344/1282 s2 t2-nb090-power-1040      valid=True think=4/word rtok=2 gpu_s=12.7
[r1_gen  40.8m] 345/1282 s2 t2-wb0824-power-0156     valid=True think=229/word rtok=226 gpu_s=45.3
[r1_gen  40.9m] 346/1282 s2 t2-nb090-power-0002      valid=True think=220/word rtok=217 gpu_s=38.2
[r1_gen  41.0m] 347/1282 s1 t2-nb090-power-1482      valid=True think=4/word rtok=2 gpu_s=12.7
[r1_gen  41.2m] 348/1282 s2 t2-nb090-power-1482      valid=True think=4/word rtok=2 gpu_s=12.5
[r1_gen  41.3m] 349/1282 s1 t2-wb0824-power-0139     valid=True think=4/word rtok=2 gpu_s=16.3
[r1_gen  41.4m] 350/1282 s2 t2-wb0824-power-0139     valid=True think=11/word rtok=10 gpu_s=16.2
[r1_gen  41.5m] 351/1282 s2 t2-wb0530-gain-0217      valid=True think=221/word rtok=220 gpu_s=44.5
[r1_gen  41.6m] 352/1282 s1 t2-wb0530-gain-0217      valid=True think=345/word rtok=342 gpu_s=59.7
[r1_gen  41.8m] 353/1282 s1 t2-wb0824-power-1497     valid=True think=4/word rtok=2 gpu_s=16.4
[r1_gen  41.9m] 354/1282 s2 t2-wb0824-power-1497     valid=True think=12/word rtok=11 gpu_s=16.1
[r1_gen  42.1m] 355/1282 s1 t2-wb0824-noise-1229     valid=True think=239/word rtok=236 gpu_s=43.7
[r1_gen  42.2m] 356/1282 s2 t2-wb0824-noise-1229     valid=True think=254/word rtok=251 gpu_s=44.7
[r1_gen  42.3m] 357/1282 s1 t2-wb0824-noise-1246     valid=True think=173/word rtok=170 gpu_s=33.7
[r1_gen  42.4m] 358/1282 s2 t2-nb240-power-0359      valid=True think=4/word rtok=2 gpu_s=11.8
[r1_gen  42.6m] 359/1282 s2 t2-wb0824-noise-1246     valid=True think=241/word rtok=238 gpu_s=42.4
[r1_gen  42.7m] 360/1282 s2 t2-wb0824-noise-1054     valid=True think=4/word rtok=2 gpu_s=15.7
[r1_gen  42.7m] 361/1282 s1 t2-nb240-power-0359      valid=True think=236/word rtok=233 gpu_s=39.8
[r1_gen  42.8m] 362/1282 s1 t2-nb240-noise-1323      valid=True think=4/word rtok=2 gpu_s=14.7
[r1_gen  43.0m] 363/1282 s2 t2-nb240-noise-1323      valid=True think=41/word rtok=40 gpu_s=17.4
[r1_gen  43.1m] 364/1282 s2 t2-wb0824-power-1038     valid=True think=4/word rtok=2 gpu_s=14.5
[r1_gen  43.3m] 365/1282 s1 t2-wb0824-power-1090     valid=True think=13/word rtok=11 gpu_s=17.0
[r1_gen  43.3m] 366/1282 s1 t2-wb0824-noise-1054     valid=True think=324/word rtok=321 gpu_s=58.3
[r1_gen  43.4m] 367/1282 s2 t2-wb0824-power-1090     valid=True think=4/word rtok=2 gpu_s=18.8
[r1_gen  43.5m] 368/1282 s1 t2-wb0824-power-1038     valid=True think=255/word rtok=252 gpu_s=45.6
[r1_gen  43.6m] 369/1282 s1 t2-nb350-gain-0216       valid=True think=4/word rtok=2 gpu_s=19.6
[r1_gen  43.7m] 370/1282 s2 t2-nb350-gain-0216       valid=True think=4/word rtok=2 gpu_s=19.6
[r1_gen  43.8m] 371/1282 s2 t2-wb0824-noise-0219     valid=True think=4/word rtok=2 gpu_s=18.2
[r1_gen  43.9m] 372/1282 s1 t2-wb0824-noise-0219     valid=True think=80/word rtok=79 gpu_s=27.0
[r1_gen  43.9m] 373/1282 s1 t2-wb0824-power-1370     valid=True think=4/word rtok=2 gpu_s=19.8
[r1_gen  44.0m] 374/1282 s2 t2-wb0824-power-1370     valid=True think=4/word rtok=2 gpu_s=19.9
[r1_gen  44.2m] 375/1282 s1 t2-nb158-gain-1372       valid=True think=4/word rtok=2 gpu_s=12.8
[r1_gen  44.4m] 376/1282 s2 t2-nb158-gain-1372       valid=True think=92/word rtok=91 gpu_s=22.1
[r1_gen  44.4m] 377/1282 s1 t2-wb0824-noise-1353     valid=True think=4/word rtok=2 gpu_s=14.1
[r1_gen  44.5m] 378/1282 s2 t2-wb0530-gain-1190      valid=True think=184/word rtok=181 gpu_s=38.8
[r1_gen  44.7m] 379/1282 s1 t2-wb0530-gain-1190      valid=True think=266/word rtok=263 gpu_s=50.6
[r1_gen  44.7m] 380/1282 s2 t2-wb0824-noise-1353     valid=True think=4/word rtok=2 gpu_s=16.1
[r1_gen  44.9m] 381/1282 s1 t2-nb240-noise-1059      valid=True think=4/word rtok=2 gpu_s=12.5
[r1_gen  45.1m] 382/1282 s1 t2-nb240-noise-1373      valid=True think=221/word rtok=218 gpu_s=39.5
[r1_gen  45.3m] 383/1282 s2 t2-nb240-noise-1373      valid=True think=297/word rtok=294 gpu_s=43.1
[r1_gen  45.4m] 384/1282 s2 t2-nb240-noise-1059      valid=True think=308/word rtok=305 gpu_s=43.0
[r1_gen  45.5m] 385/1282 s1 t2-nb350-gain-0137       valid=True think=233/word rtok=230 gpu_s=35.9
[r1_gen  45.7m] 386/1282 s1 t2-wb0530-gain-0317      valid=True think=4/word rtok=2 gpu_s=14.2
[r1_gen  45.8m] 387/1282 s1 t2-nb158-gain-0354       valid=True think=232/word rtok=229 gpu_s=33.4
[r1_gen  45.9m] 388/1282 s2 t2-nb350-gain-0137       valid=True think=304/word rtok=301 gpu_s=47.5
[r1_gen  46.0m] 389/1282 s2 t2-nb158-gain-0354       valid=True think=266/word rtok=263 gpu_s=38.3
[r1_gen  46.1m] 390/1282 s1 t2-wb0530-gain-1154      valid=True think=3/word rtok=1 gpu_s=17.5
[r1_gen  46.3m] 391/1282 s2 t2-wb0530-gain-0317      valid=True think=201/word rtok=198 gpu_s=37.1
[r1_gen  46.4m] 392/1282 s2 t2-wb0824-noise-1262     valid=True think=4/word rtok=2 gpu_s=16.5
[r1_gen  46.5m] 393/1282 s2 t2-wb0530-gain-1154      valid=True think=185/word rtok=182 gpu_s=37.3
[r1_gen  46.6m] 394/1282 s1 t2-nb090-power-1462      valid=True think=4/word rtok=2 gpu_s=14.8
[r1_gen  46.7m] 395/1282 s1 t2-wb0824-noise-1262     valid=True think=215/word rtok=212 gpu_s=41.9
[r1_gen  46.8m] 396/1282 s2 t2-nb090-power-1462      valid=True think=102/word rtok=101 gpu_s=24.7
[r1_gen  46.9m] 397/1282 s2 t2-wb0824-power-1126     valid=True think=4/word rtok=2 gpu_s=18.1
[r1_gen  47.0m] 398/1282 s1 t2-nb240-power-1061      valid=True think=4/word rtok=2 gpu_s=16.6
[r1_gen  47.1m] 399/1282 s2 t2-nb240-power-1061      valid=True think=4/word rtok=2 gpu_s=16.0
[r1_gen  47.2m] 400/1282 s1 t2-wb0824-power-1126     valid=True think=203/word rtok=200 gpu_s=38.1
[r1_gen  47.2m] 401/1282 s1 t2-wb0824-power-1368     valid=True think=4/word rtok=2 gpu_s=19.4
[r1_gen  47.3m] 402/1282 s2 t2-wb0824-power-1368     valid=True think=5/word rtok=3 gpu_s=18.0
[r1_gen  47.5m] 403/1282 s2 t2-wb0824-noise-0007     valid=True think=4/word rtok=2 gpu_s=11.1
[r1_gen  47.8m] 404/1282 s1 t2-wb0530-gain-1379      valid=True think=4/word rtok=2 gpu_s=13.6
[r1_gen  47.8m] 405/1282 s1 t2-nb240-power-0383      valid=True think=276/word rtok=273 gpu_s=40.9
[r1_gen  47.9m] 406/1282 s2 t2-nb240-power-0383      valid=True think=282/word rtok=279 gpu_s=42.7
[r1_gen  48.0m] 407/1282 s1 t2-wb0824-noise-0007     valid=True think=287/word rtok=284 gpu_s=44.8
[r1_gen  48.1m] 408/1282 s1 t2-nb090-power-1448      valid=True think=4/word rtok=2 gpu_s=14.7
[r1_gen  48.1m] 409/1282 s2 t2-nb090-power-1448      valid=True think=11/word rtok=10 gpu_s=15.2
[r1_gen  48.3m] 410/1282 s2 t2-wb0824-power-0140     valid=True think=16/word rtok=15 gpu_s=16.5
[r1_gen  48.4m] 411/1282 s1 t2-nb090-power-0014      valid=True think=4/word rtok=2 gpu_s=15.2
[r1_gen  48.5m] 412/1282 s2 t2-wb0530-gain-1379      valid=True think=235/word rtok=232 gpu_s=45.3
[r1_gen  48.6m] 413/1282 s1 t2-wb0824-noise-0155     valid=True think=4/word rtok=2 gpu_s=14.2
[r1_gen  48.7m] 414/1282 s2 t2-wb0824-noise-0155     valid=True think=5/word rtok=3 gpu_s=11.0
[r1_gen  48.8m] 415/1282 s1 t2-wb0824-power-0140     valid=True think=210/word rtok=207 gpu_s=45.2
[r1_gen  48.9m] 416/1282 s1 t2-nb158-gain-1421       valid=True think=4/word rtok=2 gpu_s=14.9
[r1_gen  49.0m] 417/1282 s2 t2-nb158-gain-1421       valid=True think=4/word rtok=2 gpu_s=14.9
[r1_gen  49.1m] 418/1282 s1 t2-wb0824-noise-0138     valid=True think=4/word rtok=2 gpu_s=17.9
[r1_gen  49.1m] 419/1282 s2 t2-nb090-power-0014      valid=True think=243/word rtok=240 gpu_s=46.5
[r1_gen  49.2m] 420/1282 s2 t2-wb0824-noise-0138     valid=True think=4/word rtok=2 gpu_s=19.9
[r1_gen  49.3m] 421/1282 s1 t2-nb240-power-1004      valid=True think=4/word rtok=2 gpu_s=12.7
[r1_gen  49.6m] 422/1282 s1 t2-wb0530-gain-1295      valid=True think=4/word rtok=2 gpu_s=13.5
[r1_gen  49.7m] 423/1282 s2 t2-wb0824-noise-1228     valid=True think=186/word rtok=183 gpu_s=35.2
[r1_gen  49.7m] 424/1282 s1 t2-wb0824-noise-1228     valid=True think=247/word rtok=244 gpu_s=44.4
[r1_gen  49.9m] 425/1282 s2 t2-nb240-power-1004      valid=True think=309/word rtok=306 gpu_s=41.5
[r1_gen  50.0m] 426/1282 s2 t2-wb0824-power-1056     valid=True think=4/word rtok=2 gpu_s=15.7
[r1_gen  50.2m] 427/1282 s1 t2-wb0824-noise-1314     valid=True think=3/word rtok=1 gpu_s=14.9
[r1_gen  50.2m] 428/1282 s2 t2-wb0530-gain-1295      valid=False think=144/word rtok=143 gpu_s=39.6
[r1_gen  50.4m] 429/1282 s1 t2-wb0824-power-1056     valid=True think=249/word rtok=246 gpu_s=44.3
[r1_gen  50.4m] 430/1282 s1 t2-nb240-power-0345      valid=True think=4/word rtok=2 gpu_s=12.8
[r1_gen  50.7m] 431/1282 s2 t2-wb0824-noise-0154     valid=True think=4/word rtok=2 gpu_s=15.3
[r1_gen  50.8m] 432/1282 s2 t2-wb0824-noise-1314     valid=True think=257/word rtok=254 gpu_s=46.2
[r1_gen  50.9m] 433/1282 s2 t2-nb158-gain-1432       valid=True think=4/word rtok=2 gpu_s=10.6
[r1_gen  51.0m] 434/1282 s2 t2-nb240-power-0345      valid=True think=250/word rtok=247 gpu_s=45.4
[r1_gen  51.2m] 435/1282 s1 t2-wb0824-noise-0154     valid=True think=253/word rtok=250 gpu_s=46.5
[r1_gen  51.4m] 436/1282 s1 t2-nb158-gain-1432       valid=True think=214/word rtok=211 gpu_s=40.0
[r1_gen  51.5m] 437/1282 s1 t2-wb0530-gain-0266      valid=True think=4/word rtok=2 gpu_s=16.5
[r1_gen  51.6m] 438/1282 s1 t2-nb240-noise-1288      valid=True think=224/word rtok=221 gpu_s=39.6
[r1_gen  51.7m] 439/1282 s2 t2-wb0530-gain-0266      valid=True think=4/word rtok=2 gpu_s=18.2
[r1_gen  51.8m] 440/1282 s1 t2-wb0824-power-1385     valid=True think=4/word rtok=2 gpu_s=16.1
[r1_gen  51.8m] 441/1282 s2 t2-nb240-noise-1288      valid=True think=265/word rtok=262 gpu_s=49.1
[r1_gen  52.0m] 442/1282 s2 t2-wb0530-gain-1069      valid=True think=4/word rtok=2 gpu_s=15.7
[r1_gen  52.3m] 443/1282 s2 t2-wb0824-power-1385     valid=True think=234/word rtok=231 gpu_s=41.0
[r1_gen  52.4m] 444/1282 s1 t2-nb240-power-1049      valid=True think=233/word rtok=230 gpu_s=33.7
[r1_gen  52.5m] 445/1282 s1 t2-wb0530-gain-1069      valid=True think=322/word rtok=319 gpu_s=51.7
[r1_gen  52.7m] 446/1282 s2 t2-nb240-power-1049      valid=True think=4/word rtok=2 gpu_s=37.9
[r1_gen  52.9m] 447/1282 s2 t2-nb350-gain-1274       valid=True think=4/word rtok=2 gpu_s=10.5
[r1_gen  52.9m] 448/1282 s1 t2-nb240-noise-1343      valid=True think=232/word rtok=229 gpu_s=37.7
[r1_gen  53.1m] 449/1282 s2 t2-nb240-noise-1343      valid=True think=289/word rtok=286 gpu_s=42.3
[r1_gen  53.2m] 450/1282 s1 t2-nb350-gain-1274       valid=True think=238/word rtok=235 gpu_s=40.7
[r1_gen  53.4m] 451/1282 s2 t2-nb240-power-0118      valid=True think=13/word rtok=11 gpu_s=11.1
[r1_gen  53.5m] 452/1282 s1 t2-wb0824-power-1196     valid=True think=190/word rtok=187 gpu_s=37.5
[r1_gen  53.6m] 453/1282 s2 t2-wb0824-power-1196     valid=True think=202/word rtok=199 gpu_s=38.1
[r1_gen  53.7m] 454/1282 s1 t2-wb0824-noise-0178     valid=True think=4/word rtok=2 gpu_s=15.0
[r1_gen  53.7m] 455/1282 s2 t2-wb0824-noise-0178     valid=True think=4/word rtok=2 gpu_s=15.1
[r1_gen  53.9m] 456/1282 s1 t2-nb240-power-0118      valid=True think=251/word rtok=248 gpu_s=44.0
[r1_gen  54.0m] 457/1282 s1 t2-wb0824-power-0253     valid=True think=4/word rtok=2 gpu_s=14.0
[r1_gen  54.1m] 458/1282 s2 t2-wb0824-power-0253     valid=True think=4/word rtok=2 gpu_s=13.1
[r1_gen  54.3m] 459/1282 s2 t2-wb0530-gain-0059      valid=True think=196/word rtok=193 gpu_s=38.7
[r1_gen  54.3m] 460/1282 s2 t2-wb0824-noise-1298     valid=True think=5/word rtok=3 gpu_s=14.6
[r1_gen  54.5m] 461/1282 s1 t2-wb0530-gain-0059      valid=True think=289/word rtok=286 gpu_s=52.6
[r1_gen  54.6m] 462/1282 s2 t2-wb0824-noise-1380     valid=True think=4/word rtok=2 gpu_s=16.7
[r1_gen  54.7m] 463/1282 s1 t2-wb0824-noise-1298     valid=True think=248/word rtok=245 gpu_s=45.2
[r1_gen  54.8m] 464/1282 s1 t2-nb240-power-0213      valid=True think=4/word rtok=2 gpu_s=17.9
[r1_gen  55.0m] 465/1282 s1 t2-wb0824-power-0204     valid=True think=4/word rtok=2 gpu_s=15.3
[r1_gen  55.1m] 466/1282 s1 t2-wb0824-noise-1380     valid=True think=231/word rtok=228 gpu_s=44.5
[r1_gen  55.3m] 467/1282 s1 t2-nb350-gain-1471       valid=True think=4/word rtok=2 gpu_s=15.6
[r1_gen  55.3m] 468/1282 s2 t2-nb240-power-0213      valid=True think=277/word rtok=274 gpu_s=42.6
[r1_gen  55.4m] 469/1282 s2 t2-nb350-gain-1471       valid=True think=4/word rtok=2 gpu_s=17.8
[r1_gen  55.5m] 470/1282 s2 t2-wb0824-power-0204     valid=True think=228/word rtok=225 gpu_s=41.9
[r1_gen  55.6m] 471/1282 s1 t2-nb350-gain-0385       valid=True think=4/word rtok=2 gpu_s=16.8
[r1_gen  55.7m] 472/1282 s1 t2-nb158-gain-0377       valid=True think=4/word rtok=2 gpu_s=17.6
[r1_gen  55.8m] 473/1282 s2 t2-nb158-gain-0377       valid=True think=4/word rtok=2 gpu_s=18.4
[r1_gen  55.9m] 474/1282 s2 t2-nb350-gain-0385       valid=False think=4/word rtok=2 gpu_s=30.6
[r1_gen  56.3m] 475/1282 s1 t2-nb158-gain-0339       valid=True think=299/word rtok=296 gpu_s=42.9
[r1_gen  56.4m] 476/1282 s2 t2-nb350-gain-1361       valid=True think=269/word rtok=266 gpu_s=34.3
[r1_gen  56.5m] 477/1282 s1 t2-nb350-gain-1361       valid=True think=284/word rtok=281 gpu_s=39.7
[r1_gen  56.5m] 478/1282 s2 t2-nb158-gain-0339       valid=True think=361/word rtok=358 gpu_s=50.4
[r1_gen  56.6m] 479/1282 s1 t2-wb0530-gain-1313      valid=True think=5/word rtok=3 gpu_s=21.0
[r1_gen  56.8m] 480/1282 s2 t2-wb0530-gain-1313      valid=True think=4/word rtok=2 gpu_s=20.7
[r1_gen  56.9m] 481/1282 s1 t2-wb0824-power-1195     valid=True think=4/word rtok=2 gpu_s=14.0
[r1_gen  57.1m] 482/1282 s1 t2-wb0824-noise-1383     valid=True think=5/word rtok=3 gpu_s=12.1
[r1_gen  57.1m] 483/1282 s1 t2-nb090-power-1145      valid=True think=223/word rtok=220 gpu_s=39.0
[r1_gen  57.3m] 484/1282 s1 t2-nb158-gain-1216       valid=True think=4/word rtok=2 gpu_s=10.6
[r1_gen  57.4m] 485/1282 s2 t2-nb090-power-1145      valid=True think=367/word rtok=364 gpu_s=48.7
[r1_gen  57.4m] 486/1282 s2 t2-wb0824-power-1195     valid=True think=259/word rtok=256 gpu_s=37.1
[r1_gen  57.5m] 487/1282 s2 t2-nb158-gain-1216       valid=True think=4/word rtok=2 gpu_s=13.2
[r1_gen  57.6m] 488/1282 s1 t2-nb350-gain-1173       valid=True think=4/word rtok=2 gpu_s=14.8
[r1_gen  57.7m] 489/1282 s2 t2-wb0824-noise-1383     valid=True think=199/word rtok=196 gpu_s=35.4
[r1_gen  57.9m] 490/1282 s1 t2-nb350-gain-0373       valid=True think=4/word rtok=2 gpu_s=18.3
[r1_gen  58.0m] 491/1282 s2 t2-nb240-noise-1424      valid=True think=5/word rtok=3 gpu_s=10.6
[r1_gen  58.1m] 492/1282 s2 t2-nb350-gain-1173       valid=True think=230/word rtok=227 gpu_s=41.3
[r1_gen  58.3m] 493/1282 s2 t2-nb350-gain-1257       valid=True think=4/word rtok=2 gpu_s=10.6
[r1_gen  58.4m] 494/1282 s1 t2-nb240-noise-1424      valid=True think=274/word rtok=271 gpu_s=41.1
[r1_gen  58.5m] 495/1282 s2 t2-nb350-gain-0373       valid=True think=297/word rtok=294 gpu_s=51.5
[r1_gen  58.6m] 496/1282 s1 t2-nb350-gain-1257       valid=True think=167/word rtok=164 gpu_s=32.4
[r1_gen  58.7m] 497/1282 s1 t2-wb0824-power-0334     valid=True think=4/word rtok=2 gpu_s=21.0
[r1_gen  58.7m] 498/1282 s2 t2-wb0824-power-0334     valid=True think=4/word rtok=2 gpu_s=20.3
[r1_gen  58.8m] 499/1282 s2 t2-nb158-gain-1182       valid=True think=4/word rtok=2 gpu_s=14.3
[r1_gen  59.1m] 500/1282 s1 t2-nb158-gain-1182       valid=True think=206/word rtok=203 gpu_s=34.8
[r1_gen  59.2m] 501/1282 s2 t2-wb0824-noise-1278     valid=True think=178/word rtok=175 gpu_s=26.8
[r1_gen  59.3m] 502/1282 s2 t2-wb0824-noise-0177     valid=True think=4/word rtok=2 gpu_s=14.2
[r1_gen  59.4m] 503/1282 s1 t2-wb0824-noise-1278     valid=True think=258/word rtok=255 gpu_s=44.0
[r1_gen  59.5m] 504/1282 s1 t2-wb0824-noise-0177     valid=True think=289/word rtok=286 gpu_s=41.3
[r1_gen  59.7m] 505/1282 s1 t2-wb0824-power-1355     valid=True think=4/word rtok=2 gpu_s=15.1
[r1_gen  59.8m] 506/1282 s2 t2-wb0824-power-1355     valid=True think=4/word rtok=2 gpu_s=15.5
[r1_gen  60.0m] 507/1282 s2 t2-nb240-noise-1097      valid=True think=195/word rtok=192 gpu_s=38.5
[r1_gen  60.0m] 508/1282 s1 t2-nb240-noise-1097      valid=True think=293/word rtok=290 gpu_s=49.8
[r1_gen  60.1m] 509/1282 s2 t2-nb158-gain-1200       valid=True think=4/word rtok=2 gpu_s=17.9
[r1_gen  60.2m] 510/1282 s1 t2-nb350-gain-1066       valid=True think=4/word rtok=2 gpu_s=14.7
[r1_gen  60.4m] 511/1282 s1 t2-nb158-gain-1200       valid=True think=227/word rtok=224 gpu_s=42.9
[r1_gen  60.4m] 512/1282 s1 t2-nb240-noise-0053      valid=True think=4/word rtok=2 gpu_s=18.7
[r1_gen  60.5m] 513/1282 s2 t2-nb240-noise-0053      valid=True think=4/word rtok=2 gpu_s=18.9
[r1_gen  60.7m] 514/1282 s2 t2-nb350-gain-1066       valid=True think=226/word rtok=223 gpu_s=40.8
[r1_gen  60.8m] 515/1282 s1 t2-nb240-noise-0034      valid=True think=4/word rtok=2 gpu_s=15.8
[r1_gen  60.9m] 516/1282 s2 t2-nb240-noise-0034      valid=True think=4/word rtok=2 gpu_s=12.5
[r1_gen  61.0m] 517/1282 s1 t2-nb350-gain-1330       valid=True think=4/word rtok=2 gpu_s=12.7
[r1_gen  61.2m] 518/1282 s1 t2-wb0824-noise-1207     valid=True think=244/word rtok=241 gpu_s=46.2
[r1_gen  61.2m] 519/1282 s2 t2-wb0824-noise-1207     valid=True think=250/word rtok=247 gpu_s=46.1
[r1_gen  61.3m] 520/1282 s1 t2-nb240-noise-1078      valid=True think=4/word rtok=2 gpu_s=15.0
[r1_gen  61.4m] 521/1282 s2 t2-nb240-noise-1078      valid=True think=4/word rtok=2 gpu_s=15.0
[r1_gen  61.5m] 522/1282 s2 t2-nb350-gain-1489       valid=True think=4/word rtok=2 gpu_s=12.5
[r1_gen  61.7m] 523/1282 s2 t2-nb350-gain-1330       valid=True think=265/word rtok=262 gpu_s=44.4
[r1_gen  61.8m] 524/1282 s2 t2-wb0824-power-0063     valid=True think=4/word rtok=2 gpu_s=15.5
[r1_gen  61.9m] 525/1282 s1 t2-wb0824-power-1039     valid=True think=4/word rtok=2 gpu_s=15.5
[r1_gen  62.1m] 526/1282 s1 t2-nb350-gain-1489       valid=False think=130/word rtok=129 gpu_s=51.1
[r1_gen  62.1m] 527/1282 s1 t2-wb0824-power-0063     valid=True think=221/word rtok=218 gpu_s=40.6
[r1_gen  62.3m] 528/1282 s2 t2-wb0824-power-1039     valid=False think=4/word rtok=2 gpu_s=29.5
[r1_gen  62.3m] 529/1282 s1 t2-nb240-power-1062      valid=True think=4/word rtok=2 gpu_s=13.0
[r1_gen  62.6m] 530/1282 s1 t2-wb0824-power-1179     valid=True think=5/word rtok=3 gpu_s=13.8
[r1_gen  62.7m] 531/1282 s1 t2-nb350-gain-1065       valid=True think=241/word rtok=238 gpu_s=42.4
[r1_gen  62.8m] 532/1282 s2 t2-wb0824-power-1179     valid=True think=3/word rtok=1 gpu_s=13.7
[r1_gen  62.9m] 533/1282 s2 t2-nb350-gain-1065       valid=True think=281/word rtok=278 gpu_s=47.4
[r1_gen  63.0m] 534/1282 s2 t2-nb240-power-1062      valid=True think=259/word rtok=256 gpu_s=43.6
[r1_gen  63.1m] 535/1282 s1 t2-nb240-power-1031      valid=True think=4/word rtok=2 gpu_s=12.8
[r1_gen  63.3m] 536/1282 s1 t2-wb0530-gain-0314      valid=True think=4/word rtok=2 gpu_s=9.7
[r1_gen  63.3m] 537/1282 s2 t2-nb158-gain-0209       valid=True think=101/word rtok=100 gpu_s=28.5
[r1_gen  63.4m] 538/1282 s1 t2-nb158-gain-0209       valid=True think=199/word rtok=196 gpu_s=41.4
[r1_gen  63.5m] 539/1282 s1 t2-wb0824-power-1247     valid=True think=5/word rtok=3 gpu_s=11.6
[r1_gen  63.5m] 540/1282 s2 t2-wb0530-gain-0314      valid=True think=69/word rtok=68 gpu_s=17.0
[r1_gen  63.6m] 541/1282 s2 t2-wb0824-power-1247     valid=True think=4/word rtok=2 gpu_s=13.5
[r1_gen  63.8m] 542/1282 s2 t2-nb240-power-1031      valid=True think=306/word rtok=303 gpu_s=46.8
[r1_gen  64.0m] 543/1282 s2 t2-wb0824-noise-0218     valid=True think=4/word rtok=2 gpu_s=14.9
[r1_gen  64.2m] 544/1282 s1 t2-nb240-power-0120      valid=True think=262/word rtok=259 gpu_s=44.3
[r1_gen  64.3m] 545/1282 s2 t2-nb240-power-0120      valid=True think=247/word rtok=244 gpu_s=44.2
[r1_gen  64.4m] 546/1282 s1 t2-wb0824-noise-0218     valid=True think=301/word rtok=298 gpu_s=48.0
[r1_gen  64.5m] 547/1282 s1 t2-nb350-gain-0395       valid=True think=4/word rtok=2 gpu_s=12.7
[r1_gen  64.6m] 548/1282 s2 t2-nb350-gain-0395       valid=True think=4/word rtok=2 gpu_s=12.5
[r1_gen  64.8m] 549/1282 s1 t2-nb350-gain-1050       valid=True think=4/word rtok=2 gpu_s=16.2
[r1_gen  64.9m] 550/1282 s1 t2-nb240-noise-1015      valid=True think=306/word rtok=303 gpu_s=49.8
[r1_gen  65.0m] 551/1282 s1 t2-nb090-power-1430      valid=True think=4/word rtok=2 gpu_s=12.7
[r1_gen  65.1m] 552/1282 s2 t2-nb240-noise-1015      valid=True think=279/word rtok=276 gpu_s=51.5
[r1_gen  65.1m] 553/1282 s2 t2-nb090-power-1430      valid=True think=4/word rtok=2 gpu_s=14.4
[r1_gen  65.3m] 554/1282 s1 t2-wb0824-noise-0104     valid=True think=4/word rtok=2 gpu_s=15.9
[r1_gen  65.4m] 555/1282 s1 t2-nb240-noise-0343      valid=True think=5/word rtok=3 gpu_s=12.9
[r1_gen  65.4m] 556/1282 s2 t2-wb0824-noise-0104     valid=True think=4/word rtok=2 gpu_s=15.2
[r1_gen  65.5m] 557/1282 s2 t2-nb350-gain-1050       valid=True think=283/word rtok=280 gpu_s=53.4
[r1_gen  65.6m] 558/1282 s2 t2-nb240-noise-0343      valid=True think=4/word rtok=2 gpu_s=16.9
[r1_gen  65.7m] 559/1282 s1 t2-nb350-gain-0195       valid=True think=4/word rtok=2 gpu_s=20.4
[r1_gen  65.8m] 560/1282 s1 t2-nb090-power-0376      valid=True think=4/word rtok=2 gpu_s=14.9
[r1_gen  65.8m] 561/1282 s2 t2-nb090-power-0376      valid=True think=4/word rtok=2 gpu_s=14.8
[r1_gen  66.3m] 562/1282 s2 t2-nb350-gain-0195       valid=True think=332/word rtok=329 gpu_s=53.9
[r1_gen  66.4m] 563/1282 s2 t2-nb090-power-1074      valid=True think=269/word rtok=266 gpu_s=36.7
[r1_gen  66.4m] 564/1282 s1 t2-nb090-power-1074      valid=True think=262/word rtok=259 gpu_s=43.2
[r1_gen  66.5m] 565/1282 s1 t2-wb0530-gain-0348      valid=True think=226/word rtok=223 gpu_s=40.3
[r1_gen  66.6m] 566/1282 s2 t2-wb0530-gain-0348      valid=True think=4/word rtok=2 gpu_s=20.7
[r1_gen  66.7m] 567/1282 s2 t2-nb158-gain-1167       valid=True think=4/word rtok=2 gpu_s=14.6
[r1_gen  66.8m] 568/1282 s1 t2-wb0824-noise-1124     valid=True think=4/word rtok=2 gpu_s=18.7
[r1_gen  67.1m] 569/1282 s1 t2-nb158-gain-1167       valid=True think=278/word rtok=275 gpu_s=43.3
[r1_gen  67.3m] 570/1282 s2 t2-wb0824-noise-1124     valid=True think=250/word rtok=247 gpu_s=40.7
[r1_gen  67.5m] 571/1282 s1 t2-nb240-power-1487      valid=True think=339/word rtok=336 gpu_s=47.7
[r1_gen  67.5m] 572/1282 s2 t2-nb240-power-0214      valid=True think=4/word rtok=2 gpu_s=10.7
[r1_gen  67.6m] 573/1282 s2 t2-nb240-power-1487      valid=True think=327/word rtok=324 gpu_s=45.7
[r1_gen  67.7m] 574/1282 s2 t2-nb090-power-1439      valid=True think=4/word rtok=2 gpu_s=14.5
[r1_gen  67.8m] 575/1282 s1 t2-nb240-noise-1183      valid=True think=4/word rtok=2 gpu_s=14.8
[r1_gen  67.9m] 576/1282 s1 t2-nb240-power-0214      valid=True think=299/word rtok=296 gpu_s=47.2
[r1_gen  68.0m] 577/1282 s2 t2-nb240-noise-1183      valid=True think=5/word rtok=3 gpu_s=17.4
[r1_gen  68.1m] 578/1282 s2 t2-nb158-gain-1213       valid=True think=4/word rtok=2 gpu_s=11.7
[r1_gen  68.2m] 579/1282 s1 t2-nb158-gain-1213       valid=True think=4/word rtok=2 gpu_s=18.1
[r1_gen  68.3m] 580/1282 s1 t2-nb090-power-1439      valid=True think=234/word rtok=231 gpu_s=48.1
[r1_gen  68.4m] 581/1282 s1 t2-nb158-gain-1342       valid=True think=5/word rtok=3 gpu_s=12.8
[r1_gen  68.5m] 582/1282 s2 t2-nb158-gain-1342       valid=True think=4/word rtok=2 gpu_s=12.7
[r1_gen  68.8m] 583/1282 s1 t2-nb090-power-1445      valid=True think=226/word rtok=223 gpu_s=43.3
[r1_gen  68.9m] 584/1282 s2 t2-nb090-power-1445      valid=True think=303/word rtok=300 gpu_s=45.5
[r1_gen  69.0m] 585/1282 s1 t2-wb0824-power-1301     valid=True think=4/word rtok=2 gpu_s=13.7
[r1_gen  69.1m] 586/1282 s1 t2-wb0530-gain-1226      valid=True think=234/word rtok=231 gpu_s=41.9
[r1_gen  69.2m] 587/1282 s2 t2-wb0824-power-1301     valid=True think=4/word rtok=2 gpu_s=18.0
[r1_gen  69.3m] 588/1282 s1 t2-nb090-power-1111      valid=True think=20/word rtok=19 gpu_s=16.5
[r1_gen  69.3m] 589/1282 s2 t2-nb090-power-1111      valid=True think=4/word rtok=2 gpu_s=14.9
[r1_gen  69.4m] 590/1282 s2 t2-wb0530-gain-1226      valid=True think=309/word rtok=306 gpu_s=53.7
[r1_gen  69.5m] 591/1282 s2 t2-nb350-gain-1204       valid=True think=4/word rtok=2 gpu_s=14.7
[r1_gen  69.6m] 592/1282 s1 t2-nb240-power-1117      valid=True think=3/word rtok=1 gpu_s=17.4
[r1_gen  69.8m] 593/1282 s1 t2-nb350-gain-0080       valid=True think=4/word rtok=2 gpu_s=16.3
[r1_gen  69.9m] 594/1282 s1 t2-nb350-gain-1204       valid=True think=240/word rtok=237 gpu_s=42.3
[r1_gen  70.0m] 595/1282 s2 t2-nb350-gain-0080       valid=True think=5/word rtok=3 gpu_s=18.7
[r1_gen  70.1m] 596/1282 s1 t2-nb240-power-1308      valid=True think=4/word rtok=2 gpu_s=14.9
[r1_gen  70.1m] 597/1282 s2 t2-nb240-power-1308      valid=True think=4/word rtok=2 gpu_s=14.7
[r1_gen  70.3m] 598/1282 s1 t2-wb0824-power-1143     valid=True think=4/word rtok=2 gpu_s=17.5
[r1_gen  70.4m] 599/1282 s2 t2-nb240-power-1117      valid=True think=356/word rtok=353 gpu_s=55.7
[r1_gen  70.4m] 600/1282 s2 t2-wb0824-power-1143     valid=True think=15/word rtok=14 gpu_s=20.7
[r1_gen  70.6m] 601/1282 s1 t2-nb158-gain-1044       valid=True think=4/word rtok=2 gpu_s=12.5
[r1_gen  70.8m] 602/1282 s1 t2-wb0824-noise-1495     valid=True think=5/word rtok=3 gpu_s=14.8
[r1_gen  70.9m] 603/1282 s2 t2-nb158-gain-1044       valid=True think=177/word rtok=174 gpu_s=27.4
[r1_gen  71.0m] 604/1282 s1 t2-nb240-power-0415      valid=True think=310/word rtok=307 gpu_s=49.7
[r1_gen  71.0m] 605/1282 s2 t2-nb240-power-0415      valid=True think=318/word rtok=315 gpu_s=46.7
[r1_gen  71.2m] 606/1282 s2 t2-wb0824-noise-1495     valid=True think=4/word rtok=2 gpu_s=18.1
[r1_gen  71.2m] 607/1282 s1 t2-nb240-power-0408      valid=True think=4/word rtok=2 gpu_s=14.8
[r1_gen  71.3m] 608/1282 s2 t2-nb240-power-0408      valid=True think=4/word rtok=2 gpu_s=16.6
[r1_gen  71.4m] 609/1282 s1 t2-nb090-power-1163      valid=True think=4/word rtok=2 gpu_s=19.4
[r1_gen  71.4m] 610/1282 s1 t2-wb0824-noise-1245     valid=True think=4/word rtok=2 gpu_s=15.6
[r1_gen  71.6m] 611/1282 s1 t2-nb090-power-1386      valid=True think=4/word rtok=2 gpu_s=12.4
[r1_gen  71.9m] 612/1282 s2 t2-wb0824-noise-1245     valid=True think=234/word rtok=231 gpu_s=36.7
[r1_gen  71.9m] 613/1282 s2 t2-nb090-power-1163      valid=True think=243/word rtok=240 gpu_s=45.9
[r1_gen  72.0m] 614/1282 s2 t2-nb090-power-1386      valid=True think=215/word rtok=212 gpu_s=36.1
[r1_gen  72.1m] 615/1282 s2 t2-nb240-noise-1046      valid=True think=4/word rtok=2 gpu_s=14.9
[r1_gen  72.2m] 616/1282 s1 t2-nb240-noise-1046      valid=True think=240/word rtok=237 gpu_s=37.9
[r1_gen  72.3m] 617/1282 s2 t2-wb0530-gain-1021      valid=True think=13/word rtok=11 gpu_s=18.4
[r1_gen  72.4m] 618/1282 s1 t2-nb350-gain-1018       valid=True think=4/word rtok=2 gpu_s=17.5
[r1_gen  72.5m] 619/1282 s2 t2-nb350-gain-1018       valid=True think=4/word rtok=2 gpu_s=17.6
[r1_gen  72.7m] 620/1282 s1 t2-nb350-gain-1005       valid=True think=4/word rtok=2 gpu_s=10.6
[r1_gen  72.7m] 621/1282 s1 t2-wb0530-gain-1021      valid=True think=259/word rtok=256 gpu_s=48.0
[r1_gen  72.9m] 622/1282 s1 t2-nb090-power-1248      valid=True think=4/word rtok=2 gpu_s=10.7
[r1_gen  73.1m] 623/1282 s2 t2-wb0530-gain-0303      valid=True think=236/word rtok=233 gpu_s=38.3
[r1_gen  73.1m] 624/1282 s1 t2-wb0530-gain-0303      valid=True think=292/word rtok=289 gpu_s=47.6
[r1_gen  73.3m] 625/1282 s2 t2-nb350-gain-1005       valid=True think=217/word rtok=214 gpu_s=36.6
[r1_gen  73.4m] 626/1282 s2 t2-nb158-gain-0165       valid=True think=4/word rtok=2 gpu_s=15.7
[r1_gen  73.6m] 627/1282 s1 t2-nb158-gain-0165       valid=True think=103/word rtok=102 gpu_s=27.8
[r1_gen  73.6m] 628/1282 s2 t2-nb090-power-1248      valid=True think=231/word rtok=228 gpu_s=40.6
[r1_gen  73.7m] 629/1282 s2 t2-wb0824-noise-1208     valid=True think=4/word rtok=2 gpu_s=18.6
[r1_gen  73.8m] 630/1282 s1 t2-nb240-noise-1236      valid=True think=4/word rtok=2 gpu_s=14.9
[r1_gen  73.9m] 631/1282 s2 t2-nb240-noise-1236      valid=True think=15/word rtok=14 gpu_s=15.6
[r1_gen  74.1m] 632/1282 s1 t2-wb0530-gain-0302      valid=True think=4/word rtok=2 gpu_s=13.5
[r1_gen  74.1m] 633/1282 s1 t2-wb0824-noise-1208     valid=True think=237/word rtok=234 gpu_s=47.1
[r1_gen  74.3m] 634/1282 s1 t2-nb350-gain-1174       valid=True think=4/word rtok=2 gpu_s=10.6
[r1_gen  74.4m] 635/1282 s2 t2-wb0530-gain-0302      valid=True think=4/word rtok=2 gpu_s=14.7
[r1_gen  74.5m] 636/1282 s1 t2-wb0824-noise-1300     valid=True think=274/word rtok=271 gpu_s=45.4
[r1_gen  74.5m] 637/1282 s2 t2-nb350-gain-1174       valid=True think=4/word rtok=2 gpu_s=12.9
[r1_gen  74.7m] 638/1282 s2 t2-wb0824-noise-1300     valid=True think=314/word rtok=311 gpu_s=51.2
[r1_gen  74.8m] 639/1282 s2 t2-wb0530-gain-1177      valid=True think=4/word rtok=2 gpu_s=17.6
[r1_gen  74.8m] 640/1282 s1 t2-nb090-power-1284      valid=True think=4/word rtok=2 gpu_s=17.4
[r1_gen  75.0m] 641/1282 s2 t2-nb090-power-1284      valid=True think=4/word rtok=2 gpu_s=18.5
[r1_gen  75.1m] 642/1282 s1 t2-nb350-gain-1032       valid=True think=4/word rtok=2 gpu_s=18.1
[r1_gen  75.2m] 643/1282 s1 t2-wb0530-gain-1177      valid=True think=257/word rtok=254 gpu_s=49.8
[r1_gen  75.4m] 644/1282 s2 t2-wb0824-noise-1071     valid=True think=4/word rtok=2 gpu_s=17.5
[r1_gen  75.5m] 645/1282 s2 t2-nb350-gain-1032       valid=True think=4/word rtok=2 gpu_s=38.2
[r1_gen  75.7m] 646/1282 s2 t2-nb090-power-0110      valid=True think=4/word rtok=2 gpu_s=15.8
[r1_gen  75.8m] 647/1282 s1 t2-nb240-noise-0226      valid=True think=4/word rtok=2 gpu_s=17.2
[r1_gen  75.8m] 648/1282 s1 t2-wb0824-noise-1071     valid=True think=271/word rtok=268 gpu_s=50.0
[r1_gen  75.9m] 649/1282 s1 t2-nb090-power-0110      valid=True think=254/word rtok=251 gpu_s=41.0
[r1_gen  76.0m] 650/1282 s2 t2-nb240-noise-0226      valid=True think=4/word rtok=2 gpu_s=19.5
[r1_gen  76.1m] 651/1282 s1 t2-wb0824-noise-0086     valid=True think=4/word rtok=2 gpu_s=15.9
[r1_gen  76.2m] 652/1282 s1 t2-wb0530-gain-0256      valid=True think=4/word rtok=2 gpu_s=17.6
[r1_gen  76.3m] 653/1282 s2 t2-wb0530-gain-0256      valid=True think=4/word rtok=2 gpu_s=17.6
[r1_gen  76.5m] 654/1282 s2 t2-wb0824-noise-0086     valid=True think=199/word rtok=196 gpu_s=37.6
[r1_gen  76.7m] 655/1282 s2 t2-nb240-noise-1271      valid=True think=4/word rtok=2 gpu_s=10.5
[r1_gen  76.9m] 656/1282 s1 t2-wb0824-noise-1141     valid=True think=309/word rtok=306 gpu_s=48.1
[r1_gen  77.0m] 657/1282 s1 t2-nb240-noise-1271      valid=True think=212/word rtok=209 gpu_s=38.0
[r1_gen  77.0m] 658/1282 s2 t2-wb0824-noise-1141     valid=True think=281/word rtok=278 gpu_s=47.8
[r1_gen  77.2m] 659/1282 s1 t2-nb240-noise-1169      valid=True think=213/word rtok=210 gpu_s=34.2
[r1_gen  77.3m] 660/1282 s2 t2-wb0530-gain-1350      valid=True think=12/word rtok=11 gpu_s=17.0
[r1_gen  77.5m] 661/1282 s2 t2-nb240-noise-1169      valid=True think=231/word rtok=230 gpu_s=37.5
[r1_gen  77.6m] 662/1282 s2 t2-wb0824-noise-1365     valid=True think=4/word rtok=2 gpu_s=17.6
[r1_gen  77.7m] 663/1282 s1 t2-wb0530-gain-1350      valid=True think=226/word rtok=223 gpu_s=43.4
[r1_gen  77.9m] 664/1282 s1 t2-wb0824-power-1194     valid=True think=4/word rtok=2 gpu_s=13.5
[r1_gen  78.0m] 665/1282 s1 t2-wb0824-noise-1365     valid=True think=272/word rtok=269 gpu_s=44.7
[r1_gen  78.1m] 666/1282 s1 t2-nb090-power-1444      valid=True think=224/word rtok=221 gpu_s=36.7
[r1_gen  78.2m] 667/1282 s1 t2-nb090-power-1452      valid=True think=4/word rtok=2 gpu_s=12.6
[r1_gen  78.2m] 668/1282 s2 t2-wb0824-power-1194     valid=True think=13/word rtok=12 gpu_s=18.7
[r1_gen  78.4m] 669/1282 s2 t2-nb090-power-1444      valid=True think=281/word rtok=278 gpu_s=44.8
[r1_gen  78.6m] 670/1282 s1 t2-wb0824-power-1479     valid=True think=4/word rtok=2 gpu_s=14.1
[r1_gen  78.7m] 671/1282 s2 t2-nb240-noise-0327      valid=True think=145/word rtok=144 gpu_s=24.2
[r1_gen  78.8m] 672/1282 s2 t2-wb0824-power-1479     valid=True think=4/word rtok=2 gpu_s=10.9
[r1_gen  78.9m] 673/1282 s2 t2-nb090-power-1452      valid=True think=319/word rtok=316 gpu_s=47.5
[r1_gen  79.0m] 674/1282 s1 t2-nb240-noise-0327      valid=True think=272/word rtok=269 gpu_s=46.7
[r1_gen  79.1m] 675/1282 s2 t2-wb0530-gain-1312      valid=True think=4/word rtok=2 gpu_s=19.1
[r1_gen  79.2m] 676/1282 s1 t2-nb240-noise-1115      valid=True think=4/word rtok=2 gpu_s=14.7
[r1_gen  79.2m] 677/1282 s2 t2-nb240-noise-1115      valid=True think=4/word rtok=2 gpu_s=14.6
[r1_gen  79.4m] 678/1282 s1 t2-wb0530-gain-1312      valid=True think=215/word rtok=212 gpu_s=43.9
[r1_gen  79.8m] 679/1282 s1 t2-wb0530-gain-0255      valid=True think=232/word rtok=229 gpu_s=38.7
[r1_gen  79.8m] 680/1282 s1 t2-nb158-gain-0413       valid=True think=208/word rtok=205 gpu_s=34.2
[r1_gen  79.9m] 681/1282 s2 t2-wb0530-gain-0255      valid=True think=231/word rtok=228 gpu_s=41.4
[r1_gen  80.0m] 682/1282 s2 t2-nb158-gain-0413       valid=True think=247/word rtok=244 gpu_s=36.9
[r1_gen  80.1m] 683/1282 s1 t2-nb158-gain-1093       valid=True think=4/word rtok=2 gpu_s=16.9
[r1_gen  80.1m] 684/1282 s2 t2-nb158-gain-1093       valid=True think=5/word rtok=3 gpu_s=17.3
[r1_gen  80.2m] 685/1282 s1 t2-nb158-gain-0164       valid=True think=4/word rtok=2 gpu_s=17.2
[r1_gen  80.3m] 686/1282 s2 t2-nb158-gain-0164       valid=True think=4/word rtok=2 gpu_s=17.0
[r1_gen  80.4m] 687/1282 s2 t2-nb240-power-0344      valid=True think=4/word rtok=2 gpu_s=14.6
[r1_gen  80.5m] 688/1282 s1 t2-nb090-power-0364      valid=True think=4/word rtok=2 gpu_s=17.3
[r1_gen  80.6m] 689/1282 s1 t2-wb0824-noise-0234     valid=True think=4/word rtok=2 gpu_s=14.3
[r1_gen  80.7m] 690/1282 s2 t2-wb0824-noise-0234     valid=True think=4/word rtok=2 gpu_s=13.9
[r1_gen  80.8m] 691/1282 s1 t2-nb240-power-0344      valid=True think=207/word rtok=204 gpu_s=41.5
[r1_gen  80.9m] 692/1282 s2 t2-nb350-gain-1393       valid=True think=4/word rtok=2 gpu_s=12.8
[r1_gen  81.0m] 693/1282 s2 t2-nb090-power-0364      valid=True think=226/word rtok=223 gpu_s=41.0
[r1_gen  81.1m] 694/1282 s1 t2-wb0530-gain-1137      valid=True think=4/word rtok=2 gpu_s=18.6
[r1_gen  81.3m] 695/1282 s2 t2-nb158-gain-1042       valid=True think=4/word rtok=2 gpu_s=10.6
[r1_gen  81.5m] 696/1282 s1 t2-nb350-gain-1393       valid=True think=316/word rtok=313 gpu_s=51.9
[r1_gen  81.6m] 697/1282 s1 t2-nb158-gain-1042       valid=True think=4/word rtok=2 gpu_s=33.9
[r1_gen  81.6m] 698/1282 s2 t2-wb0530-gain-1137      valid=True think=206/word rtok=203 gpu_s=41.3
[r1_gen  81.8m] 699/1282 s2 t2-nb090-power-0308      valid=True think=4/word rtok=2 gpu_s=17.4
[r1_gen  81.9m] 700/1282 s2 t2-wb0530-gain-1260      valid=True think=4/word rtok=2 gpu_s=14.7
[r1_gen  81.9m] 701/1282 s1 t2-wb0530-gain-1260      valid=True think=4/word rtok=2 gpu_s=20.3
[r1_gen  82.0m] 702/1282 s1 t2-nb090-power-0308      valid=True think=189/word rtok=186 gpu_s=41.1
[r1_gen  82.1m] 703/1282 s1 t2-nb240-power-1030      valid=True think=4/word rtok=2 gpu_s=16.9
[r1_gen  82.2m] 704/1282 s1 t2-wb0824-power-1023     valid=True think=4/word rtok=2 gpu_s=17.4
[r1_gen  82.3m] 705/1282 s2 t2-wb0824-power-1023     valid=True think=4/word rtok=2 gpu_s=17.6
[r1_gen  82.5m] 706/1282 s1 t2-wb0530-gain-1007      valid=True think=4/word rtok=2 gpu_s=13.7
[r1_gen  82.5m] 707/1282 s2 t2-nb350-gain-0331       valid=True think=3/word rtok=1 gpu_s=16.5
[r1_gen  82.7m] 708/1282 s1 t2-nb350-gain-0331       valid=True think=227/word rtok=224 gpu_s=35.0
[r1_gen  82.7m] 709/1282 s2 t2-nb240-power-1030      valid=True think=250/word rtok=247 gpu_s=48.6
[r1_gen  82.8m] 710/1282 s2 t2-wb0530-gain-1007      valid=True think=5/word rtok=3 gpu_s=18.2
[r1_gen  82.9m] 711/1282 s1 t2-nb240-noise-0406      valid=True think=4/word rtok=2 gpu_s=12.8
[r1_gen  83.0m] 712/1282 s2 t2-nb240-noise-0406      valid=True think=4/word rtok=2 gpu_s=12.5
[r1_gen  83.2m] 713/1282 s1 t2-nb240-noise-0004      valid=True think=245/word rtok=242 gpu_s=43.3
[r1_gen  83.3m] 714/1282 s2 t2-wb0824-noise-1475     valid=True think=4/word rtok=2 gpu_s=15.4
[r1_gen  83.4m] 715/1282 s2 t2-nb240-noise-0004      valid=True think=232/word rtok=229 gpu_s=41.5
[r1_gen  83.5m] 716/1282 s1 t2-nb158-gain-1094       valid=True think=5/word rtok=3 gpu_s=14.8
[r1_gen  83.5m] 717/1282 s2 t2-nb158-gain-1094       valid=True think=4/word rtok=2 gpu_s=14.9
[r1_gen  83.7m] 718/1282 s1 t2-wb0824-noise-1475     valid=True think=266/word rtok=265 gpu_s=47.3
[r1_gen  83.8m] 719/1282 s2 t2-wb0824-noise-1123     valid=True think=4/word rtok=2 gpu_s=18.5
[r1_gen  83.9m] 720/1282 s2 t2-nb240-power-1133      valid=True think=3/word rtok=1 gpu_s=12.6
[r1_gen  84.1m] 721/1282 s1 t2-wb0824-noise-1123     valid=True think=213/word rtok=210 gpu_s=43.3
[r1_gen  84.1m] 722/1282 s1 t2-nb240-power-1133      valid=True think=4/word rtok=2 gpu_s=35.9
[r1_gen  84.2m] 723/1282 s2 t2-nb090-power-1109      valid=True think=4/word rtok=2 gpu_s=15.0
[r1_gen  84.4m] 724/1282 s2 t2-nb240-power-0420      valid=True think=4/word rtok=2 gpu_s=12.4
[r1_gen  84.5m] 725/1282 s1 t2-nb240-power-0420      valid=True think=68/word rtok=67 gpu_s=22.2
[r1_gen  84.6m] 726/1282 s1 t2-nb090-power-1109      valid=True think=291/word rtok=288 gpu_s=46.6
[r1_gen  84.7m] 727/1282 s1 t2-nb240-noise-0211      valid=True think=4/word rtok=2 gpu_s=16.6
[r1_gen  84.9m] 728/1282 s2 t2-nb240-noise-0211      valid=True think=4/word rtok=2 gpu_s=16.4
[r1_gen  84.9m] 729/1282 s1 t2-wb0824-noise-1264     valid=True think=231/word rtok=228 gpu_s=43.8
[r1_gen  85.1m] 730/1282 s1 t2-wb0824-power-1283     valid=True think=4/word rtok=2 gpu_s=18.6
[r1_gen  85.1m] 731/1282 s2 t2-wb0824-noise-1264     valid=True think=239/word rtok=236 gpu_s=46.0
[r1_gen  85.2m] 732/1282 s1 t2-nb240-noise-1322      valid=True think=4/word rtok=2 gpu_s=14.8
[r1_gen  85.3m] 733/1282 s2 t2-nb240-noise-1322      valid=True think=4/word rtok=2 gpu_s=14.5
[r1_gen  85.4m] 734/1282 s1 t2-nb240-noise-0095      valid=True think=4/word rtok=2 gpu_s=17.0
[r1_gen  85.5m] 735/1282 s2 t2-nb240-noise-0095      valid=True think=4/word rtok=2 gpu_s=18.2
[r1_gen  85.6m] 736/1282 s1 t2-wb0824-power-1012     valid=True think=3/word rtok=1 gpu_s=18.8
[r1_gen  85.7m] 737/1282 s2 t2-wb0824-power-1283     valid=True think=223/word rtok=220 gpu_s=49.4
[r1_gen  85.8m] 738/1282 s2 t2-wb0824-power-1012     valid=True think=4/word rtok=2 gpu_s=19.8
[r1_gen  85.8m] 739/1282 s1 t2-wb0824-noise-1192     valid=True think=4/word rtok=2 gpu_s=20.7
[r1_gen  86.0m] 740/1282 s2 t2-wb0824-noise-1192     valid=True think=4/word rtok=2 gpu_s=20.3
[r1_gen  86.1m] 741/1282 s1 t2-nb240-power-1240      valid=True think=8/word rtok=7 gpu_s=12.9
[r1_gen  86.3m] 742/1282 s1 t2-wb0530-gain-1206      valid=True think=4/word rtok=2 gpu_s=13.7
[r1_gen  86.4m] 743/1282 s2 t2-wb0530-gain-1297      valid=True think=212/word rtok=209 gpu_s=35.5
[r1_gen  86.5m] 744/1282 s1 t2-wb0530-gain-1297      valid=True think=255/word rtok=252 gpu_s=43.7
[r1_gen  86.6m] 745/1282 s2 t2-wb0530-gain-1206      valid=True think=4/word rtok=2 gpu_s=16.0
[r1_gen  86.6m] 746/1282 s2 t2-nb240-power-1240      valid=True think=256/word rtok=255 gpu_s=39.8
[r1_gen  86.8m] 747/1282 s2 t2-nb350-gain-0123       valid=True think=4/word rtok=2 gpu_s=17.9
[r1_gen  86.8m] 748/1282 s1 t2-nb240-power-0381      valid=True think=4/word rtok=2 gpu_s=15.0
[r1_gen  86.9m] 749/1282 s2 t2-nb240-power-0381      valid=True think=4/word rtok=2 gpu_s=14.9
[r1_gen  87.1m] 750/1282 s1 t2-nb240-noise-0341      valid=True think=4/word rtok=2 gpu_s=10.2
[r1_gen  87.1m] 751/1282 s1 t2-nb350-gain-0123       valid=True think=4/word rtok=2 gpu_s=41.5
[r1_gen  87.3m] 752/1282 s2 t2-nb240-noise-0341      valid=True think=4/word rtok=2 gpu_s=12.2
[r1_gen  87.3m] 753/1282 s1 t2-nb350-gain-1293       valid=True think=42/word rtok=41 gpu_s=15.7
[r1_gen  87.5m] 754/1282 s1 t2-nb350-gain-1377       valid=True think=242/word rtok=239 gpu_s=43.9
[r1_gen  87.5m] 755/1282 s2 t2-nb350-gain-1293       valid=True think=4/word rtok=2 gpu_s=14.9
[r1_gen  87.6m] 756/1282 s2 t2-nb350-gain-1377       valid=True think=265/word rtok=262 gpu_s=48.2
[r1_gen  87.8m] 757/1282 s1 t2-nb240-power-1220      valid=True think=24/word rtok=23 gpu_s=14.4
[r1_gen  87.9m] 758/1282 s2 t2-nb240-power-1220      valid=True think=61/word rtok=60 gpu_s=17.3
[r1_gen  88.1m] 759/1282 s1 t2-wb0824-noise-1281     valid=True think=4/word rtok=2 gpu_s=15.7
[r1_gen  88.1m] 760/1282 s1 t2-wb0824-noise-1087     valid=True think=229/word rtok=226 gpu_s=45.9
[r1_gen  88.4m] 761/1282 s2 t2-wb0824-noise-1087     valid=True think=302/word rtok=299 gpu_s=51.2
[r1_gen  88.6m] 762/1282 s1 t2-nb240-power-1081      valid=True think=4/word rtok=2 gpu_s=10.7
[r1_gen  88.6m] 763/1282 s1 t2-wb0530-gain-1394      valid=True think=223/word rtok=220 gpu_s=32.9
[r1_gen  88.7m] 764/1282 s2 t2-wb0824-noise-1281     valid=True think=265/word rtok=262 gpu_s=45.0
[r1_gen  88.8m] 765/1282 s2 t2-wb0530-gain-1394      valid=True think=216/word rtok=213 gpu_s=38.2
[r1_gen  89.0m] 766/1282 s1 t2-nb350-gain-1067       valid=True think=4/word rtok=2 gpu_s=10.7
[r1_gen  89.1m] 767/1282 s2 t2-nb240-power-1081      valid=True think=215/word rtok=212 gpu_s=34.6
[r1_gen  89.3m] 768/1282 s1 t2-wb0824-noise-1407     valid=True think=238/word rtok=235 gpu_s=41.3
[r1_gen  89.4m] 769/1282 s1 t2-nb240-power-1391      valid=True think=5/word rtok=3 gpu_s=12.8
[r1_gen  89.4m] 770/1282 s2 t2-wb0824-noise-1407     valid=True think=222/word rtok=219 gpu_s=40.9
[r1_gen  89.6m] 771/1282 s2 t2-nb350-gain-1067       valid=True think=204/word rtok=201 gpu_s=36.0
[r1_gen  89.6m] 772/1282 s2 t2-nb240-power-1391      valid=True think=4/word rtok=2 gpu_s=16.5
[r1_gen  89.6m] 773/1282 s2 t2-nb240-noise-0148      valid=True think=4/word rtok=2 gpu_s=14.2
[r1_gen  89.8m] 774/1282 s1 t2-nb350-gain-0332       valid=True think=4/word rtok=2 gpu_s=15.9
[r1_gen  89.9m] 775/1282 s2 t2-nb350-gain-0332       valid=True think=4/word rtok=2 gpu_s=17.0
[r1_gen  90.1m] 776/1282 s2 t2-nb240-noise-1237      valid=True think=4/word rtok=2 gpu_s=12.8
[r1_gen  90.1m] 777/1282 s1 t2-nb158-gain-1498       valid=True think=4/word rtok=2 gpu_s=12.8
[r1_gen  90.2m] 778/1282 s1 t2-nb240-noise-0148      valid=True think=271/word rtok=268 gpu_s=52.1
[r1_gen  90.3m] 779/1282 s2 t2-nb158-gain-1498       valid=True think=4/word rtok=2 gpu_s=14.8
[r1_gen  90.5m] 780/1282 s1 t2-nb240-noise-1237      valid=True think=315/word rtok=312 gpu_s=48.3
[r1_gen  90.7m] 781/1282 s1 t2-wb0530-gain-0267      valid=True think=266/word rtok=263 gpu_s=37.6
[r1_gen  90.9m] 782/1282 s2 t2-wb0530-gain-0267      valid=True think=196/word rtok=193 gpu_s=37.6
[r1_gen  91.0m] 783/1282 s1 t2-nb090-power-1409      valid=True think=4/word rtok=2 gpu_s=12.6
[r1_gen  91.0m] 784/1282 s1 t2-nb350-gain-1347       valid=True think=236/word rtok=233 gpu_s=41.4
[r1_gen  91.1m] 785/1282 s2 t2-nb090-power-1409      valid=True think=4/word rtok=2 gpu_s=15.0
[r1_gen  91.2m] 786/1282 s2 t2-nb350-gain-1347       valid=True think=226/word rtok=223 gpu_s=43.4
[r1_gen  91.2m] 787/1282 s1 t2-nb240-noise-1028      valid=True think=4/word rtok=2 gpu_s=16.7
[r1_gen  91.4m] 788/1282 s1 t2-nb350-gain-1082       valid=True think=4/word rtok=2 gpu_s=14.8
[r1_gen  91.4m] 789/1282 s2 t2-nb350-gain-1082       valid=True think=4/word rtok=2 gpu_s=14.5
[r1_gen  91.5m] 790/1282 s1 t2-wb0530-gain-1020      valid=True think=3/word rtok=1 gpu_s=17.4
[r1_gen  91.7m] 791/1282 s2 t2-wb0530-gain-1020      valid=True think=4/word rtok=2 gpu_s=16.5
[r1_gen  91.9m] 792/1282 s2 t2-nb240-noise-1028      valid=True think=268/word rtok=265 gpu_s=50.5
[r1_gen  92.1m] 793/1282 s1 t2-nb350-gain-1102       valid=True think=213/word rtok=210 gpu_s=37.7
[r1_gen  92.2m] 794/1282 s2 t2-nb350-gain-1102       valid=True think=226/word rtok=223 gpu_s=36.6
[r1_gen  92.3m] 795/1282 s1 t2-nb350-gain-1103       valid=True think=249/word rtok=246 gpu_s=39.9
[r1_gen  92.4m] 796/1282 s1 t2-nb240-power-1360      valid=True think=4/word rtok=2 gpu_s=18.4
[r1_gen  92.5m] 797/1282 s2 t2-nb350-gain-1103       valid=True think=170/word rtok=169 gpu_s=36.3
[r1_gen  92.5m] 798/1282 s2 t2-nb240-power-1360      valid=True think=4/word rtok=2 gpu_s=19.9
[r1_gen  92.6m] 799/1282 s2 t2-nb240-noise-1426      valid=True think=5/word rtok=3 gpu_s=15.2
[r1_gen  92.7m] 800/1282 s2 t2-nb240-noise-1289      valid=True think=4/word rtok=2 gpu_s=12.6
[r1_gen  92.7m] 801/1282 s1 t2-nb240-noise-1289      valid=True think=5/word rtok=3 gpu_s=14.9
[r1_gen  92.9m] 802/1282 s1 t2-nb240-noise-1218      valid=True think=4/word rtok=2 gpu_s=14.6
[r1_gen  93.0m] 803/1282 s2 t2-nb240-noise-1218      valid=True think=13/word rtok=12 gpu_s=15.2
[r1_gen  93.2m] 804/1282 s1 t2-nb240-noise-1426      valid=True think=282/word rtok=279 gpu_s=50.4
[r1_gen  93.2m] 805/1282 s2 t2-wb0824-power-1106     valid=True think=4/word rtok=2 gpu_s=17.2
[r1_gen  93.3m] 806/1282 s1 t2-nb090-power-1456      valid=True think=4/word rtok=2 gpu_s=16.8
[r1_gen  93.4m] 807/1282 s1 t2-wb0824-power-1025     valid=True think=4/word rtok=2 gpu_s=11.7
[r1_gen  93.5m] 808/1282 s2 t2-nb090-power-1456      valid=True think=4/word rtok=2 gpu_s=18.6
[r1_gen  93.6m] 809/1282 s2 t2-wb0824-power-1025     valid=True think=4/word rtok=2 gpu_s=16.3
[r1_gen  93.6m] 810/1282 s1 t2-wb0824-power-1106     valid=True think=238/word rtok=235 gpu_s=53.2
[r1_gen  93.8m] 811/1282 s2 t2-nb240-noise-1130      valid=True think=4/word rtok=2 gpu_s=14.8
[r1_gen  93.9m] 812/1282 s2 t2-nb158-gain-1387       valid=True think=10/word rtok=8 gpu_s=13.0
[r1_gen  94.1m] 813/1282 s1 t2-nb240-noise-1130      valid=True think=271/word rtok=268 gpu_s=42.7
[r1_gen  94.3m] 814/1282 s1 t2-nb158-gain-1387       valid=True think=268/word rtok=265 gpu_s=43.6
[r1_gen  94.3m] 815/1282 s1 t2-nb240-noise-1252      valid=True think=4/word rtok=2 gpu_s=10.5
[r1_gen  94.3m] 816/1282 s1 t2-wb0824-power-1231     valid=True think=179/word rtok=176 gpu_s=34.9
[r1_gen  94.6m] 817/1282 s2 t2-wb0824-power-1231     valid=True think=310/word rtok=307 gpu_s=46.4
[r1_gen  94.9m] 818/1282 s2 t2-nb158-gain-1128       valid=True think=248/word rtok=245 gpu_s=32.6
[r1_gen  94.9m] 819/1282 s1 t2-nb158-gain-1128       valid=True think=227/word rtok=224 gpu_s=38.4
[r1_gen  95.0m] 820/1282 s2 t2-nb240-noise-1252      valid=True think=244/word rtok=241 gpu_s=42.1
[r1_gen  95.1m] 821/1282 s2 t2-nb158-gain-1428       valid=True think=4/word rtok=2 gpu_s=14.4
[r1_gen  95.2m] 822/1282 s1 t2-wb0824-noise-1193     valid=True think=4/word rtok=2 gpu_s=16.0
[r1_gen  95.3m] 823/1282 s1 t2-nb158-gain-1428       valid=True think=251/word rtok=248 gpu_s=40.8
[r1_gen  95.4m] 824/1282 s1 t2-nb240-noise-1420      valid=True think=5/word rtok=3 gpu_s=15.0
[r1_gen  95.5m] 825/1282 s1 t2-nb240-noise-1400      valid=True think=5/word rtok=3 gpu_s=13.0
[r1_gen  95.7m] 826/1282 s2 t2-wb0824-noise-1193     valid=True think=228/word rtok=225 gpu_s=39.9
[r1_gen  95.9m] 827/1282 s2 t2-nb240-noise-1420      valid=True think=258/word rtok=255 gpu_s=40.1
[r1_gen  96.1m] 828/1282 s2 t2-nb240-noise-1400      valid=True think=241/word rtok=238 gpu_s=39.5
[r1_gen  96.1m] 829/1282 s1 t2-nb158-gain-0389       valid=True think=4/word rtok=2 gpu_s=12.7
[r1_gen  96.2m] 830/1282 s1 t2-nb350-gain-1051       valid=True think=222/word rtok=219 gpu_s=36.7
[r1_gen  96.3m] 831/1282 s2 t2-nb350-gain-1051       valid=True think=196/word rtok=193 gpu_s=37.2
[r1_gen  96.4m] 832/1282 s2 t2-nb158-gain-0389       valid=True think=12/word rtok=11 gpu_s=17.4
[r1_gen  96.9m] 833/1282 s1 t2-nb090-power-1453      valid=True think=247/word rtok=244 gpu_s=32.4
[r1_gen  96.9m] 834/1282 s2 t2-nb240-power-1325      valid=True think=3/word rtok=1 gpu_s=43.5
[r1_gen  97.0m] 835/1282 s2 t2-nb090-power-1453      valid=True think=241/word rtok=238 gpu_s=37.0
[r1_gen  97.1m] 836/1282 s2 t2-nb240-power-1171      valid=True think=4/word rtok=2 gpu_s=12.8
[r1_gen  97.2m] 837/1282 s1 t2-nb158-gain-1014       valid=True think=4/word rtok=2 gpu_s=12.8
[r1_gen  97.3m] 838/1282 s2 t2-nb158-gain-1014       valid=True think=4/word rtok=2 gpu_s=12.6
[r1_gen  97.5m] 839/1282 s2 t2-nb158-gain-1388       valid=True think=4/word rtok=2 gpu_s=10.5
[r1_gen  97.6m] 840/1282 s1 t2-nb240-power-1171      valid=True think=266/word rtok=263 gpu_s=44.3
[r1_gen  97.7m] 841/1282 s1 t2-nb158-gain-1146       valid=True think=4/word rtok=2 gpu_s=12.2
[r1_gen  97.9m] 842/1282 s1 t2-nb158-gain-1388       valid=True think=232/word rtok=229 gpu_s=41.2
[r1_gen  98.0m] 843/1282 s1 t2-wb0530-gain-0298      valid=True think=12/word rtok=11 gpu_s=17.8
[r1_gen  98.1m] 844/1282 s1 t2-nb240-power-1325      valid=True think=917/word rtok=916 gpu_s=117.9
[r1_gen  98.3m] 845/1282 s2 t2-nb158-gain-1146       valid=True think=235/word rtok=232 gpu_s=39.6
[r1_gen  98.3m] 846/1282 s2 t2-nb090-power-1438      valid=True think=20/word rtok=19 gpu_s=14.2
[r1_gen  98.6m] 847/1282 s2 t2-wb0530-gain-0298      valid=True think=244/word rtok=241 gpu_s=42.0
[r1_gen  98.7m] 848/1282 s1 t2-nb090-power-1438      valid=True think=223/word rtok=220 gpu_s=39.3
[r1_gen  99.0m] 849/1282 s2 t2-nb240-noise-1484      valid=True think=239/word rtok=236 gpu_s=36.7
[r1_gen  99.0m] 850/1282 s1 t2-nb240-noise-1484      valid=True think=252/word rtok=249 gpu_s=43.3
[r1_gen  99.2m] 851/1282 s1 t2-wb0824-power-0221     valid=True think=4/word rtok=2 gpu_s=14.0
[r1_gen  99.3m] 852/1282 s2 t2-wb0824-power-0221     valid=True think=4/word rtok=2 gpu_s=14.4
[r1_gen  99.4m] 853/1282 s2 t2-wb0824-power-0203     valid=True think=203/word rtok=200 gpu_s=38.7
[r1_gen  99.4m] 854/1282 s1 t2-wb0824-power-0203     valid=True think=222/word rtok=219 gpu_s=46.2
[r1_gen  99.6m] 855/1282 s1 t2-nb090-power-1502      valid=True think=4/word rtok=2 gpu_s=12.3
[r1_gen  99.6m] 856/1282 s2 t2-nb090-power-1502      valid=True think=4/word rtok=2 gpu_s=12.4
[r1_gen  99.8m] 857/1282 s2 t2-wb0530-gain-0304      valid=True think=147/word rtok=146 gpu_s=33.9
[r1_gen  99.9m] 858/1282 s1 t2-wb0530-gain-0304      valid=True think=199/word rtok=196 gpu_s=40.9
[r1_gen 100.0m] 859/1282 s1 t2-wb0530-gain-1189      valid=True think=13/word rtok=12 gpu_s=9.6
[r1_gen 100.1m] 860/1282 s2 t2-wb0530-gain-1189      valid=True think=4/word rtok=2 gpu_s=14.2
[r1_gen 100.2m] 861/1282 s1 t2-nb240-noise-0358      valid=True think=4/word rtok=2 gpu_s=12.7
[r1_gen 100.3m] 862/1282 s2 t2-nb240-noise-0358      valid=True think=4/word rtok=2 gpu_s=12.6
[r1_gen 100.4m] 863/1282 s2 t2-wb0824-power-1477     valid=True think=275/word rtok=272 gpu_s=47.4
[r1_gen 100.5m] 864/1282 s1 t2-wb0824-power-1477     valid=True think=318/word rtok=315 gpu_s=55.6
[r1_gen 100.6m] 865/1282 s1 t2-nb158-gain-0326       valid=True think=4/word rtok=2 gpu_s=12.8
[r1_gen 101.0m] 866/1282 s2 t2-nb158-gain-0326       valid=True think=172/word rtok=171 gpu_s=26.5
[r1_gen 101.0m] 867/1282 s1 t2-nb240-noise-1217      valid=True think=268/word rtok=265 gpu_s=47.5
[r1_gen 101.1m] 868/1282 s2 t2-nb240-noise-1217      valid=True think=229/word rtok=226 gpu_s=41.9
[r1_gen 101.2m] 869/1282 s1 t2-wb0824-power-1142     valid=True think=4/word rtok=2 gpu_s=11.3
[r1_gen 101.3m] 870/1282 s1 t2-wb0824-noise-1088     valid=True think=279/word rtok=276 gpu_s=41.2
[r1_gen 101.4m] 871/1282 s2 t2-wb0824-power-1142     valid=True think=88/word rtok=87 gpu_s=20.3
[r1_gen 101.6m] 872/1282 s2 t2-wb0824-noise-0251     valid=True think=4/word rtok=2 gpu_s=15.7
[r1_gen 101.7m] 873/1282 s1 t2-wb0824-noise-1367     valid=True think=4/word rtok=2 gpu_s=15.7
[r1_gen 101.8m] 874/1282 s2 t2-wb0824-noise-1088     valid=True think=256/word rtok=253 gpu_s=49.3
[r1_gen 101.9m] 875/1282 s1 t2-nb240-power-1402      valid=True think=4/word rtok=2 gpu_s=12.8
[r1_gen 101.9m] 876/1282 s2 t2-wb0824-noise-1367     valid=True think=4/word rtok=2 gpu_s=20.0
[r1_gen 101.9m] 877/1282 s1 t2-wb0824-noise-0251     valid=True think=190/word rtok=187 gpu_s=42.6
[r1_gen 102.2m] 878/1282 s2 t2-wb0530-gain-1473      valid=True think=4/word rtok=2 gpu_s=15.8
[r1_gen 102.4m] 879/1282 s2 t2-nb158-gain-0033       valid=True think=4/word rtok=2 gpu_s=8.6
[r1_gen 102.5m] 880/1282 s1 t2-wb0530-gain-1473      valid=True think=147/word rtok=146 gpu_s=33.5
[r1_gen 102.6m] 881/1282 s2 t2-nb240-power-1402      valid=True think=249/word rtok=246 gpu_s=45.5
[r1_gen 102.6m] 882/1282 s1 t2-nb158-gain-0033       valid=True think=233/word rtok=230 gpu_s=39.8
[r1_gen 102.7m] 883/1282 s1 t2-wb0530-gain-1121      valid=True think=4/word rtok=2 gpu_s=19.1
[r1_gen 102.8m] 884/1282 s1 t2-nb350-gain-1203       valid=True think=4/word rtok=2 gpu_s=14.5
[r1_gen 103.2m] 885/1282 s2 t2-wb0530-gain-1121      valid=True think=262/word rtok=259 gpu_s=42.4
[r1_gen 103.3m] 886/1282 s1 t2-wb0824-power-1161     valid=True think=197/word rtok=194 gpu_s=34.2
[r1_gen 103.3m] 887/1282 s2 t2-nb350-gain-1203       valid=True think=256/word rtok=253 gpu_s=42.7
[r1_gen 103.4m] 888/1282 s1 t2-nb158-gain-1341       valid=True think=4/word rtok=2 gpu_s=14.8
[r1_gen 103.5m] 889/1282 s2 t2-wb0824-power-1161     valid=True think=217/word rtok=214 gpu_s=39.2
[r1_gen 103.6m] 890/1282 s2 t2-nb158-gain-1341       valid=True think=4/word rtok=2 gpu_s=16.9
[r1_gen 104.0m] 891/1282 s2 t2-wb0530-gain-0274      valid=True think=203/word rtok=200 gpu_s=35.0
[r1_gen 104.1m] 892/1282 s1 t2-wb0530-gain-0274      valid=True think=260/word rtok=257 gpu_s=46.5
[r1_gen 104.2m] 893/1282 s2 t2-nb240-noise-0357      valid=True think=285/word rtok=282 gpu_s=37.9
[r1_gen 104.2m] 894/1282 s1 t2-nb240-noise-0357      valid=True think=306/word rtok=303 gpu_s=46.5
[r1_gen 104.4m] 895/1282 s1 t2-nb158-gain-1112       valid=True think=4/word rtok=2 gpu_s=20.2
[r1_gen 104.5m] 896/1282 s2 t2-nb350-gain-0171       valid=True think=4/word rtok=2 gpu_s=13.0
[r1_gen 104.6m] 897/1282 s1 t2-nb350-gain-0171       valid=True think=95/word rtok=94 gpu_s=23.4
[r1_gen 104.7m] 898/1282 s1 t2-wb0824-noise-1396     valid=True think=4/word rtok=2 gpu_s=18.4
[r1_gen 104.8m] 899/1282 s2 t2-wb0824-noise-1396     valid=True think=4/word rtok=2 gpu_s=17.8
[r1_gen 104.9m] 900/1282 s2 t2-nb350-gain-1490       valid=True think=4/word rtok=2 gpu_s=12.8
[r1_gen 105.0m] 901/1282 s1 t2-nb350-gain-1490       valid=False think=4/word rtok=2 gpu_s=25.8
[r1_gen 105.1m] 902/1282 s2 t2-nb158-gain-1112       valid=True think=274/word rtok=271 gpu_s=58.6
[r1_gen 105.2m] 903/1282 s2 t2-nb240-power-0329      valid=True think=4/word rtok=2 gpu_s=14.9
[r1_gen 105.3m] 904/1282 s1 t2-wb0824-noise-0084     valid=True think=4/word rtok=2 gpu_s=17.7
[r1_gen 105.5m] 905/1282 s1 t2-nb240-power-0329      valid=True think=238/word rtok=235 gpu_s=43.3
[r1_gen 105.6m] 906/1282 s2 t2-wb0530-gain-1493      valid=True think=4/word rtok=2 gpu_s=14.2
[r1_gen 105.7m] 907/1282 s2 t2-wb0824-noise-0084     valid=True think=219/word rtok=216 gpu_s=36.0
[r1_gen 105.8m] 908/1282 s1 t2-wb0530-gain-1493      valid=True think=224/word rtok=221 gpu_s=39.7
[r1_gen 105.9m] 909/1282 s1 t2-nb350-gain-1134       valid=True think=4/word rtok=2 gpu_s=12.8
[r1_gen 106.2m] 910/1282 s1 t2-wb0824-power-1318     valid=True think=4/word rtok=2 gpu_s=14.8
[r1_gen 106.2m] 911/1282 s2 t2-wb0824-noise-1158     valid=True think=208/word rtok=205 gpu_s=37.5
[r1_gen 106.3m] 912/1282 s1 t2-wb0824-noise-1158     valid=True think=271/word rtok=268 gpu_s=47.6
[r1_gen 106.4m] 913/1282 s1 t2-nb350-gain-1034       valid=True think=4/word rtok=2 gpu_s=12.8
[r1_gen 106.5m] 914/1282 s2 t2-nb350-gain-1134       valid=True think=225/word rtok=222 gpu_s=39.9
[r1_gen 106.6m] 915/1282 s2 t2-nb350-gain-1034       valid=True think=4/word rtok=2 gpu_s=14.7
[r1_gen 106.9m] 916/1282 s2 t2-wb0824-power-1318     valid=True think=231/word rtok=230 gpu_s=42.2
[r1_gen 107.0m] 917/1282 s1 t2-wb0824-power-1073     valid=True think=169/word rtok=166 gpu_s=26.1
[r1_gen 107.1m] 918/1282 s1 t2-wb0824-noise-1157     valid=True think=203/word rtok=200 gpu_s=38.6
[r1_gen 107.2m] 919/1282 s2 t2-wb0824-power-1073     valid=True think=4/word rtok=2 gpu_s=17.7
[r1_gen 107.4m] 920/1282 s2 t2-wb0824-noise-1157     valid=True think=307/word rtok=304 gpu_s=50.5
[r1_gen 107.4m] 921/1282 s1 t2-nb350-gain-1223       valid=True think=4/word rtok=2 gpu_s=12.7
[r1_gen 107.6m] 922/1282 s2 t2-nb350-gain-1223       valid=True think=5/word rtok=3 gpu_s=12.9
[r1_gen 107.7m] 923/1282 s1 t2-nb350-gain-1310       valid=True think=235/word rtok=232 gpu_s=40.0
[r1_gen 107.8m] 924/1282 s2 t2-nb350-gain-1310       valid=True think=244/word rtok=241 gpu_s=41.0
[r1_gen 107.9m] 925/1282 s1 t2-nb240-power-1375      valid=True think=5/word rtok=3 gpu_s=12.9
[r1_gen 108.0m] 926/1282 s2 t2-nb240-power-1375      valid=True think=4/word rtok=2 gpu_s=12.8
[r1_gen 108.1m] 927/1282 s1 t2-nb090-power-1092      valid=True think=4/word rtok=2 gpu_s=12.7
[r1_gen 108.2m] 928/1282 s2 t2-nb090-power-1092      valid=True think=4/word rtok=2 gpu_s=12.5
[r1_gen 108.2m] 929/1282 s1 t2-wb0824-noise-1209     valid=True think=237/word rtok=234 gpu_s=48.8
[r1_gen 108.3m] 930/1282 s2 t2-wb0824-noise-1209     valid=True think=195/word rtok=192 gpu_s=44.0
[r1_gen 108.4m] 931/1282 s1 t2-nb240-power-0037      valid=True think=4/word rtok=2 gpu_s=15.8
[r1_gen 108.4m] 932/1282 s1 t2-wb0824-power-1011     valid=True think=13/word rtok=12 gpu_s=11.7
[r1_gen 108.6m] 933/1282 s2 t2-nb350-gain-1392       valid=True think=4/word rtok=2 gpu_s=10.5
[r1_gen 108.9m] 934/1282 s2 t2-nb240-power-0037      valid=True think=237/word rtok=234 gpu_s=41.0
[r1_gen 109.0m] 935/1282 s1 t2-nb350-gain-1392       valid=True think=166/word rtok=165 gpu_s=32.8
[r1_gen 109.0m] 936/1282 s1 t2-wb0824-power-1197     valid=True think=54/word rtok=53 gpu_s=21.9
[r1_gen 109.1m] 937/1282 s2 t2-wb0824-power-1011     valid=True think=281/word rtok=278 gpu_s=48.5
[r1_gen 109.2m] 938/1282 s2 t2-wb0824-power-1197     valid=True think=4/word rtok=2 gpu_s=19.8
[r1_gen 109.3m] 939/1282 s1 t2-nb240-power-0151      valid=True think=4/word rtok=2 gpu_s=20.5
[r1_gen 109.4m] 940/1282 s1 t2-nb090-power-0398      valid=True think=4/word rtok=2 gpu_s=14.8
[r1_gen 109.5m] 941/1282 s2 t2-nb090-power-0398      valid=True think=4/word rtok=2 gpu_s=14.7
[r1_gen 109.7m] 942/1282 s2 t2-nb240-power-0151      valid=True think=222/word rtok=219 gpu_s=38.7
[r1_gen 110.0m] 943/1282 s1 t2-wb0530-gain-1351      valid=True think=261/word rtok=258 gpu_s=41.6
[r1_gen 110.1m] 944/1282 s1 t2-nb158-gain-1418       valid=True think=196/word rtok=193 gpu_s=34.1
[r1_gen 110.2m] 945/1282 s2 t2-wb0530-gain-1351      valid=True think=306/word rtok=303 gpu_s=48.1
[r1_gen 110.3m] 946/1282 s2 t2-nb158-gain-1418       valid=True think=243/word rtok=240 gpu_s=38.0
[r1_gen 110.4m] 947/1282 s1 t2-nb240-noise-1168      valid=True think=4/word rtok=2 gpu_s=12.9
[r1_gen 110.7m] 948/1282 s1 t2-nb350-gain-1329       valid=True think=259/word rtok=256 gpu_s=43.1
[r1_gen 110.7m] 949/1282 s2 t2-nb350-gain-1329       valid=True think=249/word rtok=246 gpu_s=39.7
[r1_gen 110.9m] 950/1282 s2 t2-nb240-noise-1168      valid=True think=183/word rtok=180 gpu_s=34.0
[r1_gen 111.0m] 951/1282 s2 t2-nb350-gain-0384       valid=True think=8/word rtok=7 gpu_s=15.0
[r1_gen 111.1m] 952/1282 s2 t2-nb240-noise-0328      valid=True think=4/word rtok=2 gpu_s=12.7
[r1_gen 111.1m] 953/1282 s1 t2-nb350-gain-0384       valid=True think=234/word rtok=231 gpu_s=43.0
[r1_gen 111.4m] 954/1282 s1 t2-nb240-noise-0328      valid=True think=219/word rtok=216 gpu_s=40.7
[r1_gen 111.6m] 955/1282 s1 t2-nb240-power-1470      valid=True think=262/word rtok=259 gpu_s=38.1
[r1_gen 111.8m] 956/1282 s2 t2-nb240-power-1470      valid=True think=222/word rtok=219 gpu_s=38.6
[r1_gen 111.8m] 957/1282 s1 t2-nb240-noise-1499      valid=True think=225/word rtok=222 gpu_s=38.5
[r1_gen 111.9m] 958/1282 s1 t2-wb0824-power-1354     valid=True think=4/word rtok=2 gpu_s=13.9
[r1_gen 112.1m] 959/1282 s2 t2-wb0824-power-1354     valid=True think=4/word rtok=2 gpu_s=17.6
[r1_gen 112.1m] 960/1282 s1 t2-wb0824-power-0239     valid=True think=4/word rtok=2 gpu_s=18.6
[r1_gen 112.2m] 961/1282 s2 t2-nb240-noise-1499      valid=True think=260/word rtok=257 gpu_s=47.5
[r1_gen 112.3m] 962/1282 s1 t2-nb158-gain-1269       valid=True think=4/word rtok=2 gpu_s=14.9
[r1_gen 112.6m] 963/1282 s2 t2-wb0824-power-0239     valid=True think=224/word rtok=221 gpu_s=41.6
[r1_gen 112.7m] 964/1282 s2 t2-nb158-gain-1269       valid=True think=199/word rtok=198 gpu_s=32.8
[r1_gen 112.8m] 965/1282 s1 t2-nb158-gain-1027       valid=True think=221/word rtok=218 gpu_s=36.4
[r1_gen 113.0m] 966/1282 s2 t2-nb158-gain-1027       valid=True think=260/word rtok=257 gpu_s=39.4
[r1_gen 113.2m] 967/1282 s2 t2-wb0824-power-1178     valid=True think=194/word rtok=191 gpu_s=33.8
[r1_gen 113.3m] 968/1282 s1 t2-wb0824-power-1178     valid=True think=265/word rtok=262 gpu_s=44.1
[r1_gen 113.4m] 969/1282 s1 t2-nb240-power-0098      valid=True think=233/word rtok=230 gpu_s=35.0
[r1_gen 113.5m] 970/1282 s1 t2-wb0824-noise-1381     valid=True think=4/word rtok=2 gpu_s=16.2
[r1_gen 113.6m] 971/1282 s2 t2-wb0824-noise-1381     valid=True think=4/word rtok=2 gpu_s=16.3
[r1_gen 113.7m] 972/1282 s1 t2-nb158-gain-1397       valid=True think=4/word rtok=2 gpu_s=14.6
[r1_gen 113.7m] 973/1282 s2 t2-nb240-power-0098      valid=True think=285/word rtok=282 gpu_s=45.5
[r1_gen 113.8m] 974/1282 s2 t2-nb158-gain-1397       valid=True think=4/word rtok=2 gpu_s=16.8
[r1_gen 113.9m] 975/1282 s1 t2-wb0824-noise-1279     valid=True think=4/word rtok=2 gpu_s=20.0
[r1_gen 114.0m] 976/1282 s2 t2-wb0824-noise-1279     valid=True think=4/word rtok=2 gpu_s=19.9
[r1_gen 114.1m] 977/1282 s2 t2-wb0824-power-1108     valid=True think=5/word rtok=3 gpu_s=18.6
[r1_gen 114.2m] 978/1282 s1 t2-nb158-gain-0402       valid=True think=4/word rtok=2 gpu_s=14.8
[r1_gen 114.3m] 979/1282 s2 t2-nb158-gain-0402       valid=True think=4/word rtok=2 gpu_s=14.8
[r1_gen 114.5m] 980/1282 s2 t2-wb0824-noise-0321     valid=True think=4/word rtok=2 gpu_s=15.5
[r1_gen 114.5m] 981/1282 s1 t2-wb0824-power-1108     valid=True think=222/word rtok=219 gpu_s=46.5
[r1_gen 114.6m] 982/1282 s1 t2-nb350-gain-1346       valid=True think=4/word rtok=2 gpu_s=17.5
[r1_gen 114.7m] 983/1282 s1 t2-wb0824-noise-0321     valid=True think=178/word rtok=175 gpu_s=35.0
[r1_gen 114.8m] 984/1282 s1 t2-nb240-power-1254      valid=True think=4/word rtok=2 gpu_s=14.7
[r1_gen 114.8m] 985/1282 s2 t2-nb240-power-1254      valid=True think=4/word rtok=2 gpu_s=14.6
[r1_gen 115.0m] 986/1282 s2 t2-wb0530-gain-0250      valid=True think=4/word rtok=2 gpu_s=15.5
[r1_gen 115.1m] 987/1282 s1 t2-wb0824-power-1369     valid=True think=4/word rtok=2 gpu_s=17.0
[r1_gen 115.3m] 988/1282 s2 t2-wb0824-power-1369     valid=True think=4/word rtok=2 gpu_s=15.8
[r1_gen 115.4m] 989/1282 s2 t2-nb350-gain-1346       valid=True think=268/word rtok=265 gpu_s=53.7
[r1_gen 115.6m] 990/1282 s1 t2-wb0530-gain-0250      valid=True think=288/word rtok=285 gpu_s=50.0
[r1_gen 115.8m] 991/1282 s1 t2-nb158-gain-1234       valid=True think=221/word rtok=218 gpu_s=38.1
[r1_gen 115.8m] 992/1282 s2 t2-wb0530-gain-1104      valid=True think=4/word rtok=2 gpu_s=15.4
[r1_gen 116.0m] 993/1282 s1 t2-wb0824-power-1210     valid=True think=4/word rtok=2 gpu_s=13.6
[r1_gen 116.0m] 994/1282 s1 t2-wb0530-gain-1104      valid=True think=218/word rtok=215 gpu_s=39.6
[r1_gen 116.1m] 995/1282 s2 t2-nb158-gain-1234       valid=True think=280/word rtok=277 gpu_s=49.0
[r1_gen 116.3m] 996/1282 s2 t2-wb0824-power-1210     valid=True think=110/word rtok=109 gpu_s=25.8
[r1_gen 116.4m] 997/1282 s1 t2-nb090-power-0032      valid=True think=4/word rtok=2 gpu_s=13.9
[r1_gen 116.6m] 998/1282 s1 t2-nb240-noise-1429      valid=True think=4/word rtok=2 gpu_s=10.6
[r1_gen 116.7m] 999/1282 s1 t2-wb0530-gain-1363      valid=True think=237/word rtok=234 gpu_s=42.7
[r1_gen 116.8m] 1000/1282 s2 t2-wb0530-gain-1363      valid=True think=238/word rtok=235 gpu_s=43.0
[r1_gen 116.9m] 1001/1282 s2 t2-nb090-power-0032      valid=True think=227/word rtok=224 gpu_s=35.8
[r1_gen 117.0m] 1002/1282 s2 t2-nb240-power-1100      valid=True think=10/word rtok=8 gpu_s=13.0
[r1_gen 117.1m] 1003/1282 s2 t2-nb240-noise-1429      valid=True think=163/word rtok=162 gpu_s=31.9
[r1_gen 117.2m] 1004/1282 s2 t2-nb090-power-1320      valid=True think=4/word rtok=2 gpu_s=14.2
[r1_gen 117.4m] 1005/1282 s1 t2-nb240-power-1100      valid=True think=12/word rtok=11 gpu_s=42.8
[r1_gen 117.5m] 1006/1282 s2 t2-wb0824-power-1337     valid=True think=4/word rtok=2 gpu_s=16.5
[r1_gen 117.6m] 1007/1282 s1 t2-nb090-power-1320      valid=True think=216/word rtok=213 gpu_s=42.5
[r1_gen 117.7m] 1008/1282 s2 t2-nb158-gain-0390       valid=True think=4/word rtok=2 gpu_s=12.7
[r1_gen 117.8m] 1009/1282 s1 t2-nb158-gain-1464       valid=True think=4/word rtok=2 gpu_s=12.7
[r1_gen 117.9m] 1010/1282 s1 t2-wb0824-power-1337     valid=True think=225/word rtok=224 gpu_s=47.4
[r1_gen 118.0m] 1011/1282 s2 t2-nb158-gain-1464       valid=True think=4/word rtok=2 gpu_s=14.5
[r1_gen 118.1m] 1012/1282 s1 t2-wb0824-power-0179     valid=True think=4/word rtok=2 gpu_s=16.0
[r1_gen 118.2m] 1013/1282 s2 t2-wb0824-power-0179     valid=True think=4/word rtok=2 gpu_s=16.1
[r1_gen 118.3m] 1014/1282 s1 t2-nb158-gain-0390       valid=True think=239/word rtok=236 gpu_s=48.9
[r1_gen 118.6m] 1015/1282 s1 t2-wb0530-gain-1276      valid=True think=186/word rtok=183 gpu_s=34.9
[r1_gen 118.7m] 1016/1282 s2 t2-wb0530-gain-1276      valid=True think=200/word rtok=197 gpu_s=36.1
[r1_gen 118.8m] 1017/1282 s1 t2-wb0824-noise-1159     valid=True think=224/word rtok=221 gpu_s=37.4
[r1_gen 118.9m] 1018/1282 s2 t2-wb0824-noise-1159     valid=True think=301/word rtok=298 gpu_s=39.9
[r1_gen 119.1m] 1019/1282 s2 t2-nb090-power-1110      valid=True think=4/word rtok=2 gpu_s=10.7
[r1_gen 119.3m] 1020/1282 s1 t2-wb0824-noise-1496     valid=True think=244/word rtok=241 gpu_s=41.8
[r1_gen 119.3m] 1021/1282 s1 t2-nb090-power-1110      valid=False think=4/word rtok=2 gpu_s=30.6
[r1_gen 119.4m] 1022/1282 s1 t2-wb0824-power-1125     valid=True think=4/word rtok=2 gpu_s=18.7
[r1_gen 119.5m] 1023/1282 s2 t2-wb0824-noise-1496     valid=True think=296/word rtok=293 gpu_s=47.4
[r1_gen 119.6m] 1024/1282 s2 t2-wb0824-power-1125     valid=True think=4/word rtok=2 gpu_s=20.6
[r1_gen 119.7m] 1025/1282 s2 t2-nb240-power-1469      valid=True think=4/word rtok=2 gpu_s=14.3
[r1_gen 119.7m] 1026/1282 s1 t2-wb0824-power-0009     valid=True think=4/word rtok=2 gpu_s=11.5
[r1_gen 119.9m] 1027/1282 s1 t2-nb350-gain-1241       valid=True think=4/word rtok=2 gpu_s=12.4
[r1_gen 119.9m] 1028/1282 s2 t2-wb0824-power-0009     valid=True think=4/word rtok=2 gpu_s=19.0
[r1_gen 120.2m] 1029/1282 s1 t2-wb0530-gain-1364      valid=True think=4/word rtok=2 gpu_s=16.3
[r1_gen 120.2m] 1030/1282 s2 t2-wb0530-gain-1364      valid=True think=4/word rtok=2 gpu_s=16.8
[r1_gen 120.4m] 1031/1282 s1 t2-nb240-power-1469      valid=True think=372/word rtok=369 gpu_s=62.2
[r1_gen 120.4m] 1032/1282 s2 t2-nb350-gain-1241       valid=True think=231/word rtok=228 gpu_s=44.1
[r1_gen 120.5m] 1033/1282 s1 t2-nb158-gain-1422       valid=True think=4/word rtok=2 gpu_s=17.2
[r1_gen 120.5m] 1034/1282 s2 t2-nb158-gain-1422       valid=True think=4/word rtok=2 gpu_s=17.1
[r1_gen 120.7m] 1035/1282 s2 t2-nb158-gain-1427       valid=True think=4/word rtok=2 gpu_s=10.6
[r1_gen 120.9m] 1036/1282 s1 t2-wb0824-power-1107     valid=True think=4/word rtok=2 gpu_s=11.1
[r1_gen 121.0m] 1037/1282 s1 t2-nb240-noise-1184      valid=True think=228/word rtok=225 gpu_s=37.1
[r1_gen 121.1m] 1038/1282 s2 t2-nb240-noise-1184      valid=True think=199/word rtok=196 gpu_s=37.4
[r1_gen 121.1m] 1039/1282 s1 t2-nb158-gain-1427       valid=True think=235/word rtok=234 gpu_s=37.4
[r1_gen 121.3m] 1040/1282 s1 t2-nb240-noise-1290      valid=True think=4/word rtok=2 gpu_s=10.5
[r1_gen 121.3m] 1041/1282 s2 t2-nb350-gain-0079       valid=True think=4/word rtok=2 gpu_s=15.6
[r1_gen 121.6m] 1042/1282 s1 t2-nb240-noise-0073      valid=True think=4/word rtok=2 gpu_s=13.5
[r1_gen 121.6m] 1043/1282 s2 t2-wb0824-power-1107     valid=True think=272/word rtok=269 gpu_s=40.5
[r1_gen 121.7m] 1044/1282 s1 t2-nb350-gain-0079       valid=True think=305/word rtok=302 gpu_s=43.1
[r1_gen 121.8m] 1045/1282 s2 t2-nb240-noise-0073      valid=True think=4/word rtok=2 gpu_s=15.8
[r1_gen 121.9m] 1046/1282 s1 t2-wb0530-gain-0320      valid=True think=4/word rtok=2 gpu_s=17.5
[r1_gen 122.0m] 1047/1282 s2 t2-nb240-noise-1290      valid=True think=230/word rtok=227 gpu_s=39.9
[r1_gen 122.1m] 1048/1282 s1 t2-wb0530-gain-1008      valid=True think=4/word rtok=2 gpu_s=16.1
[r1_gen 122.2m] 1049/1282 s2 t2-wb0530-gain-1008      valid=True think=4/word rtok=2 gpu_s=16.2
[r1_gen 122.2m] 1050/1282 s1 t2-nb158-gain-1466       valid=True think=4/word rtok=2 gpu_s=14.3
[r1_gen 122.4m] 1051/1282 s2 t2-nb158-gain-1466       valid=True think=4/word rtok=2 gpu_s=14.2
[r1_gen 122.5m] 1052/1282 s1 t2-nb240-noise-1306      valid=True think=4/word rtok=2 gpu_s=18.2
[r1_gen 122.5m] 1053/1282 s2 t2-nb240-noise-1306      valid=True think=4/word rtok=2 gpu_s=17.7
[r1_gen 122.6m] 1054/1282 s2 t2-wb0530-gain-0320      valid=True think=209/word rtok=208 gpu_s=48.8
[r1_gen 122.7m] 1055/1282 s1 t2-nb158-gain-1465       valid=True think=5/word rtok=3 gpu_s=12.4
[r1_gen 123.0m] 1056/1282 s1 t2-nb240-power-0407      valid=True think=277/word rtok=274 gpu_s=41.3
[r1_gen 123.2m] 1057/1282 s2 t2-nb158-gain-1465       valid=True think=250/word rtok=247 gpu_s=37.7
[r1_gen 123.2m] 1058/1282 s2 t2-nb240-power-0407      valid=False think=249/word rtok=248 gpu_s=43.0
[r1_gen 123.4m] 1059/1282 s1 t2-nb350-gain-1311       valid=True think=242/word rtok=239 gpu_s=40.2
[r1_gen 123.8m] 1060/1282 s1 t2-nb240-noise-1389      valid=True think=249/word rtok=246 gpu_s=34.8
[r1_gen 123.8m] 1061/1282 s2 t2-nb350-gain-1311       valid=True think=292/word rtok=289 gpu_s=47.1
[r1_gen 123.9m] 1062/1282 s2 t2-nb240-noise-1389      valid=True think=299/word rtok=296 gpu_s=42.8
[r1_gen 124.1m] 1063/1282 s1 t2-wb0824-noise-0198     valid=True think=193/word rtok=190 gpu_s=37.9
[r1_gen 124.1m] 1064/1282 s1 t2-wb0530-gain-1036      valid=True think=4/word rtok=2 gpu_s=17.6
[r1_gen 124.3m] 1065/1282 s1 t2-wb0824-noise-1315     valid=True think=4/word rtok=2 gpu_s=13.6
[r1_gen 124.4m] 1066/1282 s2 t2-wb0824-noise-1315     valid=True think=3/word rtok=1 gpu_s=13.8
[r1_gen 124.5m] 1067/1282 s2 t2-wb0824-noise-0198     valid=True think=174/word rtok=171 gpu_s=40.4
[r1_gen 124.6m] 1068/1282 s2 t2-wb0530-gain-1036      valid=True think=224/word rtok=223 gpu_s=42.3
[r1_gen 124.8m] 1069/1282 s2 t2-nb090-power-0399      valid=True think=4/word rtok=2 gpu_s=10.7
[r1_gen 125.0m] 1070/1282 s1 t2-wb0530-gain-1259      valid=True think=199/word rtok=196 gpu_s=39.3
[r1_gen 125.0m] 1071/1282 s1 t2-nb158-gain-1058       valid=True think=4/word rtok=2 gpu_s=12.7
[r1_gen 125.1m] 1072/1282 s2 t2-wb0530-gain-1259      valid=True think=222/word rtok=219 gpu_s=43.0
[r1_gen 125.1m] 1073/1282 s1 t2-nb090-power-0399      valid=True think=206/word rtok=205 gpu_s=37.6
[r1_gen 125.2m] 1074/1282 s2 t2-nb158-gain-1058       valid=True think=4/word rtok=2 gpu_s=17.0
[r1_gen 125.3m] 1075/1282 s1 t2-nb350-gain-1136       valid=True think=4/word rtok=2 gpu_s=16.7
[r1_gen 125.5m] 1076/1282 s2 t2-nb090-power-1416      valid=True think=4/word rtok=2 gpu_s=12.6
[r1_gen 125.8m] 1077/1282 s2 t2-nb350-gain-1136       valid=True think=299/word rtok=296 gpu_s=42.1
[r1_gen 126.0m] 1078/1282 s1 t2-wb0824-power-1162     valid=True think=271/word rtok=268 gpu_s=39.1
[r1_gen 126.1m] 1079/1282 s1 t2-nb090-power-1416      valid=True think=396/word rtok=393 gpu_s=57.7
[r1_gen 126.2m] 1080/1282 s2 t2-wb0824-power-1162     valid=True think=264/word rtok=261 gpu_s=42.0
[r1_gen 126.3m] 1081/1282 s1 t2-nb090-power-1461      valid=True think=4/word rtok=2 gpu_s=12.8
[r1_gen 126.5m] 1082/1282 s1 t2-nb240-power-1239      valid=True think=4/word rtok=2 gpu_s=10.7
[r1_gen 126.5m] 1083/1282 s1 t2-wb0824-noise-1261     valid=True think=4/word rtok=2 gpu_s=40.4
[r1_gen 126.7m] 1084/1282 s2 t2-nb240-power-1239      valid=True think=4/word rtok=2 gpu_s=10.6
[r1_gen 126.7m] 1085/1282 s1 t2-wb0824-power-0025     valid=True think=4/word rtok=2 gpu_s=14.0
[r1_gen 126.9m] 1086/1282 s2 t2-wb0824-noise-1261     valid=True think=299/word rtok=296 gpu_s=51.4
[r1_gen 127.0m] 1087/1282 s2 t2-wb0824-power-0025     valid=True think=5/word rtok=3 gpu_s=16.6
[r1_gen 127.0m] 1088/1282 s2 t2-nb090-power-1461      valid=True think=278/word rtok=275 gpu_s=46.9
[r1_gen 127.1m] 1089/1282 s2 t2-nb350-gain-0039       valid=True think=4/word rtok=2 gpu_s=16.4
[r1_gen 127.2m] 1090/1282 s2 t2-nb240-power-1291      valid=True think=12/word rtok=11 gpu_s=15.3
[r1_gen 127.5m] 1091/1282 s1 t2-nb350-gain-0039       valid=True think=258/word rtok=255 gpu_s=43.1
[r1_gen 127.5m] 1092/1282 s2 t2-wb0824-noise-1352     valid=True think=4/word rtok=2 gpu_s=14.3
[r1_gen 127.7m] 1093/1282 s1 t2-nb240-power-1291      valid=True think=239/word rtok=236 gpu_s=42.9
[r1_gen 127.7m] 1094/1282 s1 t2-nb158-gain-1249       valid=True think=5/word rtok=3 gpu_s=14.7
[r1_gen 127.7m] 1095/1282 s2 t2-nb158-gain-1249       valid=True think=4/word rtok=2 gpu_s=14.7
[r1_gen 127.9m] 1096/1282 s1 t2-wb0824-noise-1352     valid=True think=214/word rtok=211 gpu_s=44.1
[r1_gen 128.0m] 1097/1282 s2 t2-nb350-gain-1019       valid=True think=25/word rtok=24 gpu_s=16.1
[r1_gen 128.1m] 1098/1282 s1 t2-nb240-power-0075      valid=True think=5/word rtok=3 gpu_s=19.6
[r1_gen 128.3m] 1099/1282 s1 t2-wb0824-noise-1230     valid=True think=5/word rtok=3 gpu_s=15.6
[r1_gen 128.4m] 1100/1282 s2 t2-wb0824-noise-1230     valid=True think=12/word rtok=11 gpu_s=16.2
[r1_gen 128.4m] 1101/1282 s1 t2-nb350-gain-1019       valid=True think=214/word rtok=211 gpu_s=42.1
[r1_gen 128.5m] 1102/1282 s2 t2-nb240-power-0075      valid=True think=205/word rtok=202 gpu_s=37.3
[r1_gen 128.9m] 1103/1282 s1 t2-nb240-power-1048      valid=True think=215/word rtok=212 gpu_s=37.3
[r1_gen 129.0m] 1104/1282 s1 t2-wb0824-power-1338     valid=True think=228/word rtok=225 gpu_s=33.4
[r1_gen 129.0m] 1105/1282 s2 t2-nb240-power-1048      valid=True think=249/word rtok=246 gpu_s=38.7
[r1_gen 129.1m] 1106/1282 s2 t2-wb0824-power-1338     valid=True think=194/word rtok=191 gpu_s=35.7
[r1_gen 129.3m] 1107/1282 s2 t2-nb090-power-0163      valid=True think=4/word rtok=2 gpu_s=19.6
[r1_gen 129.3m] 1108/1282 s2 t2-nb240-power-1063      valid=True think=4/word rtok=2 gpu_s=12.7
[r1_gen 129.6m] 1109/1282 s1 t2-wb0824-power-0237     valid=True think=3/word rtok=1 gpu_s=15.7
[r1_gen 129.7m] 1110/1282 s1 t2-nb240-power-1063      valid=True think=4/word rtok=2 gpu_s=38.9
[r1_gen 129.8m] 1111/1282 s1 t2-nb090-power-0163      valid=True think=277/word rtok=274 gpu_s=50.7
[r1_gen 129.8m] 1112/1282 s1 t2-nb240-power-0330      valid=True think=4/word rtok=2 gpu_s=14.9
[r1_gen 130.0m] 1113/1282 s2 t2-nb090-power-1013      valid=True think=4/word rtok=2 gpu_s=10.7
[r1_gen 130.1m] 1114/1282 s2 t2-wb0824-power-0237     valid=True think=241/word rtok=238 gpu_s=44.7
[r1_gen 130.2m] 1115/1282 s1 t2-nb158-gain-1419       valid=True think=4/word rtok=2 gpu_s=12.7
[r1_gen 130.3m] 1116/1282 s2 t2-nb158-gain-1419       valid=True think=4/word rtok=2 gpu_s=12.6
[r1_gen 130.4m] 1117/1282 s2 t2-nb240-power-0330      valid=True think=241/word rtok=238 gpu_s=45.2
[r1_gen 130.5m] 1118/1282 s1 t2-nb090-power-1013      valid=True think=220/word rtok=217 gpu_s=43.5
[r1_gen 130.6m] 1119/1282 s1 t2-nb240-power-1098      valid=True think=4/word rtok=2 gpu_s=19.4
[r1_gen 130.7m] 1120/1282 s2 t2-nb240-power-1098      valid=True think=4/word rtok=2 gpu_s=20.5
[r1_gen 130.8m] 1121/1282 s1 t2-nb240-power-1374      valid=True think=101/word rtok=100 gpu_s=24.6
[r1_gen 131.0m] 1122/1282 s1 t2-nb240-noise-1116      valid=True think=4/word rtok=2 gpu_s=10.7
[r1_gen 131.1m] 1123/1282 s2 t2-nb240-power-1374      valid=True think=188/word rtok=185 gpu_s=33.8
[r1_gen 131.2m] 1124/1282 s2 t2-nb240-noise-1116      valid=True think=4/word rtok=2 gpu_s=10.7
[r1_gen 131.3m] 1125/1282 s2 t2-wb0530-gain-1492      valid=True think=214/word rtok=211 gpu_s=38.2
[r1_gen 131.4m] 1126/1282 s1 t2-wb0530-gain-1492      valid=True think=282/word rtok=279 gpu_s=47.3
[r1_gen 131.5m] 1127/1282 s2 t2-nb240-power-0191      valid=True think=4/word rtok=2 gpu_s=17.7
[r1_gen 131.6m] 1128/1282 s1 t2-nb090-power-1431      valid=True think=30/word rtok=29 gpu_s=16.9
[r1_gen 131.8m] 1129/1282 s1 t2-nb240-power-0191      valid=True think=305/word rtok=302 gpu_s=45.5
[r1_gen 132.0m] 1130/1282 s2 t2-nb090-power-1431      valid=True think=244/word rtok=243 gpu_s=40.3
[r1_gen 132.1m] 1131/1282 s1 t2-nb350-gain-1256       valid=True think=234/word rtok=231 gpu_s=36.1
[r1_gen 132.2m] 1132/1282 s2 t2-nb350-gain-1256       valid=True think=238/word rtok=235 gpu_s=36.3
[r1_gen 132.3m] 1133/1282 s2 t2-nb158-gain-1214       valid=True think=4/word rtok=2 gpu_s=14.8
[r1_gen 132.4m] 1134/1282 s1 t2-nb350-gain-1224       valid=True think=5/word rtok=3 gpu_s=17.8
[r1_gen 132.6m] 1135/1282 s1 t2-wb0824-power-1232     valid=True think=4/word rtok=2 gpu_s=15.5
[r1_gen 132.7m] 1136/1282 s1 t2-nb158-gain-1214       valid=True think=362/word rtok=359 gpu_s=53.9
[r1_gen 132.8m] 1137/1282 s1 t2-nb240-power-1376      valid=True think=4/word rtok=2 gpu_s=12.8
[r1_gen 133.0m] 1138/1282 s2 t2-nb240-power-1376      valid=True think=4/word rtok=2 gpu_s=12.7
[r1_gen 133.0m] 1139/1282 s2 t2-nb350-gain-1224       valid=True think=259/word rtok=256 gpu_s=48.2
[r1_gen 133.1m] 1140/1282 s1 t2-nb158-gain-0112       valid=True think=4/word rtok=2 gpu_s=17.5
[r1_gen 133.2m] 1141/1282 s2 t2-wb0824-power-1232     valid=True think=204/word rtok=201 gpu_s=43.6
[r1_gen 133.3m] 1142/1282 s2 t2-wb0530-gain-1191      valid=True think=4/word rtok=2 gpu_s=10.5
[r1_gen 133.3m] 1143/1282 s1 t2-wb0530-gain-1191      valid=True think=4/word rtok=2 gpu_s=18.5
[r1_gen 133.4m] 1144/1282 s2 t2-nb158-gain-0112       valid=True think=4/word rtok=2 gpu_s=24.1
[r1_gen 133.5m] 1145/1282 s1 t2-nb350-gain-0346       valid=True think=4/word rtok=2 gpu_s=19.4
[r1_gen 133.6m] 1146/1282 s2 t2-nb240-noise-1060      valid=True think=4/word rtok=2 gpu_s=12.5
[r1_gen 133.7m] 1147/1282 s1 t2-nb158-gain-1433       valid=True think=4/word rtok=2 gpu_s=12.6
[r1_gen 133.8m] 1148/1282 s2 t2-nb158-gain-1433       valid=True think=4/word rtok=2 gpu_s=12.8
[r1_gen 133.9m] 1149/1282 s1 t2-nb240-noise-1060      valid=True think=155/word rtok=152 gpu_s=36.6
[r1_gen 134.0m] 1150/1282 s1 t2-wb0530-gain-1175      valid=True think=4/word rtok=2 gpu_s=18.5
[r1_gen 134.1m] 1151/1282 s2 t2-nb350-gain-0346       valid=True think=268/word rtok=265 gpu_s=48.3
[r1_gen 134.3m] 1152/1282 s1 t2-nb158-gain-1045       valid=True think=4/word rtok=2 gpu_s=10.7
[r1_gen 134.5m] 1153/1282 s2 t2-wb0530-gain-1175      valid=True think=4/word rtok=2 gpu_s=40.7
[r1_gen 134.5m] 1154/1282 s1 t2-nb090-power-1437      valid=True think=232/word rtok=229 gpu_s=35.0
[r1_gen 134.6m] 1155/1282 s2 t2-nb090-power-1437      valid=True think=263/word rtok=260 gpu_s=36.8
[r1_gen 134.8m] 1156/1282 s2 t2-nb158-gain-1045       valid=True think=207/word rtok=204 gpu_s=31.4
[r1_gen 134.8m] 1157/1282 s1 t2-wb0530-gain-1155      valid=True think=4/word rtok=2 gpu_s=19.7
[r1_gen 134.9m] 1158/1282 s1 t2-nb158-gain-0366       valid=True think=4/word rtok=2 gpu_s=14.9
[r1_gen 135.0m] 1159/1282 s2 t2-nb158-gain-0366       valid=True think=4/word rtok=2 gpu_s=14.3
[r1_gen 135.3m] 1160/1282 s2 t2-wb0530-gain-1155      valid=True think=4/word rtok=2 gpu_s=43.8
[r1_gen 135.5m] 1161/1282 s2 t2-nb158-gain-0017       valid=True think=4/word rtok=2 gpu_s=12.1
[r1_gen 135.5m] 1162/1282 s2 t2-wb0824-noise-1280     valid=True think=209/word rtok=206 gpu_s=37.3
[r1_gen 135.6m] 1163/1282 s1 t2-wb0824-noise-1280     valid=True think=251/word rtok=248 gpu_s=44.2
[r1_gen 135.7m] 1164/1282 s1 t2-nb158-gain-0017       valid=True think=183/word rtok=182 gpu_s=36.2
[r1_gen 136.1m] 1165/1282 s2 t2-nb090-power-1164      valid=True think=217/word rtok=214 gpu_s=35.9
[r1_gen 136.2m] 1166/1282 s1 t2-nb090-power-1164      valid=True think=240/word rtok=237 gpu_s=41.0
[r1_gen 136.2m] 1167/1282 s2 t2-wb0530-gain-1139      valid=True think=217/word rtok=214 gpu_s=35.2
[r1_gen 136.3m] 1168/1282 s1 t2-wb0530-gain-1139      valid=True think=303/word rtok=300 gpu_s=43.4
[r1_gen 136.4m] 1169/1282 s1 t2-wb0824-noise-1334     valid=True think=4/word rtok=2 gpu_s=16.1
[r1_gen 136.5m] 1170/1282 s1 t2-nb090-power-1026      valid=True think=4/word rtok=2 gpu_s=14.9
[r1_gen 136.6m] 1171/1282 s2 t2-wb0824-noise-1334     valid=True think=4/word rtok=2 gpu_s=22.8
[r1_gen 136.6m] 1172/1282 s2 t2-nb090-power-1026      valid=True think=4/word rtok=2 gpu_s=14.9
[r1_gen 136.7m] 1173/1282 s1 t2-nb158-gain-1127       valid=True think=4/word rtok=2 gpu_s=17.0
[r1_gen 136.9m] 1174/1282 s1 t2-nb090-power-0292      valid=True think=4/word rtok=2 gpu_s=10.6
[r1_gen 136.9m] 1175/1282 s2 t2-nb158-gain-1127       valid=False think=4/word rtok=2 gpu_s=26.1
[r1_gen 137.2m] 1176/1282 s1 t2-wb0824-power-1266     valid=True think=228/word rtok=225 gpu_s=37.0
[r1_gen 137.3m] 1177/1282 s2 t2-wb0824-power-1266     valid=True think=222/word rtok=219 gpu_s=40.3
[r1_gen 137.4m] 1178/1282 s1 t2-nb158-gain-0367       valid=True think=4/word rtok=2 gpu_s=10.7
[r1_gen 137.5m] 1179/1282 s2 t2-nb090-power-0292      valid=True think=245/word rtok=244 gpu_s=38.3
[r1_gen 137.6m] 1180/1282 s1 t2-nb240-power-1131      valid=True think=209/word rtok=206 gpu_s=37.0
[r1_gen 137.7m] 1181/1282 s2 t2-nb158-gain-0367       valid=True think=4/word rtok=2 gpu_s=12.6
[r1_gen 137.8m] 1182/1282 s2 t2-nb240-noise-0403      valid=True think=4/word rtok=2 gpu_s=10.7
[r1_gen 137.8m] 1183/1282 s2 t2-nb240-power-1131      valid=True think=4/word rtok=2 gpu_s=37.7
[r1_gen 137.9m] 1184/1282 s1 t2-nb240-power-0394      valid=True think=4/word rtok=2 gpu_s=14.7
[r1_gen 138.0m] 1185/1282 s2 t2-nb240-power-0394      valid=True think=4/word rtok=2 gpu_s=14.6
[r1_gen 138.1m] 1186/1282 s1 t2-nb240-noise-1219      valid=True think=4/word rtok=2 gpu_s=17.4
[r1_gen 138.2m] 1187/1282 s2 t2-nb240-noise-1219      valid=True think=4/word rtok=2 gpu_s=17.6
[r1_gen 138.3m] 1188/1282 s1 t2-nb240-noise-0403      valid=True think=247/word rtok=244 gpu_s=44.2
[r1_gen 138.6m] 1189/1282 s1 t2-nb158-gain-1235       valid=False think=4/word rtok=2 gpu_s=22.3
[r1_gen 138.6m] 1190/1282 s1 t2-nb240-power-1328      valid=True think=235/word rtok=232 gpu_s=37.7
[r1_gen 138.8m] 1191/1282 s1 t2-nb158-gain-0340       valid=True think=4/word rtok=2 gpu_s=12.8
[r1_gen 138.9m] 1192/1282 s2 t2-nb240-power-1328      valid=True think=276/word rtok=273 gpu_s=43.1
[r1_gen 139.1m] 1193/1282 s2 t2-nb158-gain-1235       valid=True think=300/word rtok=297 gpu_s=46.8
[r1_gen 139.3m] 1194/1282 s2 t2-nb158-gain-0340       valid=True think=256/word rtok=253 gpu_s=37.9
[r1_gen 139.4m] 1195/1282 s2 t2-nb090-power-1449      valid=True think=203/word rtok=200 gpu_s=33.3
[r1_gen 139.4m] 1196/1282 s1 t2-nb090-power-1449      valid=True think=221/word rtok=218 gpu_s=37.0
[r1_gen 139.5m] 1197/1282 s2 t2-nb350-gain-1135       valid=True think=4/word rtok=2 gpu_s=15.3
[r1_gen 139.7m] 1198/1282 s2 t2-nb158-gain-1357       valid=True think=4/word rtok=2 gpu_s=14.7
[r1_gen 139.7m] 1199/1282 s1 t2-nb158-gain-1357       valid=True think=4/word rtok=2 gpu_s=14.7
[r1_gen 139.8m] 1200/1282 s1 t2-nb350-gain-1135       valid=True think=235/word rtok=232 gpu_s=44.6
[r1_gen 139.9m] 1201/1282 s1 t2-nb350-gain-0232       valid=True think=4/word rtok=2 gpu_s=18.4
[r1_gen 140.0m] 1202/1282 s1 t2-nb090-power-1501      valid=True think=4/word rtok=2 gpu_s=14.8
[r1_gen 140.0m] 1203/1282 s2 t2-nb090-power-1501      valid=True think=4/word rtok=2 gpu_s=12.8
[r1_gen 140.1m] 1204/1282 s2 t2-nb350-gain-0232       valid=True think=4/word rtok=2 gpu_s=22.3
[r1_gen 140.2m] 1205/1282 s1 t2-wb0824-power-1057     valid=True think=4/word rtok=2 gpu_s=12.5
[r1_gen 140.4m] 1206/1282 s1 t2-wb0824-noise-1316     valid=True think=187/word rtok=184 gpu_s=32.9
[r1_gen 140.5m] 1207/1282 s1 t2-nb350-gain-0409       valid=True think=4/word rtok=2 gpu_s=12.6
[r1_gen 140.6m] 1208/1282 s2 t2-nb350-gain-0409       valid=True think=4/word rtok=2 gpu_s=12.6
[r1_gen 140.7m] 1209/1282 s1 t2-nb090-power-1463      valid=True think=4/word rtok=2 gpu_s=12.7
[r1_gen 140.8m] 1210/1282 s2 t2-wb0824-noise-1316     valid=True think=259/word rtok=256 gpu_s=50.2
[r1_gen 140.8m] 1211/1282 s2 t2-wb0824-power-1057     valid=True think=223/word rtok=220 gpu_s=42.7
[r1_gen 141.1m] 1212/1282 s2 t2-wb0824-noise-1055     valid=True think=4/word rtok=2 gpu_s=15.2
[r1_gen 141.2m] 1213/1282 s1 t2-wb0824-noise-1055     valid=True think=214/word rtok=213 gpu_s=33.1
[r1_gen 141.4m] 1214/1282 s2 t2-nb090-power-1463      valid=True think=257/word rtok=254 gpu_s=42.0
[r1_gen 141.6m] 1215/1282 s1 t2-nb158-gain-0208       valid=True think=305/word rtok=302 gpu_s=44.6
[r1_gen 141.7m] 1216/1282 s1 t2-nb090-power-0352      valid=True think=4/word rtok=2 gpu_s=10.4
[r1_gen 141.8m] 1217/1282 s2 t2-nb158-gain-0208       valid=True think=270/word rtok=269 gpu_s=41.4
[r1_gen 141.9m] 1218/1282 s1 t2-nb350-gain-1153       valid=True think=261/word rtok=258 gpu_s=37.8
[r1_gen 142.0m] 1219/1282 s2 t2-nb350-gain-1153       valid=True think=275/word rtok=272 gpu_s=39.0
[r1_gen 142.1m] 1220/1282 s2 t2-nb090-power-1457      valid=True think=4/word rtok=2 gpu_s=12.8
[r1_gen 142.3m] 1221/1282 s1 t2-wb0530-gain-1395      valid=True think=4/word rtok=2 gpu_s=17.6
[r1_gen 142.5m] 1222/1282 s1 t2-nb090-power-1457      valid=True think=288/word rtok=287 gpu_s=43.5
[r1_gen 142.5m] 1223/1282 s2 t2-nb090-power-0352      valid=True think=288/word rtok=285 gpu_s=45.3
[r1_gen 142.7m] 1224/1282 s2 t2-wb0530-gain-1395      valid=True think=182/word rtok=179 gpu_s=35.1
[r1_gen 142.8m] 1225/1282 s1 t2-wb0824-noise-1086     valid=True think=4/word rtok=2 gpu_s=18.6
[r1_gen 143.0m] 1226/1282 s2 t2-wb0824-noise-1086     valid=True think=4/word rtok=2 gpu_s=15.6
[r1_gen 143.0m] 1227/1282 s1 t2-wb0530-gain-1405      valid=True think=207/word rtok=204 gpu_s=40.8
[r1_gen 143.1m] 1228/1282 s1 t2-wb0530-gain-0305      valid=True think=4/word rtok=2 gpu_s=16.8
[r1_gen 143.3m] 1229/1282 s2 t2-wb0530-gain-0305      valid=True think=4/word rtok=2 gpu_s=15.9
[r1_gen 143.3m] 1230/1282 s2 t2-wb0530-gain-1405      valid=True think=243/word rtok=240 gpu_s=48.6
[r1_gen 143.5m] 1231/1282 s1 t2-wb0824-power-0105     valid=True think=5/word rtok=3 gpu_s=14.2
[r1_gen 143.7m] 1232/1282 s1 t2-nb240-power-1309      valid=True think=239/word rtok=236 gpu_s=42.2
[r1_gen 143.9m] 1233/1282 s2 t2-nb240-power-1309      valid=True think=258/word rtok=255 gpu_s=44.1
[r1_gen 143.9m] 1234/1282 s2 t2-nb158-gain-1002       valid=True think=4/word rtok=2 gpu_s=12.8
[r1_gen 144.0m] 1235/1282 s1 t2-nb158-gain-1002       valid=True think=187/word rtok=184 gpu_s=31.8
[r1_gen 144.1m] 1236/1282 s2 t2-wb0824-power-0105     valid=True think=269/word rtok=266 gpu_s=45.8
[r1_gen 144.1m] 1237/1282 s1 t2-nb240-noise-1150      valid=True think=4/word rtok=2 gpu_s=14.8
[r1_gen 144.2m] 1238/1282 s2 t2-nb240-noise-1150      valid=True think=4/word rtok=2 gpu_s=17.2
[r1_gen 144.3m] 1239/1282 s1 t2-nb090-power-1459      valid=True think=4/word rtok=2 gpu_s=16.8
[r1_gen 144.4m] 1240/1282 s2 t2-nb090-power-1459      valid=True think=4/word rtok=2 gpu_s=16.5
[r1_gen 144.5m] 1241/1282 s1 t2-wb0530-gain-1296      valid=True think=4/word rtok=2 gpu_s=21.5
[r1_gen 144.6m] 1242/1282 s1 t2-nb240-power-1272      valid=True think=4/word rtok=2 gpu_s=14.5
[r1_gen 144.6m] 1243/1282 s2 t2-wb0530-gain-1296      valid=True think=4/word rtok=2 gpu_s=22.4
[r1_gen 144.7m] 1244/1282 s2 t2-nb240-power-1272      valid=True think=5/word rtok=3 gpu_s=16.7
[r1_gen 144.8m] 1245/1282 s1 t2-nb240-power-0133      valid=True think=4/word rtok=2 gpu_s=19.6
[r1_gen 144.9m] 1246/1282 s1 t2-nb240-noise-1425      valid=True think=4/word rtok=2 gpu_s=14.8
[r1_gen 145.0m] 1247/1282 s1 t2-nb350-gain-1273       valid=True think=4/word rtok=2 gpu_s=12.7
[r1_gen 145.1m] 1248/1282 s2 t2-nb350-gain-1273       valid=True think=4/word rtok=2 gpu_s=12.7
[r1_gen 145.3m] 1249/1282 s2 t2-wb0530-gain-0284      valid=True think=4/word rtok=2 gpu_s=14.6
[r1_gen 145.4m] 1250/1282 s2 t2-nb240-power-0133      valid=True think=304/word rtok=301 gpu_s=49.0
[r1_gen 145.4m] 1251/1282 s2 t2-nb240-noise-1425      valid=True think=282/word rtok=279 gpu_s=45.1
[r1_gen 145.6m] 1252/1282 s2 t2-nb090-power-1212      valid=True think=4/word rtok=2 gpu_s=14.1
[r1_gen 145.8m] 1253/1282 s1 t2-wb0530-gain-0284      valid=True think=4/word rtok=2 gpu_s=42.6
[r1_gen 145.9m] 1254/1282 s2 t2-wb0530-gain-1494      valid=True think=4/word rtok=2 gpu_s=16.4
[r1_gen 146.0m] 1255/1282 s1 t2-wb0530-gain-1494      valid=True think=193/word rtok=190 gpu_s=32.1
[r1_gen 146.1m] 1256/1282 s1 t2-nb090-power-1212      valid=True think=212/word rtok=211 gpu_s=43.6
[r1_gen 146.1m] 1257/1282 s1 t2-wb0824-power-0252     valid=True think=4/word rtok=2 gpu_s=21.1
[r1_gen 146.2m] 1258/1282 s1 t2-nb158-gain-1268       valid=True think=3/word rtok=1 gpu_s=14.6
[r1_gen 146.3m] 1259/1282 s2 t2-nb158-gain-1268       valid=True think=4/word rtok=2 gpu_s=14.5
[r1_gen 146.4m] 1260/1282 s1 t2-wb0530-gain-0318      valid=True think=4/word rtok=2 gpu_s=16.1
[r1_gen 146.5m] 1261/1282 s2 t2-wb0530-gain-0318      valid=True think=4/word rtok=2 gpu_s=13.7
[r1_gen 146.6m] 1262/1282 s1 t2-nb240-noise-1398      valid=True think=13/word rtok=11 gpu_s=18.4
[r1_gen 146.7m] 1263/1282 s2 t2-nb240-noise-1398      valid=True think=4/word rtok=2 gpu_s=17.8
[r1_gen 146.8m] 1264/1282 s2 t2-wb0824-power-0252     valid=True think=255/word rtok=252 gpu_s=53.7
[r1_gen 146.9m] 1265/1282 s2 t2-nb350-gain-0134       valid=True think=4/word rtok=2 gpu_s=14.8
[r1_gen 147.0m] 1266/1282 s1 t2-nb240-noise-1344      valid=True think=4/word rtok=2 gpu_s=14.9
[r1_gen 147.1m] 1267/1282 s2 t2-nb240-noise-1344      valid=True think=12/word rtok=11 gpu_s=16.8
[r1_gen 147.2m] 1268/1282 s1 t2-nb350-gain-0134       valid=True think=268/word rtok=265 gpu_s=45.0
[r1_gen 147.5m] 1269/1282 s1 t2-nb158-gain-0378       valid=True think=212/word rtok=209 gpu_s=34.2
[r1_gen 147.6m] 1270/1282 s2 t2-nb158-gain-0378       valid=True think=223/word rtok=220 gpu_s=37.5
[r1_gen 147.7m] 1271/1282 s1 t2-nb240-power-1221      valid=True think=226/word rtok=223 gpu_s=36.6
[r1_gen 147.8m] 1272/1282 s1 t2-nb240-noise-0036      valid=True think=103/word rtok=102 gpu_s=22.0
[r1_gen 147.9m] 1273/1282 s2 t2-nb240-power-1221      valid=True think=290/word rtok=287 gpu_s=41.1
[r1_gen 148.0m] 1274/1282 s1 t2-nb240-power-0190      valid=True think=4/word rtok=2 gpu_s=17.8
[r1_gen 148.1m] 1275/1282 s2 t2-nb240-power-0190      valid=True think=4/word rtok=2 gpu_s=16.2
[r1_gen 148.2m] 1276/1282 s1 t2-wb0530-gain-1225      valid=True think=4/word rtok=2 gpu_s=18.5
[r1_gen 148.3m] 1277/1282 s1 t2-nb090-power-1441      valid=True think=4/word rtok=2 gpu_s=12.7
[r1_gen 148.4m] 1278/1282 s2 t2-nb240-noise-0036      valid=True think=247/word rtok=244 gpu_s=49.5
[r1_gen 148.5m] 1279/1282 s2 t2-nb090-power-1441      valid=True think=16/word rtok=15 gpu_s=15.7
[r1_gen 148.8m] 1280/1282 s2 t2-wb0530-gain-1225      valid=True think=225/word rtok=222 gpu_s=42.1
[r1_gen 148.9m] 1281/1282 s1 t2-nb240-power-1326      valid=True think=229/word rtok=226 gpu_s=35.6
[r1_gen 149.0m] 1282/1282 s2 t2-nb240-power-1326      valid=True think=251/word rtok=248 gpu_s=32.7
[r1_gen] done: 1282 new completions (1270 valid)
