EMIT {"phase": "start", "n_rows": 1200, "hparams": {"model": "unsloth/Qwen3-14B-unsloth-bnb-4bit", "epochs": 2, "lr": 0.0002, "grad_accum": 4, "warmup": 10, "clip": 1.0, "seed": 3407, "max_seq": 8192, "lora_r": 16, "lora_alpha": 16, "lora_dropout": 0, "targets": ["q_proj", "k_proj", "v_proj", "o_proj", "gate_proj", "up_proj", "down_proj"], "optimizer": "AdamW8bit", "weight_decay": 0.0, "batch": 1, "autocast": "fp16+GradScaler"}, "t": 1791622007.3}
🦥 Unsloth: Will patch your computer to enable 2x faster free finetuning.
🦥 Unsloth Zoo will now patch everything to make training faster!
==((====))==  Unsloth 2026.9.11: Fast Qwen3 patching. Transformers: 5.5.0.
   \\   /|    Tesla T4. Num GPUs = 1. Max memory: 14.562 GB. Platform: Linux.
O^O/ \_/ \    Torch: 2.11.0+cu128. CUDA: 7.5. CUDA Toolkit: 12.8. Triton: 3.6.0
\        /    Bfloat16 = FALSE. FA [Xformers = 0.0.35. FA2 = False]
 "-____-"     Free license: http://github.com/unslothai/unsloth
Unsloth: Fast downloading is enabled - ignore downloading bars which are red colored!
/usr/local/lib/python3.13/dist-packages/huggingface_hub/constants.py:299: FutureWarning: The `HF_HUB_ENABLE_HF_TRANSFER` environment variable is deprecated as 'hf_transfer' is not used anymore. Please use `HF_XET_HIGH_PERFORMANCE` instead to enable high performance transfer with Xet. Visit https://huggingface.co/docs/huggingface_hub/package_reference/environment_variables#hfxethighperformance for more details.
  warnings.warn(
Warning: You are sending unauthenticated requests to the HF Hub. Please set a HF_TOKEN to enable higher rate limits and faster downloads.
/usr/local/lib/python3.13/dist-packages/huggingface_hub/constants.py:299: FutureWarning: The `HF_HUB_ENABLE_HF_TRANSFER` environment variable is deprecated as 'hf_transfer' is not used anymore. Please use `HF_XET_HIGH_PERFORMANCE` instead to enable high performance transfer with Xet. Visit https://huggingface.co/docs/huggingface_hub/package_reference/environment_variables#hfxethighperformance for more details.
  warnings.warn(
Warning: You are sending unauthenticated requests to the HF Hub. Please set a HF_TOKEN to enable higher rate limits and faster downloads.
Loading weights:   0%|          | 0/443 [00:00<?, ?it/s]Loading weights:   0%|          | 1/443 [00:03<23:58,  3.26s/it]Loading weights:   0%|          | 2/443 [00:04<16:36,  2.26s/it]Loading weights:   7%|▋         | 32/443 [00:04<00:36, 11.16it/s]Loading weights:  13%|█▎        | 56/443 [00:05<00:17, 22.25it/s]Loading weights:  18%|█▊        | 81/443 [00:05<00:09, 36.89it/s]Loading weights:  24%|██▍       | 108/443 [00:05<00:05, 56.40it/s]Loading weights:  30%|███       | 134/443 [00:05<00:03, 77.26it/s]Loading weights:  36%|███▌      | 159/443 [00:05<00:02, 99.93it/s]Loading weights:  41%|████▏     | 183/443 [00:05<00:02, 112.49it/s]Loading weights:  46%|████▌     | 204/443 [00:05<00:01, 120.00it/s]Loading weights:  53%|█████▎    | 233/443 [00:05<00:01, 148.09it/s]Loading weights:  57%|█████▋    | 254/443 [00:05<00:01, 157.14it/s]Loading weights:  72%|███████▏  | 318/443 [00:06<00:00, 262.73it/s]Loading weights:  92%|█████████▏| 406/443 [00:06<00:00, 410.67it/s]Loading weights: 100%|██████████| 443/443 [00:06<00:00, 68.30it/s] 
Unsloth 2026.9.11 patched 40 layers with 40 QKV layers, 40 O layers and 40 MLP layers.
EMIT {"phase": "tokens", "n": 1200, "dropped_over_max_seq": 0, "seq_mean": 1965.5, "seq_max": 2180, "seq_min": 1529, "prompt_mean": 1577.3, "completion_mean": 388.2, "completion_max": 547, "t": 1791622124.2}
EMIT {"phase": "load", "trainable": 64225280, "mem_gib": 10.64, "total_opt_steps": 600, "t": 1791622124.2}
`use_return_dict` is deprecated! Use `return_dict` instead!
/usr/local/lib/python3.13/dist-packages/unsloth/import_fixes.py:4091: UserWarning: 'has_cuda' is deprecated, please use 'torch.backends.cuda.is_built()'
  return original(name)
/usr/local/lib/python3.13/dist-packages/unsloth/import_fixes.py:4091: UserWarning: 'has_cudnn' is deprecated, please use 'torch.backends.cudnn.is_available()'
  return original(name)
/usr/local/lib/python3.13/dist-packages/unsloth/import_fixes.py:4091: UserWarning: 'has_mps' is deprecated, please use 'torch.backends.mps.is_built()'
  return original(name)
/usr/local/lib/python3.13/dist-packages/unsloth/import_fixes.py:4091: UserWarning: 'has_mkldnn' is deprecated, please use 'torch.backends.mkldnn.is_available()'
  return original(name)
Unsloth: Will smartly offload gradients to save VRAM!
Unsloth: Double buffering enabled (parallel H2D + compute) for backward pass.
EMIT {"phase": "step", "step": 0, "epoch": 0, "micro": 4, "loss": 0.851, "lr": 2e-05, "grad_norm": 0.2334, "scale": 65536.0, "peak_gib": 11.68, "elapsed_min": 0.99, "t": 1791622183.6}
EMIT {"phase": "step", "step": 1, "epoch": 0, "micro": 8, "loss": 0.7758, "lr": 4e-05, "grad_norm": 0.2153, "scale": 65536.0, "peak_gib": 11.82, "elapsed_min": 1.83, "t": 1791622233.8}
EMIT {"phase": "step", "step": 2, "epoch": 0, "micro": 12, "loss": 0.7932, "lr": 6.000000000000001e-05, "grad_norm": 0.3696, "scale": 65536.0, "peak_gib": 11.83, "elapsed_min": 2.59, "t": 1791622279.7}
EMIT {"phase": "step", "step": 3, "epoch": 0, "micro": 16, "loss": 0.8565, "lr": 8e-05, "grad_norm": 0.271, "scale": 65536.0, "peak_gib": 11.83, "elapsed_min": 3.38, "t": 1791622327.0}
EMIT {"phase": "step", "step": 4, "epoch": 0, "micro": 20, "loss": 0.7211, "lr": 0.0001, "grad_norm": 0.2178, "scale": 65536.0, "peak_gib": 11.83, "elapsed_min": 4.17, "t": 1791622374.2}
EMIT {"phase": "step", "step": 5, "epoch": 0, "micro": 24, "loss": 0.7842, "lr": 0.00012000000000000002, "grad_norm": 0.2612, "scale": 65536.0, "peak_gib": 11.83, "elapsed_min": 4.93, "t": 1791622419.9}
EMIT {"phase": "step", "step": 6, "epoch": 0, "micro": 28, "loss": 0.7708, "lr": 0.00014, "grad_norm": 0.2409, "scale": 65536.0, "peak_gib": 11.83, "elapsed_min": 5.71, "t": 1791622466.6}
EMIT {"phase": "step", "step": 7, "epoch": 0, "micro": 32, "loss": 0.6729, "lr": 0.00016, "grad_norm": 0.4096, "scale": 65536.0, "peak_gib": 11.83, "elapsed_min": 6.48, "t": 1791622512.9}
EMIT {"phase": "step", "step": 8, "epoch": 0, "micro": 36, "loss": 0.5895, "lr": 0.00018, "grad_norm": 0.2187, "scale": 65536.0, "peak_gib": 11.83, "elapsed_min": 7.25, "t": 1791622559.2}
EMIT {"phase": "step", "step": 9, "epoch": 0, "micro": 40, "loss": 0.6619, "lr": 0.0002, "grad_norm": 0.2284, "scale": 65536.0, "peak_gib": 11.83, "elapsed_min": 7.99, "t": 1791622603.4}
EMIT {"phase": "step", "step": 10, "epoch": 0, "micro": 44, "loss": 0.5228, "lr": 0.0002, "grad_norm": 0.2733, "scale": 65536.0, "peak_gib": 11.83, "elapsed_min": 8.74, "t": 1791622648.8}
EMIT {"phase": "step", "step": 11, "epoch": 0, "micro": 48, "loss": 0.63, "lr": 0.00019966101694915257, "grad_norm": 0.2999, "scale": 65536.0, "peak_gib": 11.83, "elapsed_min": 9.51, "t": 1791622695.0}
EMIT {"phase": "step", "step": 12, "epoch": 0, "micro": 52, "loss": 0.6038, "lr": 0.0001993220338983051, "grad_norm": 0.351, "scale": 65536.0, "peak_gib": 11.83, "elapsed_min": 10.27, "t": 1791622740.4}
EMIT {"phase": "step", "step": 13, "epoch": 0, "micro": 56, "loss": 0.6205, "lr": 0.00019898305084745763, "grad_norm": 0.3028, "scale": 65536.0, "peak_gib": 11.83, "elapsed_min": 11.01, "t": 1791622784.8}
EMIT {"phase": "step", "step": 14, "epoch": 0, "micro": 60, "loss": 0.5754, "lr": 0.00019864406779661017, "grad_norm": 0.3159, "scale": 65536.0, "peak_gib": 11.83, "elapsed_min": 11.78, "t": 1791622831.2}
EMIT {"phase": "step", "step": 15, "epoch": 0, "micro": 64, "loss": 0.6443, "lr": 0.00019830508474576273, "grad_norm": 0.4861, "scale": 65536.0, "peak_gib": 11.83, "elapsed_min": 12.5, "t": 1791622874.1}
EMIT {"phase": "step", "step": 16, "epoch": 0, "micro": 68, "loss": 0.5098, "lr": 0.00019796610169491526, "grad_norm": 0.4176, "scale": 65536.0, "peak_gib": 11.83, "elapsed_min": 13.29, "t": 1791622921.4}
EMIT {"phase": "step", "step": 17, "epoch": 0, "micro": 72, "loss": 0.4789, "lr": 0.0001976271186440678, "grad_norm": 0.3753, "scale": 65536.0, "peak_gib": 11.83, "elapsed_min": 14.06, "t": 1791622967.5}
EMIT {"phase": "step", "step": 18, "epoch": 0, "micro": 76, "loss": 0.4248, "lr": 0.00019728813559322035, "grad_norm": 0.2657, "scale": 65536.0, "peak_gib": 11.83, "elapsed_min": 14.81, "t": 1791623012.9}
EMIT {"phase": "step", "step": 19, "epoch": 0, "micro": 80, "loss": 0.4918, "lr": 0.00019694915254237289, "grad_norm": 0.279, "scale": 65536.0, "peak_gib": 11.83, "elapsed_min": 15.59, "t": 1791623059.8}
EMIT {"phase": "step", "step": 20, "epoch": 0, "micro": 84, "loss": 0.4708, "lr": 0.00019661016949152545, "grad_norm": 0.2827, "scale": 65536.0, "peak_gib": 11.83, "elapsed_min": 16.38, "t": 1791623106.8}
EMIT {"phase": "step", "step": 21, "epoch": 0, "micro": 88, "loss": 0.4208, "lr": 0.00019627118644067798, "grad_norm": 0.2459, "scale": 65536.0, "peak_gib": 11.83, "elapsed_min": 17.15, "t": 1791623153.2}
EMIT {"phase": "step", "step": 22, "epoch": 0, "micro": 92, "loss": 0.4044, "lr": 0.0001959322033898305, "grad_norm": 0.3128, "scale": 65536.0, "peak_gib": 11.83, "elapsed_min": 17.89, "t": 1791623197.3}
EMIT {"phase": "step", "step": 23, "epoch": 0, "micro": 96, "loss": 0.4295, "lr": 0.00019559322033898307, "grad_norm": 0.2652, "scale": 65536.0, "peak_gib": 11.83, "elapsed_min": 18.69, "t": 1791623245.3}
EMIT {"phase": "step", "step": 24, "epoch": 0, "micro": 100, "loss": 0.5563, "lr": 0.0001952542372881356, "grad_norm": 0.3543, "scale": 65536.0, "peak_gib": 11.83, "elapsed_min": 19.44, "t": 1791623290.6}
EMIT {"phase": "step", "step": 25, "epoch": 0, "micro": 104, "loss": 0.4524, "lr": 0.00019491525423728814, "grad_norm": 0.2637, "scale": 65536.0, "peak_gib": 11.83, "elapsed_min": 20.23, "t": 1791623337.7}
EMIT {"phase": "step", "step": 26, "epoch": 0, "micro": 108, "loss": 0.4243, "lr": 0.0001945762711864407, "grad_norm": 0.2818, "scale": 65536.0, "peak_gib": 11.83, "elapsed_min": 20.99, "t": 1791623383.8}
EMIT {"phase": "step", "step": 27, "epoch": 0, "micro": 112, "loss": 0.5172, "lr": 0.00019423728813559323, "grad_norm": 0.2576, "scale": 65536.0, "peak_gib": 11.83, "elapsed_min": 21.76, "t": 1791623430.0}
EMIT {"phase": "step", "step": 28, "epoch": 0, "micro": 116, "loss": 0.4324, "lr": 0.0001938983050847458, "grad_norm": 0.2258, "scale": 65536.0, "peak_gib": 11.83, "elapsed_min": 22.52, "t": 1791623475.4}
EMIT {"phase": "step", "step": 29, "epoch": 0, "micro": 120, "loss": 0.5068, "lr": 0.0001935593220338983, "grad_norm": 0.2057, "scale": 65536.0, "peak_gib": 11.83, "elapsed_min": 23.3, "t": 1791623522.4}
EMIT {"phase": "step", "step": 30, "epoch": 0, "micro": 124, "loss": 0.424, "lr": 0.00019322033898305085, "grad_norm": 0.2454, "scale": 65536.0, "peak_gib": 11.83, "elapsed_min": 24.11, "t": 1791623570.6}
EMIT {"phase": "step", "step": 31, "epoch": 0, "micro": 128, "loss": 0.4917, "lr": 0.0001928813559322034, "grad_norm": 0.2434, "scale": 65536.0, "peak_gib": 11.83, "elapsed_min": 24.89, "t": 1791623617.6}
EMIT {"phase": "step", "step": 32, "epoch": 0, "micro": 132, "loss": 0.4214, "lr": 0.00019254237288135595, "grad_norm": 0.2324, "scale": 65536.0, "peak_gib": 11.83, "elapsed_min": 25.68, "t": 1791623665.1}
EMIT {"phase": "step", "step": 33, "epoch": 0, "micro": 136, "loss": 0.369, "lr": 0.00019220338983050848, "grad_norm": 0.2565, "scale": 65536.0, "peak_gib": 11.83, "elapsed_min": 26.44, "t": 1791623710.4}
EMIT {"phase": "step", "step": 34, "epoch": 0, "micro": 140, "loss": 0.4212, "lr": 0.000191864406779661, "grad_norm": 0.3391, "scale": 65536.0, "peak_gib": 11.83, "elapsed_min": 27.17, "t": 1791623754.3}
EMIT {"phase": "step", "step": 35, "epoch": 0, "micro": 144, "loss": 0.4541, "lr": 0.00019152542372881357, "grad_norm": 0.249, "scale": 65536.0, "peak_gib": 11.83, "elapsed_min": 27.94, "t": 1791623800.7}
EMIT {"phase": "step", "step": 36, "epoch": 0, "micro": 148, "loss": 0.4225, "lr": 0.0001911864406779661, "grad_norm": 0.3356, "scale": 65536.0, "peak_gib": 11.83, "elapsed_min": 28.69, "t": 1791623845.6}
EMIT {"phase": "step", "step": 37, "epoch": 0, "micro": 152, "loss": 0.4881, "lr": 0.00019084745762711867, "grad_norm": 0.3038, "scale": 65536.0, "peak_gib": 11.83, "elapsed_min": 29.44, "t": 1791623890.7}
EMIT {"phase": "step", "step": 38, "epoch": 0, "micro": 156, "loss": 0.4528, "lr": 0.0001905084745762712, "grad_norm": 0.302, "scale": 65536.0, "peak_gib": 11.83, "elapsed_min": 30.21, "t": 1791623937.0}
EMIT {"phase": "step", "step": 39, "epoch": 0, "micro": 160, "loss": 0.4668, "lr": 0.00019016949152542373, "grad_norm": 0.2547, "scale": 65536.0, "peak_gib": 11.83, "elapsed_min": 30.98, "t": 1791623982.9}
EMIT {"phase": "step", "step": 40, "epoch": 0, "micro": 164, "loss": 0.4259, "lr": 0.0001898305084745763, "grad_norm": 0.2579, "scale": 65536.0, "peak_gib": 11.83, "elapsed_min": 31.75, "t": 1791624029.2}
EMIT {"phase": "step", "step": 41, "epoch": 0, "micro": 168, "loss": 0.4997, "lr": 0.00018949152542372882, "grad_norm": 0.3028, "scale": 65536.0, "peak_gib": 11.83, "elapsed_min": 32.5, "t": 1791624073.9}
EMIT {"phase": "step", "step": 42, "epoch": 0, "micro": 172, "loss": 0.3683, "lr": 0.00018915254237288136, "grad_norm": 0.2548, "scale": 65536.0, "peak_gib": 11.83, "elapsed_min": 33.24, "t": 1791624118.3}
EMIT {"phase": "step", "step": 43, "epoch": 0, "micro": 176, "loss": 0.5085, "lr": 0.00018881355932203392, "grad_norm": 0.2872, "scale": 65536.0, "peak_gib": 11.83, "elapsed_min": 33.99, "t": 1791624163.7}
EMIT {"phase": "step", "step": 44, "epoch": 0, "micro": 180, "loss": 0.4467, "lr": 0.00018847457627118645, "grad_norm": 0.2635, "scale": 65536.0, "peak_gib": 11.83, "elapsed_min": 34.79, "t": 1791624211.6}
EMIT {"phase": "step", "step": 45, "epoch": 0, "micro": 184, "loss": 0.4703, "lr": 0.000188135593220339, "grad_norm": 0.3559, "scale": 65536.0, "peak_gib": 11.83, "elapsed_min": 35.54, "t": 1791624256.7}
EMIT {"phase": "step", "step": 46, "epoch": 0, "micro": 188, "loss": 0.4185, "lr": 0.00018779661016949151, "grad_norm": 0.2706, "scale": 65536.0, "peak_gib": 11.83, "elapsed_min": 36.32, "t": 1791624303.2}
EMIT {"phase": "step", "step": 47, "epoch": 0, "micro": 192, "loss": 0.4364, "lr": 0.00018745762711864407, "grad_norm": 0.2362, "scale": 65536.0, "peak_gib": 11.83, "elapsed_min": 37.06, "t": 1791624347.9}
EMIT {"phase": "step", "step": 48, "epoch": 0, "micro": 196, "loss": 0.4129, "lr": 0.00018711864406779663, "grad_norm": 0.2643, "scale": 65536.0, "peak_gib": 11.83, "elapsed_min": 37.81, "t": 1791624392.8}
EMIT {"phase": "step", "step": 49, "epoch": 0, "micro": 200, "loss": 0.4228, "lr": 0.00018677966101694917, "grad_norm": 0.2666, "scale": 65536.0, "peak_gib": 11.83, "elapsed_min": 38.56, "t": 1791624438.0}
EMIT {"phase": "step", "step": 50, "epoch": 0, "micro": 204, "loss": 0.3836, "lr": 0.0001864406779661017, "grad_norm": 0.2359, "scale": 65536.0, "peak_gib": 11.83, "elapsed_min": 39.34, "t": 1791624484.7}
EMIT {"phase": "step", "step": 51, "epoch": 0, "micro": 208, "loss": 0.3582, "lr": 0.00018610169491525423, "grad_norm": 0.2465, "scale": 65536.0, "peak_gib": 11.83, "elapsed_min": 40.09, "t": 1791624529.8}
EMIT {"phase": "step", "step": 52, "epoch": 0, "micro": 212, "loss": 0.5106, "lr": 0.0001857627118644068, "grad_norm": 0.2995, "scale": 65536.0, "peak_gib": 11.83, "elapsed_min": 40.85, "t": 1791624574.9}
EMIT {"phase": "step", "step": 53, "epoch": 0, "micro": 216, "loss": 0.3389, "lr": 0.00018542372881355935, "grad_norm": 0.3149, "scale": 65536.0, "peak_gib": 11.83, "elapsed_min": 41.6, "t": 1791624620.2}
EMIT {"phase": "step", "step": 54, "epoch": 0, "micro": 220, "loss": 0.405, "lr": 0.00018508474576271186, "grad_norm": 0.2427, "scale": 65536.0, "peak_gib": 11.83, "elapsed_min": 42.41, "t": 1791624669.0}
EMIT {"phase": "step", "step": 55, "epoch": 0, "micro": 224, "loss": 0.4832, "lr": 0.00018474576271186442, "grad_norm": 0.279, "scale": 65536.0, "peak_gib": 11.83, "elapsed_min": 43.16, "t": 1791624713.8}
EMIT {"phase": "step", "step": 56, "epoch": 0, "micro": 228, "loss": 0.3925, "lr": 0.00018440677966101695, "grad_norm": 0.2489, "scale": 65536.0, "peak_gib": 11.83, "elapsed_min": 43.96, "t": 1791624761.8}
EMIT {"phase": "step", "step": 57, "epoch": 0, "micro": 232, "loss": 0.3813, "lr": 0.0001840677966101695, "grad_norm": 0.2534, "scale": 65536.0, "peak_gib": 11.83, "elapsed_min": 44.77, "t": 1791624810.5}
EMIT {"phase": "step", "step": 58, "epoch": 0, "micro": 236, "loss": 0.4136, "lr": 0.00018372881355932204, "grad_norm": 0.279, "scale": 65536.0, "peak_gib": 11.83, "elapsed_min": 45.52, "t": 1791624855.4}
EMIT {"phase": "step", "step": 59, "epoch": 0, "micro": 240, "loss": 0.4429, "lr": 0.00018338983050847458, "grad_norm": 0.2475, "scale": 65536.0, "peak_gib": 11.83, "elapsed_min": 46.27, "t": 1791624900.2}
EMIT {"phase": "step", "step": 60, "epoch": 0, "micro": 244, "loss": 0.4054, "lr": 0.00018305084745762714, "grad_norm": 0.2435, "scale": 65536.0, "peak_gib": 11.83, "elapsed_min": 47.01, "t": 1791624944.5}
EMIT {"phase": "step", "step": 61, "epoch": 0, "micro": 248, "loss": 0.4755, "lr": 0.00018271186440677967, "grad_norm": 0.2743, "scale": 65536.0, "peak_gib": 11.83, "elapsed_min": 47.76, "t": 1791624989.9}
EMIT {"phase": "step", "step": 62, "epoch": 0, "micro": 252, "loss": 0.3497, "lr": 0.0001823728813559322, "grad_norm": 0.2569, "scale": 65536.0, "peak_gib": 11.83, "elapsed_min": 48.52, "t": 1791625035.6}
EMIT {"phase": "step", "step": 63, "epoch": 0, "micro": 256, "loss": 0.4213, "lr": 0.00018203389830508476, "grad_norm": 0.234, "scale": 65536.0, "peak_gib": 11.83, "elapsed_min": 49.28, "t": 1791625081.0}
EMIT {"phase": "step", "step": 64, "epoch": 0, "micro": 260, "loss": 0.4092, "lr": 0.0001816949152542373, "grad_norm": 0.2339, "scale": 65536.0, "peak_gib": 11.83, "elapsed_min": 50.05, "t": 1791625127.3}
EMIT {"phase": "step", "step": 65, "epoch": 0, "micro": 264, "loss": 0.3525, "lr": 0.00018135593220338985, "grad_norm": 0.2277, "scale": 65536.0, "peak_gib": 11.83, "elapsed_min": 50.81, "t": 1791625173.0}
EMIT {"phase": "step", "step": 66, "epoch": 0, "micro": 268, "loss": 0.4398, "lr": 0.00018101694915254239, "grad_norm": 0.2615, "scale": 65536.0, "peak_gib": 11.83, "elapsed_min": 51.58, "t": 1791625219.1}
EMIT {"phase": "step", "step": 67, "epoch": 0, "micro": 272, "loss": 0.4168, "lr": 0.00018067796610169492, "grad_norm": 0.298, "scale": 65536.0, "peak_gib": 11.83, "elapsed_min": 52.34, "t": 1791625264.6}
EMIT {"phase": "step", "step": 68, "epoch": 0, "micro": 276, "loss": 0.3767, "lr": 0.00018033898305084748, "grad_norm": 0.2408, "scale": 65536.0, "peak_gib": 11.83, "elapsed_min": 53.12, "t": 1791625311.4}
EMIT {"phase": "step", "step": 69, "epoch": 0, "micro": 280, "loss": 0.3994, "lr": 0.00018, "grad_norm": 0.2618, "scale": 65536.0, "peak_gib": 11.83, "elapsed_min": 53.88, "t": 1791625356.7}
EMIT {"phase": "step", "step": 70, "epoch": 0, "micro": 284, "loss": 0.4067, "lr": 0.00017966101694915257, "grad_norm": 0.2443, "scale": 65536.0, "peak_gib": 11.83, "elapsed_min": 54.66, "t": 1791625403.9}
EMIT {"phase": "step", "step": 71, "epoch": 0, "micro": 288, "loss": 0.4189, "lr": 0.00017932203389830508, "grad_norm": 0.2307, "scale": 65536.0, "peak_gib": 11.83, "elapsed_min": 55.44, "t": 1791625450.8}
EMIT {"phase": "step", "step": 72, "epoch": 0, "micro": 292, "loss": 0.3931, "lr": 0.00017898305084745764, "grad_norm": 0.2265, "scale": 65536.0, "peak_gib": 11.83, "elapsed_min": 56.21, "t": 1791625496.9}
EMIT {"phase": "step", "step": 73, "epoch": 0, "micro": 296, "loss": 0.3645, "lr": 0.00017864406779661017, "grad_norm": 0.2275, "scale": 65536.0, "peak_gib": 11.83, "elapsed_min": 56.97, "t": 1791625542.5}
EMIT {"phase": "step", "step": 74, "epoch": 0, "micro": 300, "loss": 0.3141, "lr": 0.00017830508474576273, "grad_norm": 0.2273, "scale": 65536.0, "peak_gib": 11.83, "elapsed_min": 57.72, "t": 1791625587.4}
EMIT {"phase": "step", "step": 75, "epoch": 0, "micro": 304, "loss": 0.3897, "lr": 0.00017796610169491526, "grad_norm": 0.2645, "scale": 65536.0, "peak_gib": 11.83, "elapsed_min": 58.49, "t": 1791625633.6}
EMIT {"phase": "step", "step": 76, "epoch": 0, "micro": 308, "loss": 0.4573, "lr": 0.0001776271186440678, "grad_norm": 0.2486, "scale": 65536.0, "peak_gib": 11.83, "elapsed_min": 59.27, "t": 1791625680.4}
EMIT {"phase": "step", "step": 77, "epoch": 0, "micro": 312, "loss": 0.3721, "lr": 0.00017728813559322035, "grad_norm": 0.2437, "scale": 65536.0, "peak_gib": 11.83, "elapsed_min": 60.05, "t": 1791625727.4}
EMIT {"phase": "step", "step": 78, "epoch": 0, "micro": 316, "loss": 0.2256, "lr": 0.0001769491525423729, "grad_norm": 0.2435, "scale": 65536.0, "peak_gib": 11.83, "elapsed_min": 60.78, "t": 1791625771.2}
EMIT {"phase": "step", "step": 79, "epoch": 0, "micro": 320, "loss": 0.4353, "lr": 0.00017661016949152542, "grad_norm": 0.2697, "scale": 65536.0, "peak_gib": 11.83, "elapsed_min": 61.53, "t": 1791625816.0}
EMIT {"phase": "step", "step": 80, "epoch": 0, "micro": 324, "loss": 0.2896, "lr": 0.00017627118644067798, "grad_norm": 0.2258, "scale": 65536.0, "peak_gib": 11.83, "elapsed_min": 62.29, "t": 1791625861.3}
EMIT {"phase": "step", "step": 81, "epoch": 0, "micro": 328, "loss": 0.3111, "lr": 0.0001759322033898305, "grad_norm": 0.2455, "scale": 65536.0, "peak_gib": 11.83, "elapsed_min": 63.03, "t": 1791625905.8}
EMIT {"phase": "step", "step": 82, "epoch": 0, "micro": 332, "loss": 0.4104, "lr": 0.00017559322033898307, "grad_norm": 0.2262, "scale": 65536.0, "peak_gib": 11.83, "elapsed_min": 63.79, "t": 1791625951.7}
EMIT {"phase": "step", "step": 83, "epoch": 0, "micro": 336, "loss": 0.4602, "lr": 0.0001752542372881356, "grad_norm": 0.2642, "scale": 65536.0, "peak_gib": 11.83, "elapsed_min": 64.55, "t": 1791625996.9}
EMIT {"phase": "step", "step": 84, "epoch": 0, "micro": 340, "loss": 0.3577, "lr": 0.00017491525423728814, "grad_norm": 0.2336, "scale": 65536.0, "peak_gib": 11.83, "elapsed_min": 65.33, "t": 1791626043.7}
EMIT {"phase": "step", "step": 85, "epoch": 0, "micro": 344, "loss": 0.3722, "lr": 0.0001745762711864407, "grad_norm": 0.2655, "scale": 65536.0, "peak_gib": 11.83, "elapsed_min": 66.09, "t": 1791626089.5}
EMIT {"phase": "step", "step": 86, "epoch": 0, "micro": 348, "loss": 0.3227, "lr": 0.00017423728813559323, "grad_norm": 0.3953, "scale": 65536.0, "peak_gib": 11.83, "elapsed_min": 66.82, "t": 1791626133.5}
EMIT {"phase": "step", "step": 87, "epoch": 0, "micro": 352, "loss": 0.4058, "lr": 0.00017389830508474576, "grad_norm": 0.2386, "scale": 65536.0, "peak_gib": 11.83, "elapsed_min": 67.62, "t": 1791626181.3}
EMIT {"phase": "step", "step": 88, "epoch": 0, "micro": 356, "loss": 0.294, "lr": 0.0001735593220338983, "grad_norm": 0.206, "scale": 65536.0, "peak_gib": 11.83, "elapsed_min": 68.37, "t": 1791626226.3}
EMIT {"phase": "step", "step": 89, "epoch": 0, "micro": 360, "loss": 0.377, "lr": 0.00017322033898305086, "grad_norm": 0.2717, "scale": 65536.0, "peak_gib": 11.83, "elapsed_min": 69.1, "t": 1791626270.1}
EMIT {"phase": "step", "step": 90, "epoch": 0, "micro": 364, "loss": 0.3849, "lr": 0.00017288135593220342, "grad_norm": 0.2292, "scale": 65536.0, "peak_gib": 11.83, "elapsed_min": 69.86, "t": 1791626315.9}
EMIT {"phase": "step", "step": 91, "epoch": 0, "micro": 368, "loss": 0.377, "lr": 0.00017254237288135595, "grad_norm": 0.214, "scale": 65536.0, "peak_gib": 11.83, "elapsed_min": 70.64, "t": 1791626362.6}
EMIT {"phase": "step", "step": 92, "epoch": 0, "micro": 372, "loss": 0.3735, "lr": 0.00017220338983050848, "grad_norm": 0.2405, "scale": 65536.0, "peak_gib": 11.83, "elapsed_min": 71.42, "t": 1791626409.3}
EMIT {"phase": "step", "step": 93, "epoch": 0, "micro": 376, "loss": 0.3559, "lr": 0.00017186440677966101, "grad_norm": 0.2439, "scale": 65536.0, "peak_gib": 11.83, "elapsed_min": 72.2, "t": 1791626456.0}
EMIT {"phase": "step", "step": 94, "epoch": 0, "micro": 380, "loss": 0.444, "lr": 0.00017152542372881357, "grad_norm": 0.272, "scale": 65536.0, "peak_gib": 11.83, "elapsed_min": 72.97, "t": 1791626502.2}
EMIT {"phase": "step", "step": 95, "epoch": 0, "micro": 384, "loss": 0.4039, "lr": 0.0001711864406779661, "grad_norm": 0.248, "scale": 65536.0, "peak_gib": 11.83, "elapsed_min": 73.74, "t": 1791626548.5}
EMIT {"phase": "step", "step": 96, "epoch": 0, "micro": 388, "loss": 0.3286, "lr": 0.00017084745762711864, "grad_norm": 0.2119, "scale": 65536.0, "peak_gib": 11.83, "elapsed_min": 74.52, "t": 1791626595.1}
EMIT {"phase": "step", "step": 97, "epoch": 0, "micro": 392, "loss": 0.4452, "lr": 0.0001705084745762712, "grad_norm": 0.2638, "scale": 65536.0, "peak_gib": 11.83, "elapsed_min": 75.25, "t": 1791626639.5}
EMIT {"phase": "step", "step": 98, "epoch": 0, "micro": 396, "loss": 0.3191, "lr": 0.00017016949152542373, "grad_norm": 0.2826, "scale": 65536.0, "peak_gib": 11.83, "elapsed_min": 75.98, "t": 1791626682.7}
EMIT {"phase": "step", "step": 99, "epoch": 0, "micro": 400, "loss": 0.3552, "lr": 0.0001698305084745763, "grad_norm": 0.2146, "scale": 65536.0, "peak_gib": 11.83, "elapsed_min": 76.77, "t": 1791626730.5}
EMIT {"phase": "step", "step": 100, "epoch": 0, "micro": 404, "loss": 0.3892, "lr": 0.00016949152542372882, "grad_norm": 0.2446, "scale": 65536.0, "peak_gib": 11.84, "elapsed_min": 77.54, "t": 1791626776.8}
EMIT {"phase": "step", "step": 101, "epoch": 0, "micro": 408, "loss": 0.3339, "lr": 0.00016915254237288136, "grad_norm": 0.2202, "scale": 65536.0, "peak_gib": 11.84, "elapsed_min": 78.32, "t": 1791626823.3}
EMIT {"phase": "step", "step": 102, "epoch": 0, "micro": 412, "loss": 0.4304, "lr": 0.00016881355932203392, "grad_norm": 0.2345, "scale": 65536.0, "peak_gib": 11.84, "elapsed_min": 79.1, "t": 1791626870.1}
EMIT {"phase": "step", "step": 103, "epoch": 0, "micro": 416, "loss": 0.3772, "lr": 0.00016847457627118645, "grad_norm": 0.2449, "scale": 65536.0, "peak_gib": 11.84, "elapsed_min": 79.86, "t": 1791626916.0}
EMIT {"phase": "step", "step": 104, "epoch": 0, "micro": 420, "loss": 0.4271, "lr": 0.00016813559322033898, "grad_norm": 0.2588, "scale": 65536.0, "peak_gib": 11.84, "elapsed_min": 80.62, "t": 1791626961.6}
EMIT {"phase": "step", "step": 105, "epoch": 0, "micro": 424, "loss": 0.3882, "lr": 0.00016779661016949154, "grad_norm": 0.2367, "scale": 65536.0, "peak_gib": 11.84, "elapsed_min": 81.39, "t": 1791627007.3}
EMIT {"phase": "step", "step": 106, "epoch": 0, "micro": 428, "loss": 0.4079, "lr": 0.00016745762711864408, "grad_norm": 0.2598, "scale": 65536.0, "peak_gib": 11.84, "elapsed_min": 82.16, "t": 1791627053.7}
EMIT {"phase": "step", "step": 107, "epoch": 0, "micro": 432, "loss": 0.4173, "lr": 0.00016711864406779664, "grad_norm": 0.2405, "scale": 65536.0, "peak_gib": 11.84, "elapsed_min": 82.92, "t": 1791627099.4}
EMIT {"phase": "step", "step": 108, "epoch": 0, "micro": 436, "loss": 0.3789, "lr": 0.00016677966101694914, "grad_norm": 0.2304, "scale": 65536.0, "peak_gib": 11.84, "elapsed_min": 83.69, "t": 1791627145.3}
EMIT {"phase": "step", "step": 109, "epoch": 0, "micro": 440, "loss": 0.3254, "lr": 0.0001664406779661017, "grad_norm": 0.2028, "scale": 65536.0, "peak_gib": 11.84, "elapsed_min": 84.5, "t": 1791627194.5}
EMIT {"phase": "step", "step": 110, "epoch": 0, "micro": 444, "loss": 0.3686, "lr": 0.00016610169491525423, "grad_norm": 0.2095, "scale": 65536.0, "peak_gib": 11.84, "elapsed_min": 85.28, "t": 1791627241.0}
EMIT {"phase": "step", "step": 111, "epoch": 0, "micro": 448, "loss": 0.3943, "lr": 0.0001657627118644068, "grad_norm": 0.2412, "scale": 65536.0, "peak_gib": 11.84, "elapsed_min": 86.06, "t": 1791627287.6}
EMIT {"phase": "step", "step": 112, "epoch": 0, "micro": 452, "loss": 0.414, "lr": 0.00016542372881355933, "grad_norm": 0.2107, "scale": 65536.0, "peak_gib": 11.84, "elapsed_min": 86.83, "t": 1791627334.1}
EMIT {"phase": "step", "step": 113, "epoch": 0, "micro": 456, "loss": 0.3388, "lr": 0.00016508474576271186, "grad_norm": 0.2288, "scale": 65536.0, "peak_gib": 11.84, "elapsed_min": 87.59, "t": 1791627379.9}
EMIT {"phase": "step", "step": 114, "epoch": 0, "micro": 460, "loss": 0.3348, "lr": 0.00016474576271186442, "grad_norm": 0.2617, "scale": 65536.0, "peak_gib": 11.84, "elapsed_min": 88.35, "t": 1791627425.1}
EMIT {"phase": "step", "step": 115, "epoch": 0, "micro": 464, "loss": 0.3956, "lr": 0.00016440677966101695, "grad_norm": 0.2599, "scale": 65536.0, "peak_gib": 11.84, "elapsed_min": 89.11, "t": 1791627470.6}
EMIT {"phase": "step", "step": 116, "epoch": 0, "micro": 468, "loss": 0.3457, "lr": 0.00016406779661016948, "grad_norm": 0.2017, "scale": 65536.0, "peak_gib": 11.84, "elapsed_min": 89.9, "t": 1791627518.4}
EMIT {"phase": "step", "step": 117, "epoch": 0, "micro": 472, "loss": 0.4661, "lr": 0.00016372881355932204, "grad_norm": 0.2207, "scale": 65536.0, "peak_gib": 11.84, "elapsed_min": 90.69, "t": 1791627565.4}
EMIT {"phase": "step", "step": 118, "epoch": 0, "micro": 476, "loss": 0.4082, "lr": 0.00016338983050847458, "grad_norm": 0.2286, "scale": 65536.0, "peak_gib": 11.84, "elapsed_min": 91.45, "t": 1791627611.3}
EMIT {"phase": "step", "step": 119, "epoch": 0, "micro": 480, "loss": 0.3324, "lr": 0.00016305084745762714, "grad_norm": 0.2171, "scale": 65536.0, "peak_gib": 11.84, "elapsed_min": 92.25, "t": 1791627659.2}
EMIT {"phase": "step", "step": 120, "epoch": 0, "micro": 484, "loss": 0.3638, "lr": 0.00016271186440677967, "grad_norm": 0.2339, "scale": 65536.0, "peak_gib": 11.84, "elapsed_min": 93.05, "t": 1791627707.2}
EMIT {"phase": "step", "step": 121, "epoch": 0, "micro": 488, "loss": 0.3073, "lr": 0.0001623728813559322, "grad_norm": 0.2241, "scale": 65536.0, "peak_gib": 11.84, "elapsed_min": 93.82, "t": 1791627753.3}
EMIT {"phase": "step", "step": 122, "epoch": 0, "micro": 492, "loss": 0.4022, "lr": 0.00016203389830508476, "grad_norm": 0.2932, "scale": 65536.0, "peak_gib": 11.84, "elapsed_min": 94.56, "t": 1791627797.6}
EMIT {"phase": "step", "step": 123, "epoch": 0, "micro": 496, "loss": 0.4075, "lr": 0.0001616949152542373, "grad_norm": 0.2602, "scale": 65536.0, "peak_gib": 11.84, "elapsed_min": 95.32, "t": 1791627843.4}
EMIT {"phase": "step", "step": 124, "epoch": 0, "micro": 500, "loss": 0.4327, "lr": 0.00016135593220338985, "grad_norm": 0.2477, "scale": 65536.0, "peak_gib": 11.84, "elapsed_min": 96.08, "t": 1791627889.1}
EMIT {"phase": "step", "step": 125, "epoch": 0, "micro": 504, "loss": 0.4133, "lr": 0.00016101694915254236, "grad_norm": 0.2208, "scale": 65536.0, "peak_gib": 11.84, "elapsed_min": 96.84, "t": 1791627934.4}
EMIT {"phase": "step", "step": 126, "epoch": 0, "micro": 508, "loss": 0.3056, "lr": 0.00016067796610169492, "grad_norm": 0.2026, "scale": 65536.0, "peak_gib": 11.84, "elapsed_min": 97.58, "t": 1791627978.8}
EMIT {"phase": "step", "step": 127, "epoch": 0, "micro": 512, "loss": 0.2975, "lr": 0.00016033898305084748, "grad_norm": 0.2005, "scale": 65536.0, "peak_gib": 11.84, "elapsed_min": 98.32, "t": 1791628023.3}
EMIT {"phase": "step", "step": 128, "epoch": 0, "micro": 516, "loss": 0.4492, "lr": 0.00016, "grad_norm": 0.2359, "scale": 65536.0, "peak_gib": 11.84, "elapsed_min": 99.1, "t": 1791628070.3}
EMIT {"phase": "step", "step": 129, "epoch": 0, "micro": 520, "loss": 0.4132, "lr": 0.00015966101694915255, "grad_norm": 0.2222, "scale": 65536.0, "peak_gib": 11.84, "elapsed_min": 99.9, "t": 1791628118.2}
EMIT {"phase": "step", "step": 130, "epoch": 0, "micro": 524, "loss": 0.3874, "lr": 0.00015932203389830508, "grad_norm": 0.2566, "scale": 65536.0, "peak_gib": 11.84, "elapsed_min": 100.65, "t": 1791628163.4}
EMIT {"phase": "step", "step": 131, "epoch": 0, "micro": 528, "loss": 0.4005, "lr": 0.00015898305084745764, "grad_norm": 0.2258, "scale": 65536.0, "peak_gib": 11.84, "elapsed_min": 101.43, "t": 1791628210.0}
EMIT {"phase": "step", "step": 132, "epoch": 0, "micro": 532, "loss": 0.3651, "lr": 0.0001586440677966102, "grad_norm": 0.2255, "scale": 65536.0, "peak_gib": 11.84, "elapsed_min": 102.19, "t": 1791628255.8}
EMIT {"phase": "step", "step": 133, "epoch": 0, "micro": 536, "loss": 0.385, "lr": 0.0001583050847457627, "grad_norm": 0.2409, "scale": 65536.0, "peak_gib": 11.84, "elapsed_min": 102.98, "t": 1791628303.2}
EMIT {"phase": "step", "step": 134, "epoch": 0, "micro": 540, "loss": 0.3973, "lr": 0.00015796610169491526, "grad_norm": 0.2212, "scale": 65536.0, "peak_gib": 11.84, "elapsed_min": 103.76, "t": 1791628349.7}
EMIT {"phase": "step", "step": 135, "epoch": 0, "micro": 544, "loss": 0.2853, "lr": 0.0001576271186440678, "grad_norm": 0.2471, "scale": 65536.0, "peak_gib": 11.84, "elapsed_min": 104.52, "t": 1791628395.7}
EMIT {"phase": "step", "step": 136, "epoch": 0, "micro": 548, "loss": 0.3422, "lr": 0.00015728813559322036, "grad_norm": 0.2332, "scale": 65536.0, "peak_gib": 11.84, "elapsed_min": 105.29, "t": 1791628441.6}
EMIT {"phase": "step", "step": 137, "epoch": 0, "micro": 552, "loss": 0.3952, "lr": 0.0001569491525423729, "grad_norm": 0.2679, "scale": 65536.0, "peak_gib": 11.84, "elapsed_min": 106.07, "t": 1791628488.2}
EMIT {"phase": "step", "step": 138, "epoch": 0, "micro": 556, "loss": 0.3505, "lr": 0.00015661016949152542, "grad_norm": 0.2421, "scale": 65536.0, "peak_gib": 11.84, "elapsed_min": 106.85, "t": 1791628534.9}
EMIT {"phase": "step", "step": 139, "epoch": 0, "micro": 560, "loss": 0.3483, "lr": 0.00015627118644067798, "grad_norm": 0.2332, "scale": 65536.0, "peak_gib": 11.84, "elapsed_min": 107.63, "t": 1791628581.9}
EMIT {"phase": "step", "step": 140, "epoch": 0, "micro": 564, "loss": 0.3814, "lr": 0.00015593220338983051, "grad_norm": 0.2288, "scale": 65536.0, "peak_gib": 11.84, "elapsed_min": 108.38, "t": 1791628627.3}
EMIT {"phase": "step", "step": 141, "epoch": 0, "micro": 568, "loss": 0.345, "lr": 0.00015559322033898305, "grad_norm": 0.2289, "scale": 65536.0, "peak_gib": 11.84, "elapsed_min": 109.16, "t": 1791628673.5}
EMIT {"phase": "step", "step": 142, "epoch": 0, "micro": 572, "loss": 0.3121, "lr": 0.0001552542372881356, "grad_norm": 0.2405, "scale": 65536.0, "peak_gib": 11.84, "elapsed_min": 109.91, "t": 1791628718.8}
EMIT {"phase": "step", "step": 143, "epoch": 0, "micro": 576, "loss": 0.4148, "lr": 0.00015491525423728814, "grad_norm": 0.2279, "scale": 65536.0, "peak_gib": 11.84, "elapsed_min": 110.66, "t": 1791628763.8}
EMIT {"phase": "step", "step": 144, "epoch": 0, "micro": 580, "loss": 0.2236, "lr": 0.0001545762711864407, "grad_norm": 0.2437, "scale": 65536.0, "peak_gib": 11.84, "elapsed_min": 111.39, "t": 1791628807.5}
EMIT {"phase": "step", "step": 145, "epoch": 0, "micro": 584, "loss": 0.383, "lr": 0.00015423728813559323, "grad_norm": 0.2643, "scale": 65536.0, "peak_gib": 11.84, "elapsed_min": 112.16, "t": 1791628854.0}
EMIT {"phase": "step", "step": 146, "epoch": 0, "micro": 588, "loss": 0.3707, "lr": 0.00015389830508474577, "grad_norm": 0.2517, "scale": 65536.0, "peak_gib": 11.84, "elapsed_min": 112.93, "t": 1791628899.8}
EMIT {"phase": "step", "step": 147, "epoch": 0, "micro": 592, "loss": 0.3965, "lr": 0.00015355932203389833, "grad_norm": 0.2102, "scale": 65536.0, "peak_gib": 11.84, "elapsed_min": 113.72, "t": 1791628947.7}
EMIT {"phase": "step", "step": 148, "epoch": 0, "micro": 596, "loss": 0.4271, "lr": 0.00015322033898305086, "grad_norm": 0.2372, "scale": 65536.0, "peak_gib": 11.84, "elapsed_min": 114.49, "t": 1791628993.7}
EMIT {"phase": "step", "step": 149, "epoch": 0, "micro": 600, "loss": 0.4243, "lr": 0.00015288135593220342, "grad_norm": NaN, "scale": 32768.0, "peak_gib": 11.84, "elapsed_min": 115.25, "t": 1791629039.2}
EMIT {"phase": "step", "step": 150, "epoch": 0, "micro": 604, "loss": 0.3221, "lr": 0.00015254237288135592, "grad_norm": 0.2143, "scale": 32768.0, "peak_gib": 11.84, "elapsed_min": 116.04, "t": 1791629086.8}
EMIT {"phase": "step", "step": 151, "epoch": 0, "micro": 608, "loss": 0.4127, "lr": 0.00015220338983050848, "grad_norm": 0.2377, "scale": 32768.0, "peak_gib": 11.84, "elapsed_min": 116.81, "t": 1791629132.7}
EMIT {"phase": "step", "step": 152, "epoch": 0, "micro": 612, "loss": 0.309, "lr": 0.00015186440677966102, "grad_norm": 0.2198, "scale": 32768.0, "peak_gib": 11.84, "elapsed_min": 117.58, "t": 1791629178.9}
EMIT {"phase": "step", "step": 153, "epoch": 0, "micro": 616, "loss": 0.4162, "lr": 0.00015152542372881358, "grad_norm": 0.2538, "scale": 32768.0, "peak_gib": 11.84, "elapsed_min": 118.32, "t": 1791629223.7}
EMIT {"phase": "step", "step": 154, "epoch": 0, "micro": 620, "loss": 0.4062, "lr": 0.0001511864406779661, "grad_norm": 0.2317, "scale": 32768.0, "peak_gib": 11.84, "elapsed_min": 119.07, "t": 1791629268.5}
EMIT {"phase": "step", "step": 155, "epoch": 0, "micro": 624, "loss": 0.3241, "lr": 0.00015084745762711864, "grad_norm": 0.2144, "scale": 32768.0, "peak_gib": 11.84, "elapsed_min": 119.81, "t": 1791629313.0}
EMIT {"phase": "step", "step": 156, "epoch": 0, "micro": 628, "loss": 0.3921, "lr": 0.0001505084745762712, "grad_norm": 0.2244, "scale": 32768.0, "peak_gib": 11.84, "elapsed_min": 120.57, "t": 1791629358.2}
EMIT {"phase": "step", "step": 157, "epoch": 0, "micro": 632, "loss": 0.4, "lr": 0.00015016949152542373, "grad_norm": 0.2148, "scale": 32768.0, "peak_gib": 11.84, "elapsed_min": 121.32, "t": 1791629403.3}
EMIT {"phase": "step", "step": 158, "epoch": 0, "micro": 636, "loss": 0.3494, "lr": 0.00014983050847457627, "grad_norm": 0.2333, "scale": 32768.0, "peak_gib": 11.84, "elapsed_min": 122.06, "t": 1791629447.8}
EMIT {"phase": "step", "step": 159, "epoch": 0, "micro": 640, "loss": 0.402, "lr": 0.00014949152542372883, "grad_norm": 0.309, "scale": 32768.0, "peak_gib": 11.84, "elapsed_min": 122.79, "t": 1791629491.5}
EMIT {"phase": "step", "step": 160, "epoch": 0, "micro": 644, "loss": 0.3458, "lr": 0.00014915254237288136, "grad_norm": 0.2136, "scale": 32768.0, "peak_gib": 11.84, "elapsed_min": 123.57, "t": 1791629538.2}
EMIT {"phase": "step", "step": 161, "epoch": 0, "micro": 648, "loss": 0.3938, "lr": 0.00014881355932203392, "grad_norm": 0.2149, "scale": 32768.0, "peak_gib": 11.84, "elapsed_min": 124.36, "t": 1791629585.7}
EMIT {"phase": "step", "step": 162, "epoch": 0, "micro": 652, "loss": 0.3921, "lr": 0.00014847457627118645, "grad_norm": 0.2097, "scale": 32768.0, "peak_gib": 11.84, "elapsed_min": 125.14, "t": 1791629632.6}
EMIT {"phase": "step", "step": 163, "epoch": 0, "micro": 656, "loss": 0.4021, "lr": 0.00014813559322033898, "grad_norm": 0.2167, "scale": 32768.0, "peak_gib": 11.85, "elapsed_min": 125.92, "t": 1791629679.6}
EMIT {"phase": "step", "step": 164, "epoch": 0, "micro": 660, "loss": 0.3437, "lr": 0.00014779661016949154, "grad_norm": 0.2111, "scale": 32768.0, "peak_gib": 11.85, "elapsed_min": 126.71, "t": 1791629727.0}
EMIT {"phase": "step", "step": 165, "epoch": 0, "micro": 664, "loss": 0.3619, "lr": 0.00014745762711864408, "grad_norm": 0.2236, "scale": 32768.0, "peak_gib": 11.85, "elapsed_min": 127.47, "t": 1791629772.5}
EMIT {"phase": "step", "step": 166, "epoch": 0, "micro": 668, "loss": 0.3539, "lr": 0.0001471186440677966, "grad_norm": 0.2136, "scale": 32768.0, "peak_gib": 11.85, "elapsed_min": 128.22, "t": 1791629817.6}
EMIT {"phase": "step", "step": 167, "epoch": 0, "micro": 672, "loss": 0.3435, "lr": 0.00014677966101694914, "grad_norm": 0.2103, "scale": 32768.0, "peak_gib": 11.85, "elapsed_min": 128.99, "t": 1791629863.5}
EMIT {"phase": "step", "step": 168, "epoch": 0, "micro": 676, "loss": 0.4135, "lr": 0.0001464406779661017, "grad_norm": 0.2275, "scale": 32768.0, "peak_gib": 11.85, "elapsed_min": 129.75, "t": 1791629909.1}
EMIT {"phase": "step", "step": 169, "epoch": 0, "micro": 680, "loss": 0.3389, "lr": 0.00014610169491525426, "grad_norm": 0.228, "scale": 32768.0, "peak_gib": 11.85, "elapsed_min": 130.5, "t": 1791629954.4}
EMIT {"phase": "step", "step": 170, "epoch": 0, "micro": 684, "loss": 0.4337, "lr": 0.00014576271186440677, "grad_norm": 0.265, "scale": 32768.0, "peak_gib": 11.85, "elapsed_min": 131.27, "t": 1791630000.3}
EMIT {"phase": "step", "step": 171, "epoch": 0, "micro": 688, "loss": 0.4253, "lr": 0.00014542372881355933, "grad_norm": 0.2518, "scale": 32768.0, "peak_gib": 11.85, "elapsed_min": 132.06, "t": 1791630047.7}
EMIT {"phase": "step", "step": 172, "epoch": 0, "micro": 692, "loss": 0.3122, "lr": 0.00014508474576271186, "grad_norm": 0.3055, "scale": 32768.0, "peak_gib": 11.85, "elapsed_min": 132.79, "t": 1791630091.5}
EMIT {"phase": "step", "step": 173, "epoch": 0, "micro": 696, "loss": 0.3031, "lr": 0.00014474576271186442, "grad_norm": 0.2288, "scale": 32768.0, "peak_gib": 11.85, "elapsed_min": 133.56, "t": 1791630137.8}
EMIT {"phase": "step", "step": 174, "epoch": 0, "micro": 700, "loss": 0.3654, "lr": 0.00014440677966101695, "grad_norm": 0.2492, "scale": 32768.0, "peak_gib": 11.85, "elapsed_min": 134.33, "t": 1791630183.8}
EMIT {"phase": "step", "step": 175, "epoch": 0, "micro": 704, "loss": 0.3854, "lr": 0.00014406779661016949, "grad_norm": 0.2176, "scale": 32768.0, "peak_gib": 11.85, "elapsed_min": 135.08, "t": 1791630229.3}
EMIT {"phase": "step", "step": 176, "epoch": 0, "micro": 708, "loss": 0.3329, "lr": 0.00014372881355932205, "grad_norm": 0.2155, "scale": 32768.0, "peak_gib": 11.85, "elapsed_min": 135.86, "t": 1791630276.0}
EMIT {"phase": "step", "step": 177, "epoch": 0, "micro": 712, "loss": 0.2515, "lr": 0.00014338983050847458, "grad_norm": 0.2242, "scale": 32768.0, "peak_gib": 11.85, "elapsed_min": 136.62, "t": 1791630321.6}
EMIT {"phase": "step", "step": 178, "epoch": 0, "micro": 716, "loss": 0.3677, "lr": 0.00014305084745762714, "grad_norm": 0.2218, "scale": 32768.0, "peak_gib": 11.85, "elapsed_min": 137.4, "t": 1791630368.4}
EMIT {"phase": "step", "step": 179, "epoch": 0, "micro": 720, "loss": 0.3619, "lr": 0.00014271186440677967, "grad_norm": 0.2106, "scale": 32768.0, "peak_gib": 11.85, "elapsed_min": 138.19, "t": 1791630415.7}
EMIT {"phase": "step", "step": 180, "epoch": 0, "micro": 724, "loss": 0.3345, "lr": 0.0001423728813559322, "grad_norm": 0.2462, "scale": 32768.0, "peak_gib": 11.85, "elapsed_min": 138.94, "t": 1791630460.8}
EMIT {"phase": "step", "step": 181, "epoch": 0, "micro": 728, "loss": 0.3423, "lr": 0.00014203389830508476, "grad_norm": 0.2189, "scale": 32768.0, "peak_gib": 11.85, "elapsed_min": 139.7, "t": 1791630506.4}
EMIT {"phase": "step", "step": 182, "epoch": 0, "micro": 732, "loss": 0.371, "lr": 0.0001416949152542373, "grad_norm": 0.2248, "scale": 32768.0, "peak_gib": 11.85, "elapsed_min": 140.45, "t": 1791630551.3}
EMIT {"phase": "step", "step": 183, "epoch": 0, "micro": 736, "loss": 0.4535, "lr": 0.00014135593220338983, "grad_norm": 0.2886, "scale": 32768.0, "peak_gib": 11.85, "elapsed_min": 141.21, "t": 1791630596.7}
EMIT {"phase": "step", "step": 184, "epoch": 0, "micro": 740, "loss": 0.4017, "lr": 0.0001410169491525424, "grad_norm": 0.2414, "scale": 32768.0, "peak_gib": 11.85, "elapsed_min": 141.99, "t": 1791630643.5}
EMIT {"phase": "step", "step": 185, "epoch": 0, "micro": 744, "loss": 0.3161, "lr": 0.00014067796610169492, "grad_norm": 0.1983, "scale": 32768.0, "peak_gib": 11.85, "elapsed_min": 142.78, "t": 1791630690.9}
EMIT {"phase": "step", "step": 186, "epoch": 0, "micro": 748, "loss": 0.4226, "lr": 0.00014033898305084748, "grad_norm": 0.2613, "scale": 32768.0, "peak_gib": 11.85, "elapsed_min": 143.52, "t": 1791630735.7}
EMIT {"phase": "step", "step": 187, "epoch": 0, "micro": 752, "loss": 0.4162, "lr": 0.00014, "grad_norm": 0.2535, "scale": 32768.0, "peak_gib": 11.85, "elapsed_min": 144.27, "t": 1791630780.7}
EMIT {"phase": "step", "step": 188, "epoch": 0, "micro": 756, "loss": 0.3492, "lr": 0.00013966101694915255, "grad_norm": 0.215, "scale": 32768.0, "peak_gib": 11.85, "elapsed_min": 145.0, "t": 1791630824.4}
EMIT {"phase": "step", "step": 189, "epoch": 0, "micro": 760, "loss": 0.3547, "lr": 0.00013932203389830508, "grad_norm": 0.2283, "scale": 32768.0, "peak_gib": 11.85, "elapsed_min": 145.76, "t": 1791630869.6}
EMIT {"phase": "step", "step": 190, "epoch": 0, "micro": 764, "loss": 0.3721, "lr": 0.00013898305084745764, "grad_norm": 0.2109, "scale": 32768.0, "peak_gib": 11.85, "elapsed_min": 146.5, "t": 1791630914.4}
EMIT {"phase": "step", "step": 191, "epoch": 0, "micro": 768, "loss": 0.3986, "lr": 0.00013864406779661017, "grad_norm": 0.2175, "scale": 32768.0, "peak_gib": 11.85, "elapsed_min": 147.27, "t": 1791630960.6}
EMIT {"phase": "step", "step": 192, "epoch": 0, "micro": 772, "loss": 0.4167, "lr": 0.0001383050847457627, "grad_norm": 0.208, "scale": 32768.0, "peak_gib": 11.85, "elapsed_min": 148.05, "t": 1791631007.1}
EMIT {"phase": "step", "step": 193, "epoch": 0, "micro": 776, "loss": 0.3646, "lr": 0.00013796610169491527, "grad_norm": 0.2123, "scale": 32768.0, "peak_gib": 11.85, "elapsed_min": 148.81, "t": 1791631052.9}
EMIT {"phase": "step", "step": 194, "epoch": 0, "micro": 780, "loss": 0.39, "lr": 0.0001376271186440678, "grad_norm": 0.2446, "scale": 32768.0, "peak_gib": 11.85, "elapsed_min": 149.59, "t": 1791631099.8}
EMIT {"phase": "step", "step": 195, "epoch": 0, "micro": 784, "loss": 0.3567, "lr": 0.00013728813559322033, "grad_norm": 0.2196, "scale": 32768.0, "peak_gib": 11.85, "elapsed_min": 150.36, "t": 1791631145.5}
EMIT {"phase": "step", "step": 196, "epoch": 0, "micro": 788, "loss": 0.4223, "lr": 0.0001369491525423729, "grad_norm": 0.2485, "scale": 32768.0, "peak_gib": 11.85, "elapsed_min": 151.15, "t": 1791631193.2}
EMIT {"phase": "step", "step": 197, "epoch": 0, "micro": 792, "loss": 0.3634, "lr": 0.00013661016949152542, "grad_norm": 0.2431, "scale": 32768.0, "peak_gib": 11.85, "elapsed_min": 151.9, "t": 1791631238.4}
EMIT {"phase": "step", "step": 198, "epoch": 0, "micro": 796, "loss": 0.3943, "lr": 0.00013627118644067798, "grad_norm": 0.2522, "scale": 32768.0, "peak_gib": 11.85, "elapsed_min": 152.67, "t": 1791631284.3}
EMIT {"phase": "step", "step": 199, "epoch": 0, "micro": 800, "loss": 0.3366, "lr": 0.00013593220338983052, "grad_norm": 0.2081, "scale": 32768.0, "peak_gib": 11.85, "elapsed_min": 153.45, "t": 1791631331.3}
EMIT {"phase": "step", "step": 200, "epoch": 0, "micro": 804, "loss": 0.3814, "lr": 0.00013559322033898305, "grad_norm": 0.2629, "scale": 32768.0, "peak_gib": 11.85, "elapsed_min": 154.27, "t": 1791631380.6}
EMIT {"phase": "step", "step": 201, "epoch": 0, "micro": 808, "loss": 0.3617, "lr": 0.0001352542372881356, "grad_norm": 0.2267, "scale": 32768.0, "peak_gib": 11.85, "elapsed_min": 155.02, "t": 1791631425.6}
EMIT {"phase": "step", "step": 202, "epoch": 0, "micro": 812, "loss": 0.3355, "lr": 0.00013491525423728814, "grad_norm": 0.2425, "scale": 32768.0, "peak_gib": 11.85, "elapsed_min": 155.78, "t": 1791631471.2}
EMIT {"phase": "step", "step": 203, "epoch": 0, "micro": 816, "loss": 0.3196, "lr": 0.0001345762711864407, "grad_norm": 0.2411, "scale": 32768.0, "peak_gib": 11.85, "elapsed_min": 156.54, "t": 1791631516.5}
EMIT {"phase": "step", "step": 204, "epoch": 0, "micro": 820, "loss": 0.3965, "lr": 0.0001342372881355932, "grad_norm": 0.2335, "scale": 32768.0, "peak_gib": 11.85, "elapsed_min": 157.32, "t": 1791631563.1}
EMIT {"phase": "step", "step": 205, "epoch": 0, "micro": 824, "loss": 0.3639, "lr": 0.00013389830508474577, "grad_norm": 0.2685, "scale": 32768.0, "peak_gib": 11.85, "elapsed_min": 158.1, "t": 1791631610.4}
EMIT {"phase": "step", "step": 206, "epoch": 0, "micro": 828, "loss": 0.3926, "lr": 0.00013355932203389833, "grad_norm": 0.2215, "scale": 32768.0, "peak_gib": 11.85, "elapsed_min": 158.86, "t": 1791631656.0}
EMIT {"phase": "step", "step": 207, "epoch": 0, "micro": 832, "loss": 0.346, "lr": 0.00013322033898305086, "grad_norm": 0.2019, "scale": 32768.0, "peak_gib": 11.85, "elapsed_min": 159.59, "t": 1791631699.4}
EMIT {"phase": "step", "step": 208, "epoch": 0, "micro": 836, "loss": 0.4034, "lr": 0.0001328813559322034, "grad_norm": 0.2138, "scale": 32768.0, "peak_gib": 11.85, "elapsed_min": 160.37, "t": 1791631746.7}
EMIT {"phase": "step", "step": 209, "epoch": 0, "micro": 840, "loss": 0.375, "lr": 0.00013254237288135593, "grad_norm": 0.2228, "scale": 32768.0, "peak_gib": 11.85, "elapsed_min": 161.16, "t": 1791631794.0}
EMIT {"phase": "step", "step": 210, "epoch": 0, "micro": 844, "loss": 0.2988, "lr": 0.00013220338983050849, "grad_norm": 0.2423, "scale": 32768.0, "peak_gib": 11.85, "elapsed_min": 161.92, "t": 1791631839.2}
EMIT {"phase": "step", "step": 211, "epoch": 0, "micro": 848, "loss": 0.3777, "lr": 0.00013186440677966104, "grad_norm": 0.2382, "scale": 32768.0, "peak_gib": 11.85, "elapsed_min": 162.68, "t": 1791631884.8}
EMIT {"phase": "step", "step": 212, "epoch": 0, "micro": 852, "loss": 0.3446, "lr": 0.00013152542372881355, "grad_norm": 0.2274, "scale": 32768.0, "peak_gib": 11.85, "elapsed_min": 163.48, "t": 1791631933.0}
EMIT {"phase": "step", "step": 213, "epoch": 0, "micro": 856, "loss": 0.3626, "lr": 0.0001311864406779661, "grad_norm": 0.2454, "scale": 32768.0, "peak_gib": 11.85, "elapsed_min": 164.25, "t": 1791631979.0}
EMIT {"phase": "step", "step": 214, "epoch": 0, "micro": 860, "loss": 0.3668, "lr": 0.00013084745762711864, "grad_norm": 0.24, "scale": 32768.0, "peak_gib": 11.85, "elapsed_min": 165.02, "t": 1791632025.1}
EMIT {"phase": "step", "step": 215, "epoch": 0, "micro": 864, "loss": 0.2296, "lr": 0.0001305084745762712, "grad_norm": 0.3611, "scale": 32768.0, "peak_gib": 11.85, "elapsed_min": 165.74, "t": 1791632068.7}
EMIT {"phase": "step", "step": 216, "epoch": 0, "micro": 868, "loss": 0.3459, "lr": 0.00013016949152542374, "grad_norm": 0.2102, "scale": 32768.0, "peak_gib": 11.85, "elapsed_min": 166.54, "t": 1791632116.3}
EMIT {"phase": "step", "step": 217, "epoch": 0, "micro": 872, "loss": 0.4075, "lr": 0.00012983050847457627, "grad_norm": 0.2497, "scale": 32768.0, "peak_gib": 11.85, "elapsed_min": 167.32, "t": 1791632163.7}
EMIT {"phase": "step", "step": 218, "epoch": 0, "micro": 876, "loss": 0.3769, "lr": 0.00012949152542372883, "grad_norm": 0.2363, "scale": 32768.0, "peak_gib": 11.85, "elapsed_min": 168.12, "t": 1791632211.7}
EMIT {"phase": "step", "step": 219, "epoch": 0, "micro": 880, "loss": 0.3917, "lr": 0.00012915254237288136, "grad_norm": 0.2178, "scale": 32768.0, "peak_gib": 11.85, "elapsed_min": 168.9, "t": 1791632258.3}
EMIT {"phase": "step", "step": 220, "epoch": 0, "micro": 884, "loss": 0.3592, "lr": 0.0001288135593220339, "grad_norm": 0.2467, "scale": 32768.0, "peak_gib": 11.85, "elapsed_min": 169.69, "t": 1791632305.3}
EMIT {"phase": "step", "step": 221, "epoch": 0, "micro": 888, "loss": 0.3184, "lr": 0.00012847457627118645, "grad_norm": 0.2708, "scale": 32768.0, "peak_gib": 11.85, "elapsed_min": 170.45, "t": 1791632351.3}
EMIT {"phase": "step", "step": 222, "epoch": 0, "micro": 892, "loss": 0.4099, "lr": 0.000128135593220339, "grad_norm": 0.245, "scale": 32768.0, "peak_gib": 11.85, "elapsed_min": 171.22, "t": 1791632397.1}
EMIT {"phase": "step", "step": 223, "epoch": 0, "micro": 896, "loss": 0.4113, "lr": 0.00012779661016949155, "grad_norm": 0.4076, "scale": 32768.0, "peak_gib": 11.85, "elapsed_min": 171.97, "t": 1791632442.5}
EMIT {"phase": "step", "step": 224, "epoch": 0, "micro": 900, "loss": 0.328, "lr": 0.00012745762711864405, "grad_norm": 0.2269, "scale": 32768.0, "peak_gib": 11.85, "elapsed_min": 172.73, "t": 1791632488.1}
EMIT {"phase": "step", "step": 225, "epoch": 0, "micro": 904, "loss": 0.3181, "lr": 0.0001271186440677966, "grad_norm": 0.2097, "scale": 32768.0, "peak_gib": 11.85, "elapsed_min": 173.5, "t": 1791632534.1}
EMIT {"phase": "step", "step": 226, "epoch": 0, "micro": 908, "loss": 0.3465, "lr": 0.00012677966101694917, "grad_norm": 0.1984, "scale": 32768.0, "peak_gib": 11.85, "elapsed_min": 174.29, "t": 1791632581.3}
EMIT {"phase": "step", "step": 227, "epoch": 0, "micro": 912, "loss": 0.3179, "lr": 0.0001264406779661017, "grad_norm": 0.1901, "scale": 32768.0, "peak_gib": 11.85, "elapsed_min": 175.07, "t": 1791632628.7}
EMIT {"phase": "step", "step": 228, "epoch": 0, "micro": 916, "loss": 0.3797, "lr": 0.00012610169491525426, "grad_norm": 0.205, "scale": 32768.0, "peak_gib": 11.85, "elapsed_min": 175.86, "t": 1791632675.7}
EMIT {"phase": "step", "step": 229, "epoch": 0, "micro": 920, "loss": 0.2801, "lr": 0.00012576271186440677, "grad_norm": 0.2273, "scale": 32768.0, "peak_gib": 11.85, "elapsed_min": 176.58, "t": 1791632719.0}
EMIT {"phase": "step", "step": 230, "epoch": 0, "micro": 924, "loss": 0.3827, "lr": 0.00012542372881355933, "grad_norm": 0.2207, "scale": 32768.0, "peak_gib": 11.85, "elapsed_min": 177.33, "t": 1791632764.3}
EMIT {"phase": "step", "step": 231, "epoch": 0, "micro": 928, "loss": 0.269, "lr": 0.00012508474576271186, "grad_norm": 0.1965, "scale": 32768.0, "peak_gib": 11.85, "elapsed_min": 178.08, "t": 1791632809.1}
EMIT {"phase": "step", "step": 232, "epoch": 0, "micro": 932, "loss": 0.387, "lr": 0.00012474576271186442, "grad_norm": 0.2937, "scale": 32768.0, "peak_gib": 11.85, "elapsed_min": 178.84, "t": 1791632854.5}
EMIT {"phase": "step", "step": 233, "epoch": 0, "micro": 936, "loss": 0.3628, "lr": 0.00012440677966101696, "grad_norm": 0.2157, "scale": 32768.0, "peak_gib": 11.85, "elapsed_min": 179.61, "t": 1791632900.9}
EMIT {"phase": "step", "step": 234, "epoch": 0, "micro": 940, "loss": 0.3685, "lr": 0.0001240677966101695, "grad_norm": 0.2272, "scale": 32768.0, "peak_gib": 11.85, "elapsed_min": 180.37, "t": 1791632946.2}
EMIT {"phase": "step", "step": 235, "epoch": 0, "micro": 944, "loss": 0.297, "lr": 0.00012372881355932205, "grad_norm": 0.2094, "scale": 32768.0, "peak_gib": 11.85, "elapsed_min": 181.12, "t": 1791632991.5}
EMIT {"phase": "step", "step": 236, "epoch": 0, "micro": 948, "loss": 0.3316, "lr": 0.00012338983050847458, "grad_norm": 0.2051, "scale": 32768.0, "peak_gib": 11.85, "elapsed_min": 181.91, "t": 1791633038.9}
EMIT {"phase": "step", "step": 237, "epoch": 0, "micro": 952, "loss": 0.4228, "lr": 0.0001230508474576271, "grad_norm": 0.2434, "scale": 32768.0, "peak_gib": 11.85, "elapsed_min": 182.67, "t": 1791633084.3}
EMIT {"phase": "step", "step": 238, "epoch": 0, "micro": 956, "loss": 0.376, "lr": 0.00012271186440677967, "grad_norm": 0.2152, "scale": 32768.0, "peak_gib": 11.85, "elapsed_min": 183.43, "t": 1791633129.9}
EMIT {"phase": "step", "step": 239, "epoch": 0, "micro": 960, "loss": 0.3849, "lr": 0.0001223728813559322, "grad_norm": 0.232, "scale": 32768.0, "peak_gib": 11.85, "elapsed_min": 184.22, "t": 1791633177.5}
EMIT {"phase": "step", "step": 240, "epoch": 0, "micro": 964, "loss": 0.3778, "lr": 0.00012203389830508477, "grad_norm": 0.2207, "scale": 32768.0, "peak_gib": 11.85, "elapsed_min": 184.98, "t": 1791633223.0}
EMIT {"phase": "step", "step": 241, "epoch": 0, "micro": 968, "loss": 0.3779, "lr": 0.00012169491525423729, "grad_norm": 0.239, "scale": 32768.0, "peak_gib": 11.85, "elapsed_min": 185.73, "t": 1791633268.3}
EMIT {"phase": "step", "step": 242, "epoch": 0, "micro": 972, "loss": 0.3576, "lr": 0.00012135593220338983, "grad_norm": 0.211, "scale": 32768.0, "peak_gib": 11.85, "elapsed_min": 186.5, "t": 1791633314.3}
EMIT {"phase": "step", "step": 243, "epoch": 0, "micro": 976, "loss": 0.4177, "lr": 0.00012101694915254238, "grad_norm": 0.2227, "scale": 32768.0, "peak_gib": 11.85, "elapsed_min": 187.3, "t": 1791633362.2}
EMIT {"phase": "step", "step": 244, "epoch": 0, "micro": 980, "loss": 0.38, "lr": 0.00012067796610169492, "grad_norm": 0.2049, "scale": 32768.0, "peak_gib": 11.85, "elapsed_min": 188.06, "t": 1791633407.8}
EMIT {"phase": "step", "step": 245, "epoch": 0, "micro": 984, "loss": 0.3172, "lr": 0.00012033898305084746, "grad_norm": 0.227, "scale": 32768.0, "peak_gib": 11.85, "elapsed_min": 188.82, "t": 1791633453.2}
EMIT {"phase": "step", "step": 246, "epoch": 0, "micro": 988, "loss": 0.421, "lr": 0.00012, "grad_norm": 0.2327, "scale": 32768.0, "peak_gib": 11.85, "elapsed_min": 189.57, "t": 1791633498.6}
EMIT {"phase": "step", "step": 247, "epoch": 0, "micro": 992, "loss": 0.3194, "lr": 0.00011966101694915255, "grad_norm": 0.2009, "scale": 32768.0, "peak_gib": 11.85, "elapsed_min": 190.37, "t": 1791633546.5}
EMIT {"phase": "step", "step": 248, "epoch": 0, "micro": 996, "loss": 0.3572, "lr": 0.0001193220338983051, "grad_norm": 0.1992, "scale": 32768.0, "peak_gib": 11.85, "elapsed_min": 191.14, "t": 1791633592.5}
EMIT {"phase": "step", "step": 249, "epoch": 0, "micro": 1000, "loss": 0.3664, "lr": 0.00011898305084745763, "grad_norm": 0.2126, "scale": 32768.0, "peak_gib": 11.85, "elapsed_min": 191.92, "t": 1791633639.6}
EMIT {"phase": "step", "step": 250, "epoch": 0, "micro": 1004, "loss": 0.3907, "lr": 0.00011864406779661017, "grad_norm": 0.2403, "scale": 32768.0, "peak_gib": 11.85, "elapsed_min": 192.68, "t": 1791633684.9}
EMIT {"phase": "step", "step": 251, "epoch": 0, "micro": 1008, "loss": 0.4038, "lr": 0.00011830508474576272, "grad_norm": 0.227, "scale": 32768.0, "peak_gib": 11.85, "elapsed_min": 193.45, "t": 1791633731.4}
EMIT {"phase": "step", "step": 252, "epoch": 0, "micro": 1012, "loss": 0.3439, "lr": 0.00011796610169491527, "grad_norm": 0.2025, "scale": 32768.0, "peak_gib": 11.85, "elapsed_min": 194.21, "t": 1791633776.6}
EMIT {"phase": "step", "step": 253, "epoch": 0, "micro": 1016, "loss": 0.3478, "lr": 0.00011762711864406781, "grad_norm": 0.2128, "scale": 32768.0, "peak_gib": 11.85, "elapsed_min": 194.99, "t": 1791633823.7}
EMIT {"phase": "step", "step": 254, "epoch": 0, "micro": 1020, "loss": 0.3711, "lr": 0.00011728813559322033, "grad_norm": 0.2364, "scale": 32768.0, "peak_gib": 11.85, "elapsed_min": 195.73, "t": 1791633867.8}
EMIT {"phase": "step", "step": 255, "epoch": 0, "micro": 1024, "loss": 0.327, "lr": 0.00011694915254237289, "grad_norm": 0.2665, "scale": 32768.0, "peak_gib": 11.85, "elapsed_min": 196.44, "t": 1791633910.6}
EMIT {"phase": "step", "step": 256, "epoch": 0, "micro": 1028, "loss": 0.3779, "lr": 0.00011661016949152544, "grad_norm": 0.2311, "scale": 32768.0, "peak_gib": 11.85, "elapsed_min": 197.22, "t": 1791633957.6}
EMIT {"phase": "step", "step": 257, "epoch": 0, "micro": 1032, "loss": 0.2551, "lr": 0.00011627118644067799, "grad_norm": 0.2188, "scale": 32768.0, "peak_gib": 11.85, "elapsed_min": 197.96, "t": 1791634002.0}
EMIT {"phase": "step", "step": 258, "epoch": 0, "micro": 1036, "loss": 0.3672, "lr": 0.0001159322033898305, "grad_norm": 0.2133, "scale": 32768.0, "peak_gib": 11.85, "elapsed_min": 198.75, "t": 1791634048.9}
EMIT {"phase": "step", "step": 259, "epoch": 0, "micro": 1040, "loss": 0.3414, "lr": 0.00011559322033898305, "grad_norm": 0.2233, "scale": 32768.0, "peak_gib": 11.85, "elapsed_min": 199.53, "t": 1791634096.1}
EMIT {"phase": "step", "step": 260, "epoch": 0, "micro": 1044, "loss": 0.4008, "lr": 0.0001152542372881356, "grad_norm": 0.2369, "scale": 32768.0, "peak_gib": 11.85, "elapsed_min": 200.29, "t": 1791634141.4}
EMIT {"phase": "step", "step": 261, "epoch": 0, "micro": 1048, "loss": 0.3427, "lr": 0.00011491525423728814, "grad_norm": 0.2054, "scale": 32768.0, "peak_gib": 11.85, "elapsed_min": 201.08, "t": 1791634189.0}
EMIT {"phase": "step", "step": 262, "epoch": 0, "micro": 1052, "loss": 0.4097, "lr": 0.00011457627118644068, "grad_norm": 0.2218, "scale": 32768.0, "peak_gib": 11.85, "elapsed_min": 201.85, "t": 1791634234.9}
EMIT {"phase": "step", "step": 263, "epoch": 0, "micro": 1056, "loss": 0.3319, "lr": 0.00011423728813559322, "grad_norm": 0.2102, "scale": 32768.0, "peak_gib": 11.85, "elapsed_min": 202.62, "t": 1791634281.7}
EMIT {"phase": "step", "step": 264, "epoch": 0, "micro": 1060, "loss": 0.3776, "lr": 0.00011389830508474577, "grad_norm": 0.2116, "scale": 32768.0, "peak_gib": 11.85, "elapsed_min": 203.36, "t": 1791634325.7}
EMIT {"phase": "step", "step": 265, "epoch": 0, "micro": 1064, "loss": 0.414, "lr": 0.00011355932203389832, "grad_norm": 0.2696, "scale": 32768.0, "peak_gib": 11.85, "elapsed_min": 204.16, "t": 1791634374.0}
EMIT {"phase": "step", "step": 266, "epoch": 0, "micro": 1068, "loss": 0.3333, "lr": 0.00011322033898305085, "grad_norm": 0.2145, "scale": 32768.0, "peak_gib": 11.85, "elapsed_min": 204.94, "t": 1791634420.6}
EMIT {"phase": "step", "step": 267, "epoch": 0, "micro": 1072, "loss": 0.3916, "lr": 0.0001128813559322034, "grad_norm": 0.2364, "scale": 32768.0, "peak_gib": 11.85, "elapsed_min": 205.69, "t": 1791634465.8}
EMIT {"phase": "step", "step": 268, "epoch": 0, "micro": 1076, "loss": 0.4365, "lr": 0.00011254237288135594, "grad_norm": 0.2489, "scale": 32768.0, "peak_gib": 11.85, "elapsed_min": 206.44, "t": 1791634510.6}
EMIT {"phase": "step", "step": 269, "epoch": 0, "micro": 1080, "loss": 0.3668, "lr": 0.00011220338983050849, "grad_norm": 0.2014, "scale": 32768.0, "peak_gib": 11.85, "elapsed_min": 207.22, "t": 1791634557.1}
EMIT {"phase": "step", "step": 270, "epoch": 0, "micro": 1084, "loss": 0.2302, "lr": 0.00011186440677966102, "grad_norm": 0.1971, "scale": 32768.0, "peak_gib": 11.85, "elapsed_min": 207.97, "t": 1791634602.3}
EMIT {"phase": "step", "step": 271, "epoch": 0, "micro": 1088, "loss": 0.3625, "lr": 0.00011152542372881357, "grad_norm": 0.2149, "scale": 32768.0, "peak_gib": 11.85, "elapsed_min": 208.76, "t": 1791634649.7}
EMIT {"phase": "step", "step": 272, "epoch": 0, "micro": 1092, "loss": 0.302, "lr": 0.00011118644067796611, "grad_norm": 0.238, "scale": 32768.0, "peak_gib": 11.85, "elapsed_min": 209.48, "t": 1791634692.7}
EMIT {"phase": "step", "step": 273, "epoch": 0, "micro": 1096, "loss": 0.3215, "lr": 0.00011084745762711866, "grad_norm": 0.2098, "scale": 32768.0, "peak_gib": 11.85, "elapsed_min": 210.26, "t": 1791634739.5}
EMIT {"phase": "step", "step": 274, "epoch": 0, "micro": 1100, "loss": 0.3706, "lr": 0.00011050847457627118, "grad_norm": 0.2417, "scale": 32768.0, "peak_gib": 11.85, "elapsed_min": 211.03, "t": 1791634786.1}
EMIT {"phase": "step", "step": 275, "epoch": 0, "micro": 1104, "loss": 0.3689, "lr": 0.00011016949152542372, "grad_norm": 0.1944, "scale": 32768.0, "peak_gib": 11.85, "elapsed_min": 211.79, "t": 1791634831.5}
EMIT {"phase": "step", "step": 276, "epoch": 0, "micro": 1108, "loss": 0.3705, "lr": 0.00010983050847457627, "grad_norm": 0.2307, "scale": 32768.0, "peak_gib": 11.85, "elapsed_min": 212.56, "t": 1791634877.8}
EMIT {"phase": "step", "step": 277, "epoch": 0, "micro": 1112, "loss": 0.399, "lr": 0.00010949152542372883, "grad_norm": 0.2215, "scale": 32768.0, "peak_gib": 11.85, "elapsed_min": 213.31, "t": 1791634922.5}
EMIT {"phase": "step", "step": 278, "epoch": 0, "micro": 1116, "loss": 0.3768, "lr": 0.00010915254237288135, "grad_norm": 0.2112, "scale": 32768.0, "peak_gib": 11.85, "elapsed_min": 214.06, "t": 1791634967.8}
EMIT {"phase": "step", "step": 279, "epoch": 0, "micro": 1120, "loss": 0.3784, "lr": 0.0001088135593220339, "grad_norm": 0.2226, "scale": 32768.0, "peak_gib": 11.85, "elapsed_min": 214.82, "t": 1791635013.1}
EMIT {"phase": "step", "step": 280, "epoch": 0, "micro": 1124, "loss": 0.2733, "lr": 0.00010847457627118644, "grad_norm": 0.2029, "scale": 32768.0, "peak_gib": 11.85, "elapsed_min": 215.58, "t": 1791635058.8}
EMIT {"phase": "step", "step": 281, "epoch": 0, "micro": 1128, "loss": 0.3117, "lr": 0.00010813559322033899, "grad_norm": 0.2036, "scale": 32768.0, "peak_gib": 11.85, "elapsed_min": 216.36, "t": 1791635105.7}
EMIT {"phase": "step", "step": 282, "epoch": 0, "micro": 1132, "loss": 0.2557, "lr": 0.00010779661016949153, "grad_norm": 0.2563, "scale": 32768.0, "peak_gib": 11.85, "elapsed_min": 217.13, "t": 1791635152.2}
EMIT {"phase": "step", "step": 283, "epoch": 0, "micro": 1136, "loss": 0.3371, "lr": 0.00010745762711864407, "grad_norm": 0.2088, "scale": 32768.0, "peak_gib": 11.85, "elapsed_min": 217.91, "t": 1791635198.6}
EMIT {"phase": "step", "step": 284, "epoch": 0, "micro": 1140, "loss": 0.2851, "lr": 0.00010711864406779661, "grad_norm": 0.2353, "scale": 32768.0, "peak_gib": 11.85, "elapsed_min": 218.69, "t": 1791635245.3}
EMIT {"phase": "step", "step": 285, "epoch": 0, "micro": 1144, "loss": 0.371, "lr": 0.00010677966101694916, "grad_norm": 0.225, "scale": 32768.0, "peak_gib": 11.85, "elapsed_min": 219.45, "t": 1791635290.9}
EMIT {"phase": "step", "step": 286, "epoch": 0, "micro": 1148, "loss": 0.3718, "lr": 0.0001064406779661017, "grad_norm": 0.2736, "scale": 32768.0, "peak_gib": 11.85, "elapsed_min": 220.15, "t": 1791635333.3}
EMIT {"phase": "step", "step": 287, "epoch": 0, "micro": 1152, "loss": 0.3462, "lr": 0.00010610169491525424, "grad_norm": 0.2483, "scale": 32768.0, "peak_gib": 11.85, "elapsed_min": 220.93, "t": 1791635380.1}
EMIT {"phase": "step", "step": 288, "epoch": 0, "micro": 1156, "loss": 0.321, "lr": 0.00010576271186440679, "grad_norm": 0.2378, "scale": 32768.0, "peak_gib": 11.85, "elapsed_min": 221.69, "t": 1791635425.6}
EMIT {"phase": "step", "step": 289, "epoch": 0, "micro": 1160, "loss": 0.346, "lr": 0.00010542372881355933, "grad_norm": 0.2164, "scale": 32768.0, "peak_gib": 11.85, "elapsed_min": 222.46, "t": 1791635471.7}
EMIT {"phase": "step", "step": 290, "epoch": 0, "micro": 1164, "loss": 0.3851, "lr": 0.00010508474576271188, "grad_norm": 0.2567, "scale": 32768.0, "peak_gib": 11.85, "elapsed_min": 223.23, "t": 1791635517.7}
EMIT {"phase": "step", "step": 291, "epoch": 0, "micro": 1168, "loss": 0.332, "lr": 0.0001047457627118644, "grad_norm": 0.2238, "scale": 32768.0, "peak_gib": 11.85, "elapsed_min": 223.99, "t": 1791635563.7}
EMIT {"phase": "step", "step": 292, "epoch": 0, "micro": 1172, "loss": 0.3443, "lr": 0.00010440677966101696, "grad_norm": 0.2043, "scale": 32768.0, "peak_gib": 11.85, "elapsed_min": 224.76, "t": 1791635609.5}
EMIT {"phase": "step", "step": 293, "epoch": 0, "micro": 1176, "loss": 0.3832, "lr": 0.0001040677966101695, "grad_norm": 0.2294, "scale": 32768.0, "peak_gib": 11.85, "elapsed_min": 225.5, "t": 1791635654.5}
EMIT {"phase": "step", "step": 294, "epoch": 0, "micro": 1180, "loss": 0.3626, "lr": 0.00010372881355932205, "grad_norm": 0.2466, "scale": 32768.0, "peak_gib": 11.85, "elapsed_min": 226.28, "t": 1791635701.3}
EMIT {"phase": "step", "step": 295, "epoch": 0, "micro": 1184, "loss": 0.4039, "lr": 0.00010338983050847457, "grad_norm": 0.235, "scale": 32768.0, "peak_gib": 11.85, "elapsed_min": 227.06, "t": 1791635747.8}
EMIT {"phase": "step", "step": 296, "epoch": 0, "micro": 1188, "loss": 0.39, "lr": 0.00010305084745762712, "grad_norm": 0.2202, "scale": 32768.0, "peak_gib": 11.85, "elapsed_min": 227.83, "t": 1791635793.8}
EMIT {"phase": "step", "step": 297, "epoch": 0, "micro": 1192, "loss": 0.348, "lr": 0.00010271186440677966, "grad_norm": 0.2369, "scale": 32768.0, "peak_gib": 11.85, "elapsed_min": 228.58, "t": 1791635839.3}
EMIT {"phase": "step", "step": 298, "epoch": 0, "micro": 1196, "loss": 0.3781, "lr": 0.00010237288135593222, "grad_norm": 0.2171, "scale": 32768.0, "peak_gib": 11.85, "elapsed_min": 229.34, "t": 1791635884.5}
EMIT {"phase": "step", "step": 299, "epoch": 0, "micro": 1200, "loss": 0.3709, "lr": 0.00010203389830508474, "grad_norm": 0.2002, "scale": 32768.0, "peak_gib": 11.85, "elapsed_min": 230.14, "t": 1791635932.4}
Unsloth: Restored added_tokens_decoder metadata in /kaggle/working/p1/lora-sft-r1/tokenizer_config.json.
EMIT {"phase": "epoch_saved", "epoch": 0, "step": 300, "t": 1791635933.3}
EMIT {"phase": "step", "step": 300, "epoch": 1, "micro": 1204, "loss": 0.3172, "lr": 0.00010169491525423729, "grad_norm": 0.2111, "scale": 32768.0, "peak_gib": 11.85, "elapsed_min": 230.97, "t": 1791635982.2}
EMIT {"phase": "step", "step": 301, "epoch": 1, "micro": 1208, "loss": 0.3635, "lr": 0.00010135593220338983, "grad_norm": 0.1979, "scale": 32768.0, "peak_gib": 11.85, "elapsed_min": 231.73, "t": 1791636028.1}
EMIT {"phase": "step", "step": 302, "epoch": 1, "micro": 1212, "loss": 0.3005, "lr": 0.00010101694915254238, "grad_norm": 0.2095, "scale": 32768.0, "peak_gib": 11.85, "elapsed_min": 232.46, "t": 1791636071.9}
EMIT {"phase": "step", "step": 303, "epoch": 1, "micro": 1216, "loss": 0.2478, "lr": 0.00010067796610169491, "grad_norm": 0.2066, "scale": 32768.0, "peak_gib": 11.85, "elapsed_min": 233.18, "t": 1791636114.7}
EMIT {"phase": "step", "step": 304, "epoch": 1, "micro": 1220, "loss": 0.2797, "lr": 0.00010033898305084746, "grad_norm": 0.2024, "scale": 32768.0, "peak_gib": 11.85, "elapsed_min": 233.95, "t": 1791636161.5}
EMIT {"phase": "step", "step": 305, "epoch": 1, "micro": 1224, "loss": 0.3372, "lr": 0.0001, "grad_norm": 0.2095, "scale": 32768.0, "peak_gib": 11.85, "elapsed_min": 234.74, "t": 1791636208.9}
EMIT {"phase": "step", "step": 306, "epoch": 1, "micro": 1228, "loss": 0.3108, "lr": 9.966101694915255e-05, "grad_norm": 0.1883, "scale": 32768.0, "peak_gib": 11.85, "elapsed_min": 235.51, "t": 1791636254.8}
EMIT {"phase": "step", "step": 307, "epoch": 1, "micro": 1232, "loss": 0.3096, "lr": 9.932203389830508e-05, "grad_norm": 0.2165, "scale": 32768.0, "peak_gib": 11.85, "elapsed_min": 236.29, "t": 1791636301.7}
EMIT {"phase": "step", "step": 308, "epoch": 1, "micro": 1236, "loss": 0.3274, "lr": 9.898305084745763e-05, "grad_norm": 0.2247, "scale": 32768.0, "peak_gib": 11.85, "elapsed_min": 237.04, "t": 1791636346.7}
EMIT {"phase": "step", "step": 309, "epoch": 1, "micro": 1240, "loss": 0.3098, "lr": 9.864406779661018e-05, "grad_norm": 0.2512, "scale": 32768.0, "peak_gib": 11.85, "elapsed_min": 237.81, "t": 1791636392.9}
EMIT {"phase": "step", "step": 310, "epoch": 1, "micro": 1244, "loss": 0.312, "lr": 9.830508474576272e-05, "grad_norm": 0.2134, "scale": 32768.0, "peak_gib": 11.85, "elapsed_min": 238.6, "t": 1791636440.3}
EMIT {"phase": "step", "step": 311, "epoch": 1, "micro": 1248, "loss": 0.347, "lr": 9.796610169491526e-05, "grad_norm": 0.2555, "scale": 32768.0, "peak_gib": 11.85, "elapsed_min": 239.36, "t": 1791636485.8}
EMIT {"phase": "step", "step": 312, "epoch": 1, "micro": 1252, "loss": 0.3318, "lr": 9.76271186440678e-05, "grad_norm": 0.2516, "scale": 32768.0, "peak_gib": 11.85, "elapsed_min": 240.13, "t": 1791636532.1}
EMIT {"phase": "step", "step": 313, "epoch": 1, "micro": 1256, "loss": 0.3157, "lr": 9.728813559322035e-05, "grad_norm": 0.2435, "scale": 32768.0, "peak_gib": 11.85, "elapsed_min": 240.88, "t": 1791636576.8}
EMIT {"phase": "step", "step": 314, "epoch": 1, "micro": 1260, "loss": 0.327, "lr": 9.69491525423729e-05, "grad_norm": 0.2185, "scale": 32768.0, "peak_gib": 11.85, "elapsed_min": 241.67, "t": 1791636624.4}
EMIT {"phase": "step", "step": 315, "epoch": 1, "micro": 1264, "loss": 0.3359, "lr": 9.661016949152543e-05, "grad_norm": 0.2296, "scale": 32768.0, "peak_gib": 11.85, "elapsed_min": 242.43, "t": 1791636669.9}
EMIT {"phase": "step", "step": 316, "epoch": 1, "micro": 1268, "loss": 0.3251, "lr": 9.627118644067797e-05, "grad_norm": 0.2461, "scale": 32768.0, "peak_gib": 11.85, "elapsed_min": 243.2, "t": 1791636716.0}
EMIT {"phase": "step", "step": 317, "epoch": 1, "micro": 1272, "loss": 0.3569, "lr": 9.59322033898305e-05, "grad_norm": 0.2738, "scale": 32768.0, "peak_gib": 11.85, "elapsed_min": 243.95, "t": 1791636761.5}
EMIT {"phase": "step", "step": 318, "epoch": 1, "micro": 1276, "loss": 0.2941, "lr": 9.559322033898305e-05, "grad_norm": 0.2179, "scale": 32768.0, "peak_gib": 11.85, "elapsed_min": 244.74, "t": 1791636808.9}
EMIT {"phase": "step", "step": 319, "epoch": 1, "micro": 1280, "loss": 0.3065, "lr": 9.52542372881356e-05, "grad_norm": 0.2329, "scale": 32768.0, "peak_gib": 11.85, "elapsed_min": 245.52, "t": 1791636855.1}
EMIT {"phase": "step", "step": 320, "epoch": 1, "micro": 1284, "loss": 0.3012, "lr": 9.491525423728815e-05, "grad_norm": 0.2374, "scale": 32768.0, "peak_gib": 11.85, "elapsed_min": 246.29, "t": 1791636901.3}
EMIT {"phase": "step", "step": 321, "epoch": 1, "micro": 1288, "loss": 0.2296, "lr": 9.457627118644068e-05, "grad_norm": 0.1897, "scale": 32768.0, "peak_gib": 11.85, "elapsed_min": 247.06, "t": 1791636947.5}
EMIT {"phase": "step", "step": 322, "epoch": 1, "micro": 1292, "loss": 0.3481, "lr": 9.423728813559322e-05, "grad_norm": 0.2388, "scale": 32768.0, "peak_gib": 11.85, "elapsed_min": 247.81, "t": 1791636993.0}
EMIT {"phase": "step", "step": 323, "epoch": 1, "micro": 1296, "loss": 0.2748, "lr": 9.389830508474576e-05, "grad_norm": 0.229, "scale": 32768.0, "peak_gib": 11.85, "elapsed_min": 248.58, "t": 1791637039.1}
EMIT {"phase": "step", "step": 324, "epoch": 1, "micro": 1300, "loss": 0.3227, "lr": 9.355932203389832e-05, "grad_norm": 0.2346, "scale": 32768.0, "peak_gib": 11.85, "elapsed_min": 249.35, "t": 1791637085.3}
EMIT {"phase": "step", "step": 325, "epoch": 1, "micro": 1304, "loss": 0.3186, "lr": 9.322033898305085e-05, "grad_norm": 0.2285, "scale": 32768.0, "peak_gib": 11.85, "elapsed_min": 250.13, "t": 1791637131.9}
EMIT {"phase": "step", "step": 326, "epoch": 1, "micro": 1308, "loss": 0.36, "lr": 9.28813559322034e-05, "grad_norm": 0.2475, "scale": 32768.0, "peak_gib": 11.85, "elapsed_min": 250.87, "t": 1791637176.5}
EMIT {"phase": "step", "step": 327, "epoch": 1, "micro": 1312, "loss": 0.3294, "lr": 9.254237288135593e-05, "grad_norm": 0.2327, "scale": 32768.0, "peak_gib": 11.85, "elapsed_min": 251.66, "t": 1791637224.0}
EMIT {"phase": "step", "step": 328, "epoch": 1, "micro": 1316, "loss": 0.3317, "lr": 9.220338983050847e-05, "grad_norm": 0.2477, "scale": 32768.0, "peak_gib": 11.85, "elapsed_min": 252.4, "t": 1791637268.2}
EMIT {"phase": "step", "step": 329, "epoch": 1, "micro": 1320, "loss": 0.3123, "lr": 9.186440677966102e-05, "grad_norm": 0.2345, "scale": 32768.0, "peak_gib": 11.85, "elapsed_min": 253.17, "t": 1791637314.3}
EMIT {"phase": "step", "step": 330, "epoch": 1, "micro": 1324, "loss": 0.2886, "lr": 9.152542372881357e-05, "grad_norm": 0.2087, "scale": 32768.0, "peak_gib": 11.85, "elapsed_min": 253.95, "t": 1791637361.4}
EMIT {"phase": "step", "step": 331, "epoch": 1, "micro": 1328, "loss": 0.283, "lr": 9.11864406779661e-05, "grad_norm": 0.2152, "scale": 32768.0, "peak_gib": 11.85, "elapsed_min": 254.74, "t": 1791637408.8}
EMIT {"phase": "step", "step": 332, "epoch": 1, "micro": 1332, "loss": 0.321, "lr": 9.084745762711865e-05, "grad_norm": 0.2345, "scale": 32768.0, "peak_gib": 11.85, "elapsed_min": 255.5, "t": 1791637454.1}
EMIT {"phase": "step", "step": 333, "epoch": 1, "micro": 1336, "loss": 0.3297, "lr": 9.050847457627119e-05, "grad_norm": 0.2569, "scale": 32768.0, "peak_gib": 11.85, "elapsed_min": 256.27, "t": 1791637500.3}
EMIT {"phase": "step", "step": 334, "epoch": 1, "micro": 1340, "loss": 0.3757, "lr": 9.016949152542374e-05, "grad_norm": 0.264, "scale": 32768.0, "peak_gib": 11.85, "elapsed_min": 257.05, "t": 1791637547.1}
EMIT {"phase": "step", "step": 335, "epoch": 1, "micro": 1344, "loss": 0.3369, "lr": 8.983050847457629e-05, "grad_norm": 0.2572, "scale": 32768.0, "peak_gib": 11.85, "elapsed_min": 257.8, "t": 1791637592.1}
EMIT {"phase": "step", "step": 336, "epoch": 1, "micro": 1348, "loss": 0.3189, "lr": 8.949152542372882e-05, "grad_norm": 0.2826, "scale": 32768.0, "peak_gib": 11.85, "elapsed_min": 258.55, "t": 1791637636.9}
EMIT {"phase": "step", "step": 337, "epoch": 1, "micro": 1352, "loss": 0.3289, "lr": 8.915254237288136e-05, "grad_norm": 0.2669, "scale": 32768.0, "peak_gib": 11.85, "elapsed_min": 259.31, "t": 1791637682.7}
EMIT {"phase": "step", "step": 338, "epoch": 1, "micro": 1356, "loss": 0.3162, "lr": 8.88135593220339e-05, "grad_norm": 0.2545, "scale": 32768.0, "peak_gib": 11.85, "elapsed_min": 260.09, "t": 1791637729.7}
EMIT {"phase": "step", "step": 339, "epoch": 1, "micro": 1360, "loss": 0.2726, "lr": 8.847457627118644e-05, "grad_norm": 0.22, "scale": 32768.0, "peak_gib": 11.85, "elapsed_min": 260.85, "t": 1791637775.4}
EMIT {"phase": "step", "step": 340, "epoch": 1, "micro": 1364, "loss": 0.3358, "lr": 8.813559322033899e-05, "grad_norm": 0.2438, "scale": 32768.0, "peak_gib": 11.85, "elapsed_min": 261.65, "t": 1791637823.4}
EMIT {"phase": "step", "step": 341, "epoch": 1, "micro": 1368, "loss": 0.3157, "lr": 8.779661016949154e-05, "grad_norm": 0.2139, "scale": 32768.0, "peak_gib": 11.85, "elapsed_min": 262.43, "t": 1791637869.7}
EMIT {"phase": "step", "step": 342, "epoch": 1, "micro": 1372, "loss": 0.3239, "lr": 8.745762711864407e-05, "grad_norm": 0.2296, "scale": 32768.0, "peak_gib": 11.85, "elapsed_min": 263.21, "t": 1791637916.9}
EMIT {"phase": "step", "step": 343, "epoch": 1, "micro": 1376, "loss": 0.258, "lr": 8.711864406779662e-05, "grad_norm": 0.2319, "scale": 32768.0, "peak_gib": 11.85, "elapsed_min": 263.98, "t": 1791637962.9}
EMIT {"phase": "step", "step": 344, "epoch": 1, "micro": 1380, "loss": 0.3085, "lr": 8.677966101694915e-05, "grad_norm": 0.2266, "scale": 32768.0, "peak_gib": 11.85, "elapsed_min": 264.74, "t": 1791638008.5}
EMIT {"phase": "step", "step": 345, "epoch": 1, "micro": 1384, "loss": 0.3178, "lr": 8.644067796610171e-05, "grad_norm": 0.4263, "scale": 32768.0, "peak_gib": 11.85, "elapsed_min": 265.48, "t": 1791638053.0}
EMIT {"phase": "step", "step": 346, "epoch": 1, "micro": 1388, "loss": 0.3555, "lr": 8.610169491525424e-05, "grad_norm": 0.2706, "scale": 32768.0, "peak_gib": 11.85, "elapsed_min": 266.27, "t": 1791638100.6}
EMIT {"phase": "step", "step": 347, "epoch": 1, "micro": 1392, "loss": 0.3083, "lr": 8.576271186440679e-05, "grad_norm": 0.2859, "scale": 32768.0, "peak_gib": 11.85, "elapsed_min": 267.02, "t": 1791638145.4}
EMIT {"phase": "step", "step": 348, "epoch": 1, "micro": 1396, "loss": 0.3351, "lr": 8.542372881355932e-05, "grad_norm": 0.2204, "scale": 32768.0, "peak_gib": 11.85, "elapsed_min": 267.82, "t": 1791638193.7}
EMIT {"phase": "step", "step": 349, "epoch": 1, "micro": 1400, "loss": 0.3428, "lr": 8.508474576271187e-05, "grad_norm": 0.2624, "scale": 32768.0, "peak_gib": 11.85, "elapsed_min": 268.61, "t": 1791638240.7}
EMIT {"phase": "step", "step": 350, "epoch": 1, "micro": 1404, "loss": 0.3019, "lr": 8.474576271186441e-05, "grad_norm": 0.2434, "scale": 32768.0, "peak_gib": 11.85, "elapsed_min": 269.38, "t": 1791638287.0}
EMIT {"phase": "step", "step": 351, "epoch": 1, "micro": 1408, "loss": 0.2977, "lr": 8.440677966101696e-05, "grad_norm": 0.2282, "scale": 32768.0, "peak_gib": 11.85, "elapsed_min": 270.14, "t": 1791638332.9}
EMIT {"phase": "step", "step": 352, "epoch": 1, "micro": 1412, "loss": 0.279, "lr": 8.406779661016949e-05, "grad_norm": 0.2595, "scale": 32768.0, "peak_gib": 11.85, "elapsed_min": 270.9, "t": 1791638378.2}
EMIT {"phase": "step", "step": 353, "epoch": 1, "micro": 1416, "loss": 0.3182, "lr": 8.372881355932204e-05, "grad_norm": 0.2435, "scale": 32768.0, "peak_gib": 11.85, "elapsed_min": 271.7, "t": 1791638426.0}
EMIT {"phase": "step", "step": 354, "epoch": 1, "micro": 1420, "loss": 0.3254, "lr": 8.338983050847457e-05, "grad_norm": 0.2332, "scale": 32768.0, "peak_gib": 11.85, "elapsed_min": 272.45, "t": 1791638471.3}
EMIT {"phase": "step", "step": 355, "epoch": 1, "micro": 1424, "loss": 0.3299, "lr": 8.305084745762712e-05, "grad_norm": 0.2233, "scale": 32768.0, "peak_gib": 11.85, "elapsed_min": 273.23, "t": 1791638518.2}
EMIT {"phase": "step", "step": 356, "epoch": 1, "micro": 1428, "loss": 0.3037, "lr": 8.271186440677966e-05, "grad_norm": 0.228, "scale": 32768.0, "peak_gib": 11.85, "elapsed_min": 273.98, "t": 1791638563.1}
EMIT {"phase": "step", "step": 357, "epoch": 1, "micro": 1432, "loss": 0.1842, "lr": 8.237288135593221e-05, "grad_norm": 0.2024, "scale": 32768.0, "peak_gib": 11.85, "elapsed_min": 274.69, "t": 1791638605.3}
EMIT {"phase": "step", "step": 358, "epoch": 1, "micro": 1436, "loss": 0.3095, "lr": 8.203389830508474e-05, "grad_norm": 0.2527, "scale": 32768.0, "peak_gib": 11.85, "elapsed_min": 275.46, "t": 1791638651.6}
EMIT {"phase": "step", "step": 359, "epoch": 1, "micro": 1440, "loss": 0.3245, "lr": 8.169491525423729e-05, "grad_norm": 0.2227, "scale": 32768.0, "peak_gib": 11.85, "elapsed_min": 276.22, "t": 1791638697.3}
EMIT {"phase": "step", "step": 360, "epoch": 1, "micro": 1444, "loss": 0.2844, "lr": 8.135593220338983e-05, "grad_norm": 0.2161, "scale": 32768.0, "peak_gib": 11.85, "elapsed_min": 276.97, "t": 1791638742.4}
EMIT {"phase": "step", "step": 361, "epoch": 1, "micro": 1448, "loss": 0.3772, "lr": 8.101694915254238e-05, "grad_norm": 0.2459, "scale": 32768.0, "peak_gib": 11.85, "elapsed_min": 277.72, "t": 1791638787.3}
EMIT {"phase": "step", "step": 362, "epoch": 1, "micro": 1452, "loss": 0.3009, "lr": 8.067796610169493e-05, "grad_norm": 0.2319, "scale": 32768.0, "peak_gib": 11.85, "elapsed_min": 278.5, "t": 1791638834.0}
EMIT {"phase": "step", "step": 363, "epoch": 1, "micro": 1456, "loss": 0.354, "lr": 8.033898305084746e-05, "grad_norm": 0.2454, "scale": 32768.0, "peak_gib": 11.85, "elapsed_min": 279.28, "t": 1791638881.3}
EMIT {"phase": "step", "step": 364, "epoch": 1, "micro": 1460, "loss": 0.281, "lr": 8e-05, "grad_norm": 0.2382, "scale": 32768.0, "peak_gib": 11.85, "elapsed_min": 280.06, "t": 1791638927.6}
EMIT {"phase": "step", "step": 365, "epoch": 1, "micro": 1464, "loss": 0.3147, "lr": 7.966101694915254e-05, "grad_norm": 0.2334, "scale": 32768.0, "peak_gib": 11.85, "elapsed_min": 280.83, "t": 1791638973.8}
EMIT {"phase": "step", "step": 366, "epoch": 1, "micro": 1468, "loss": 0.3782, "lr": 7.93220338983051e-05, "grad_norm": 0.2667, "scale": 32768.0, "peak_gib": 11.85, "elapsed_min": 281.64, "t": 1791639022.6}
EMIT {"phase": "step", "step": 367, "epoch": 1, "micro": 1472, "loss": 0.3108, "lr": 7.898305084745763e-05, "grad_norm": 0.2297, "scale": 32768.0, "peak_gib": 11.85, "elapsed_min": 282.43, "t": 1791639070.1}
EMIT {"phase": "step", "step": 368, "epoch": 1, "micro": 1476, "loss": 0.3539, "lr": 7.864406779661018e-05, "grad_norm": 0.2575, "scale": 32768.0, "peak_gib": 11.85, "elapsed_min": 283.2, "t": 1791639116.2}
EMIT {"phase": "step", "step": 369, "epoch": 1, "micro": 1480, "loss": 0.4126, "lr": 7.830508474576271e-05, "grad_norm": 0.2924, "scale": 32768.0, "peak_gib": 11.85, "elapsed_min": 283.94, "t": 1791639160.6}
EMIT {"phase": "step", "step": 370, "epoch": 1, "micro": 1484, "loss": 0.2898, "lr": 7.796610169491526e-05, "grad_norm": 0.2474, "scale": 32768.0, "peak_gib": 11.85, "elapsed_min": 284.71, "t": 1791639206.5}
EMIT {"phase": "step", "step": 371, "epoch": 1, "micro": 1488, "loss": 0.2851, "lr": 7.76271186440678e-05, "grad_norm": 0.2333, "scale": 32768.0, "peak_gib": 11.85, "elapsed_min": 285.46, "t": 1791639252.0}
EMIT {"phase": "step", "step": 372, "epoch": 1, "micro": 1492, "loss": 0.3116, "lr": 7.728813559322035e-05, "grad_norm": 0.2952, "scale": 32768.0, "peak_gib": 11.85, "elapsed_min": 286.23, "t": 1791639297.9}
EMIT {"phase": "step", "step": 373, "epoch": 1, "micro": 1496, "loss": 0.2977, "lr": 7.694915254237288e-05, "grad_norm": 0.2671, "scale": 32768.0, "peak_gib": 11.85, "elapsed_min": 286.99, "t": 1791639343.6}
EMIT {"phase": "step", "step": 374, "epoch": 1, "micro": 1500, "loss": 0.286, "lr": 7.661016949152543e-05, "grad_norm": 0.2392, "scale": 32768.0, "peak_gib": 11.85, "elapsed_min": 287.73, "t": 1791639388.1}
EMIT {"phase": "step", "step": 375, "epoch": 1, "micro": 1504, "loss": 0.3219, "lr": 7.627118644067796e-05, "grad_norm": 0.2541, "scale": 32768.0, "peak_gib": 11.85, "elapsed_min": 288.5, "t": 1791639434.2}
EMIT {"phase": "step", "step": 376, "epoch": 1, "micro": 1508, "loss": 0.3621, "lr": 7.593220338983051e-05, "grad_norm": 0.2623, "scale": 32768.0, "peak_gib": 11.85, "elapsed_min": 289.26, "t": 1791639479.6}
EMIT {"phase": "step", "step": 377, "epoch": 1, "micro": 1512, "loss": 0.3307, "lr": 7.559322033898305e-05, "grad_norm": 0.2146, "scale": 32768.0, "peak_gib": 11.85, "elapsed_min": 290.02, "t": 1791639525.3}
EMIT {"phase": "step", "step": 378, "epoch": 1, "micro": 1516, "loss": 0.2774, "lr": 7.52542372881356e-05, "grad_norm": 0.2135, "scale": 32768.0, "peak_gib": 11.85, "elapsed_min": 290.76, "t": 1791639569.7}
EMIT {"phase": "step", "step": 379, "epoch": 1, "micro": 1520, "loss": 0.2815, "lr": 7.491525423728813e-05, "grad_norm": 0.2378, "scale": 32768.0, "peak_gib": 11.85, "elapsed_min": 291.51, "t": 1791639615.0}
EMIT {"phase": "step", "step": 380, "epoch": 1, "micro": 1524, "loss": 0.3392, "lr": 7.457627118644068e-05, "grad_norm": 0.2469, "scale": 32768.0, "peak_gib": 11.85, "elapsed_min": 292.27, "t": 1791639660.4}
EMIT {"phase": "step", "step": 381, "epoch": 1, "micro": 1528, "loss": 0.3111, "lr": 7.423728813559323e-05, "grad_norm": 0.23, "scale": 32768.0, "peak_gib": 11.85, "elapsed_min": 293.02, "t": 1791639705.4}
EMIT {"phase": "step", "step": 382, "epoch": 1, "micro": 1532, "loss": 0.2991, "lr": 7.389830508474577e-05, "grad_norm": 0.2201, "scale": 32768.0, "peak_gib": 11.85, "elapsed_min": 293.78, "t": 1791639751.1}
EMIT {"phase": "step", "step": 383, "epoch": 1, "micro": 1536, "loss": 0.2935, "lr": 7.35593220338983e-05, "grad_norm": 0.251, "scale": 32768.0, "peak_gib": 11.85, "elapsed_min": 294.53, "t": 1791639796.1}
EMIT {"phase": "step", "step": 384, "epoch": 1, "micro": 1540, "loss": 0.3305, "lr": 7.322033898305085e-05, "grad_norm": 0.2457, "scale": 32768.0, "peak_gib": 11.85, "elapsed_min": 295.29, "t": 1791639841.6}
EMIT {"phase": "step", "step": 385, "epoch": 1, "micro": 1544, "loss": 0.2582, "lr": 7.288135593220338e-05, "grad_norm": 0.2174, "scale": 32768.0, "peak_gib": 11.85, "elapsed_min": 296.01, "t": 1791639885.0}
EMIT {"phase": "step", "step": 386, "epoch": 1, "micro": 1548, "loss": 0.3493, "lr": 7.254237288135593e-05, "grad_norm": 0.2269, "scale": 32768.0, "peak_gib": 11.85, "elapsed_min": 296.78, "t": 1791639930.9}
EMIT {"phase": "step", "step": 387, "epoch": 1, "micro": 1552, "loss": 0.2895, "lr": 7.220338983050848e-05, "grad_norm": 0.2333, "scale": 32768.0, "peak_gib": 11.85, "elapsed_min": 297.56, "t": 1791639978.0}
EMIT {"phase": "step", "step": 388, "epoch": 1, "micro": 1556, "loss": 0.3159, "lr": 7.186440677966102e-05, "grad_norm": 0.2334, "scale": 32768.0, "peak_gib": 11.85, "elapsed_min": 298.35, "t": 1791640024.9}
EMIT {"phase": "step", "step": 389, "epoch": 1, "micro": 1560, "loss": 0.3192, "lr": 7.152542372881357e-05, "grad_norm": 0.2303, "scale": 32768.0, "peak_gib": 11.85, "elapsed_min": 299.14, "t": 1791640072.4}
EMIT {"phase": "step", "step": 390, "epoch": 1, "micro": 1564, "loss": 0.3085, "lr": 7.11864406779661e-05, "grad_norm": 0.239, "scale": 32768.0, "peak_gib": 11.85, "elapsed_min": 299.93, "t": 1791640119.7}
EMIT {"phase": "step", "step": 391, "epoch": 1, "micro": 1568, "loss": 0.3156, "lr": 7.084745762711865e-05, "grad_norm": 0.2377, "scale": 32768.0, "peak_gib": 11.85, "elapsed_min": 300.72, "t": 1791640167.3}
EMIT {"phase": "step", "step": 392, "epoch": 1, "micro": 1572, "loss": 0.2938, "lr": 7.05084745762712e-05, "grad_norm": 0.2421, "scale": 32768.0, "peak_gib": 11.85, "elapsed_min": 301.49, "t": 1791640213.3}
EMIT {"phase": "step", "step": 393, "epoch": 1, "micro": 1576, "loss": 0.2398, "lr": 7.016949152542374e-05, "grad_norm": 0.2093, "scale": 32768.0, "peak_gib": 11.85, "elapsed_min": 302.24, "t": 1791640258.6}
EMIT {"phase": "step", "step": 394, "epoch": 1, "micro": 1580, "loss": 0.3002, "lr": 6.983050847457627e-05, "grad_norm": 0.2513, "scale": 32768.0, "peak_gib": 11.85, "elapsed_min": 303.01, "t": 1791640305.0}
EMIT {"phase": "step", "step": 395, "epoch": 1, "micro": 1584, "loss": 0.3566, "lr": 6.949152542372882e-05, "grad_norm": 0.2719, "scale": 32768.0, "peak_gib": 11.85, "elapsed_min": 303.78, "t": 1791640350.8}
EMIT {"phase": "step", "step": 396, "epoch": 1, "micro": 1588, "loss": 0.2999, "lr": 6.915254237288135e-05, "grad_norm": 0.2678, "scale": 32768.0, "peak_gib": 11.85, "elapsed_min": 304.55, "t": 1791640397.1}
EMIT {"phase": "step", "step": 397, "epoch": 1, "micro": 1592, "loss": 0.2726, "lr": 6.88135593220339e-05, "grad_norm": 0.2393, "scale": 32768.0, "peak_gib": 11.85, "elapsed_min": 305.34, "t": 1791640444.8}
EMIT {"phase": "step", "step": 398, "epoch": 1, "micro": 1596, "loss": 0.2622, "lr": 6.847457627118645e-05, "grad_norm": 0.2661, "scale": 32768.0, "peak_gib": 11.85, "elapsed_min": 306.08, "t": 1791640489.2}
EMIT {"phase": "step", "step": 399, "epoch": 1, "micro": 1600, "loss": 0.3805, "lr": 6.813559322033899e-05, "grad_norm": 0.3188, "scale": 32768.0, "peak_gib": 11.85, "elapsed_min": 306.83, "t": 1791640533.9}
EMIT {"phase": "step", "step": 400, "epoch": 1, "micro": 1604, "loss": 0.2504, "lr": 6.779661016949152e-05, "grad_norm": 0.2429, "scale": 32768.0, "peak_gib": 11.85, "elapsed_min": 307.55, "t": 1791640577.4}
EMIT {"phase": "step", "step": 401, "epoch": 1, "micro": 1608, "loss": 0.2544, "lr": 6.745762711864407e-05, "grad_norm": 0.2722, "scale": 32768.0, "peak_gib": 11.85, "elapsed_min": 308.3, "t": 1791640622.3}
EMIT {"phase": "step", "step": 402, "epoch": 1, "micro": 1612, "loss": 0.3299, "lr": 6.71186440677966e-05, "grad_norm": 0.2546, "scale": 32768.0, "peak_gib": 11.85, "elapsed_min": 309.07, "t": 1791640668.7}
EMIT {"phase": "step", "step": 403, "epoch": 1, "micro": 1616, "loss": 0.3801, "lr": 6.677966101694916e-05, "grad_norm": 0.2663, "scale": 32768.0, "peak_gib": 11.85, "elapsed_min": 309.85, "t": 1791640715.4}
EMIT {"phase": "step", "step": 404, "epoch": 1, "micro": 1620, "loss": 0.3802, "lr": 6.64406779661017e-05, "grad_norm": 0.2986, "scale": 32768.0, "peak_gib": 11.85, "elapsed_min": 310.61, "t": 1791640760.6}
EMIT {"phase": "step", "step": 405, "epoch": 1, "micro": 1624, "loss": 0.2576, "lr": 6.610169491525424e-05, "grad_norm": 0.2461, "scale": 32768.0, "peak_gib": 11.85, "elapsed_min": 311.37, "t": 1791640806.4}
EMIT {"phase": "step", "step": 406, "epoch": 1, "micro": 1628, "loss": 0.2952, "lr": 6.576271186440678e-05, "grad_norm": 0.2336, "scale": 32768.0, "peak_gib": 11.85, "elapsed_min": 312.15, "t": 1791640853.0}
EMIT {"phase": "step", "step": 407, "epoch": 1, "micro": 1632, "loss": 0.2711, "lr": 6.542372881355932e-05, "grad_norm": 0.2445, "scale": 32768.0, "peak_gib": 11.85, "elapsed_min": 312.92, "t": 1791640899.6}
EMIT {"phase": "step", "step": 408, "epoch": 1, "micro": 1636, "loss": 0.3372, "lr": 6.508474576271187e-05, "grad_norm": 0.2641, "scale": 32768.0, "peak_gib": 11.85, "elapsed_min": 313.69, "t": 1791640945.6}
EMIT {"phase": "step", "step": 409, "epoch": 1, "micro": 1640, "loss": 0.319, "lr": 6.474576271186441e-05, "grad_norm": 0.2491, "scale": 32768.0, "peak_gib": 11.85, "elapsed_min": 314.47, "t": 1791640992.2}
EMIT {"phase": "step", "step": 410, "epoch": 1, "micro": 1644, "loss": 0.2471, "lr": 6.440677966101695e-05, "grad_norm": 0.2456, "scale": 32768.0, "peak_gib": 11.85, "elapsed_min": 315.2, "t": 1791641036.0}
EMIT {"phase": "step", "step": 411, "epoch": 1, "micro": 1648, "loss": 0.3424, "lr": 6.40677966101695e-05, "grad_norm": 0.2736, "scale": 32768.0, "peak_gib": 11.85, "elapsed_min": 315.95, "t": 1791641081.1}
EMIT {"phase": "step", "step": 412, "epoch": 1, "micro": 1652, "loss": 0.3214, "lr": 6.372881355932203e-05, "grad_norm": 0.2455, "scale": 32768.0, "peak_gib": 11.85, "elapsed_min": 316.71, "t": 1791641126.6}
EMIT {"phase": "step", "step": 413, "epoch": 1, "micro": 1656, "loss": 0.3288, "lr": 6.338983050847459e-05, "grad_norm": 0.3068, "scale": 32768.0, "peak_gib": 11.85, "elapsed_min": 317.45, "t": 1791641171.1}
EMIT {"phase": "step", "step": 414, "epoch": 1, "micro": 1660, "loss": 0.3303, "lr": 6.305084745762713e-05, "grad_norm": 0.2479, "scale": 32768.0, "peak_gib": 11.85, "elapsed_min": 318.21, "t": 1791641216.9}
EMIT {"phase": "step", "step": 415, "epoch": 1, "micro": 1664, "loss": 0.3046, "lr": 6.271186440677966e-05, "grad_norm": 0.2538, "scale": 32768.0, "peak_gib": 11.85, "elapsed_min": 318.97, "t": 1791641262.6}
EMIT {"phase": "step", "step": 416, "epoch": 1, "micro": 1668, "loss": 0.2916, "lr": 6.237288135593221e-05, "grad_norm": 0.2205, "scale": 32768.0, "peak_gib": 11.85, "elapsed_min": 319.76, "t": 1791641309.6}
EMIT {"phase": "step", "step": 417, "epoch": 1, "micro": 1672, "loss": 0.2579, "lr": 6.203389830508474e-05, "grad_norm": 0.2265, "scale": 32768.0, "peak_gib": 11.85, "elapsed_min": 320.51, "t": 1791641354.8}
EMIT {"phase": "step", "step": 418, "epoch": 1, "micro": 1676, "loss": 0.2814, "lr": 6.169491525423729e-05, "grad_norm": 0.2329, "scale": 32768.0, "peak_gib": 11.85, "elapsed_min": 321.3, "t": 1791641402.2}
EMIT {"phase": "step", "step": 419, "epoch": 1, "micro": 1680, "loss": 0.3447, "lr": 6.135593220338984e-05, "grad_norm": 0.2462, "scale": 32768.0, "peak_gib": 11.85, "elapsed_min": 322.06, "t": 1791641447.9}
EMIT {"phase": "step", "step": 420, "epoch": 1, "micro": 1684, "loss": 0.3546, "lr": 6.101694915254238e-05, "grad_norm": 0.2452, "scale": 32768.0, "peak_gib": 11.85, "elapsed_min": 322.82, "t": 1791641493.5}
EMIT {"phase": "step", "step": 421, "epoch": 1, "micro": 1688, "loss": 0.3538, "lr": 6.0677966101694916e-05, "grad_norm": 0.2546, "scale": 32768.0, "peak_gib": 11.85, "elapsed_min": 323.6, "t": 1791641540.0}
EMIT {"phase": "step", "step": 422, "epoch": 1, "micro": 1692, "loss": 0.2151, "lr": 6.033898305084746e-05, "grad_norm": 0.2247, "scale": 32768.0, "peak_gib": 11.85, "elapsed_min": 324.32, "t": 1791641583.6}
EMIT {"phase": "step", "step": 423, "epoch": 1, "micro": 1696, "loss": 0.2606, "lr": 6e-05, "grad_norm": 0.2526, "scale": 32768.0, "peak_gib": 11.85, "elapsed_min": 325.07, "t": 1791641628.5}
EMIT {"phase": "step", "step": 424, "epoch": 1, "micro": 1700, "loss": 0.3245, "lr": 5.966101694915255e-05, "grad_norm": 0.2509, "scale": 32768.0, "peak_gib": 11.85, "elapsed_min": 325.83, "t": 1791641673.9}
EMIT {"phase": "step", "step": 425, "epoch": 1, "micro": 1704, "loss": 0.359, "lr": 5.932203389830509e-05, "grad_norm": 0.2477, "scale": 32768.0, "peak_gib": 11.85, "elapsed_min": 326.63, "t": 1791641722.0}
EMIT {"phase": "step", "step": 426, "epoch": 1, "micro": 1708, "loss": 0.3348, "lr": 5.8983050847457634e-05, "grad_norm": 0.2435, "scale": 32768.0, "peak_gib": 11.85, "elapsed_min": 327.41, "t": 1791641768.7}
EMIT {"phase": "step", "step": 427, "epoch": 1, "micro": 1712, "loss": 0.3038, "lr": 5.8644067796610166e-05, "grad_norm": 0.2275, "scale": 32768.0, "peak_gib": 11.85, "elapsed_min": 328.2, "t": 1791641815.9}
EMIT {"phase": "step", "step": 428, "epoch": 1, "micro": 1716, "loss": 0.3356, "lr": 5.830508474576272e-05, "grad_norm": 0.2513, "scale": 32768.0, "peak_gib": 11.85, "elapsed_min": 328.96, "t": 1791641861.5}
EMIT {"phase": "step", "step": 429, "epoch": 1, "micro": 1720, "loss": 0.373, "lr": 5.796610169491525e-05, "grad_norm": 0.2838, "scale": 32768.0, "peak_gib": 11.85, "elapsed_min": 329.71, "t": 1791641907.0}
EMIT {"phase": "step", "step": 430, "epoch": 1, "micro": 1724, "loss": 0.2076, "lr": 5.76271186440678e-05, "grad_norm": 0.2507, "scale": 32768.0, "peak_gib": 11.85, "elapsed_min": 330.46, "t": 1791641951.5}
EMIT {"phase": "step", "step": 431, "epoch": 1, "micro": 1728, "loss": 0.3227, "lr": 5.728813559322034e-05, "grad_norm": 0.2314, "scale": 32768.0, "peak_gib": 11.85, "elapsed_min": 331.23, "t": 1791641998.1}
EMIT {"phase": "step", "step": 432, "epoch": 1, "micro": 1732, "loss": 0.321, "lr": 5.6949152542372884e-05, "grad_norm": 0.2654, "scale": 32768.0, "peak_gib": 11.85, "elapsed_min": 332.0, "t": 1791642044.0}
EMIT {"phase": "step", "step": 433, "epoch": 1, "micro": 1736, "loss": 0.2673, "lr": 5.6610169491525424e-05, "grad_norm": 0.2246, "scale": 32768.0, "peak_gib": 11.85, "elapsed_min": 332.77, "t": 1791642090.4}
EMIT {"phase": "step", "step": 434, "epoch": 1, "micro": 1740, "loss": 0.3458, "lr": 5.627118644067797e-05, "grad_norm": 0.2386, "scale": 32768.0, "peak_gib": 11.85, "elapsed_min": 333.52, "t": 1791642135.1}
EMIT {"phase": "step", "step": 435, "epoch": 1, "micro": 1744, "loss": 0.3709, "lr": 5.593220338983051e-05, "grad_norm": 0.252, "scale": 32768.0, "peak_gib": 11.85, "elapsed_min": 334.31, "t": 1791642182.7}
EMIT {"phase": "step", "step": 436, "epoch": 1, "micro": 1748, "loss": 0.3749, "lr": 5.5593220338983056e-05, "grad_norm": 0.2673, "scale": 32768.0, "peak_gib": 11.85, "elapsed_min": 335.12, "t": 1791642231.2}
EMIT {"phase": "step", "step": 437, "epoch": 1, "micro": 1752, "loss": 0.3522, "lr": 5.525423728813559e-05, "grad_norm": 0.2754, "scale": 32768.0, "peak_gib": 11.85, "elapsed_min": 335.87, "t": 1791642276.6}
EMIT {"phase": "step", "step": 438, "epoch": 1, "micro": 1756, "loss": 0.323, "lr": 5.4915254237288135e-05, "grad_norm": 0.2399, "scale": 32768.0, "peak_gib": 11.85, "elapsed_min": 336.65, "t": 1791642323.0}
EMIT {"phase": "step", "step": 439, "epoch": 1, "micro": 1760, "loss": 0.3532, "lr": 5.4576271186440675e-05, "grad_norm": 0.2855, "scale": 32768.0, "peak_gib": 11.85, "elapsed_min": 337.41, "t": 1791642368.5}
EMIT {"phase": "step", "step": 440, "epoch": 1, "micro": 1764, "loss": 0.3498, "lr": 5.423728813559322e-05, "grad_norm": 0.2813, "scale": 32768.0, "peak_gib": 11.85, "elapsed_min": 338.15, "t": 1791642413.4}
EMIT {"phase": "step", "step": 441, "epoch": 1, "micro": 1768, "loss": 0.3097, "lr": 5.389830508474577e-05, "grad_norm": 0.2406, "scale": 32768.0, "peak_gib": 11.85, "elapsed_min": 338.94, "t": 1791642460.5}
EMIT {"phase": "step", "step": 442, "epoch": 1, "micro": 1772, "loss": 0.3579, "lr": 5.355932203389831e-05, "grad_norm": 0.262, "scale": 32768.0, "peak_gib": 11.85, "elapsed_min": 339.71, "t": 1791642506.9}
EMIT {"phase": "step", "step": 443, "epoch": 1, "micro": 1776, "loss": 0.3051, "lr": 5.322033898305085e-05, "grad_norm": 0.2462, "scale": 32768.0, "peak_gib": 11.85, "elapsed_min": 340.48, "t": 1791642553.2}
EMIT {"phase": "step", "step": 444, "epoch": 1, "micro": 1780, "loss": 0.3923, "lr": 5.288135593220339e-05, "grad_norm": 0.2794, "scale": 32768.0, "peak_gib": 11.85, "elapsed_min": 341.21, "t": 1791642597.1}
EMIT {"phase": "step", "step": 445, "epoch": 1, "micro": 1784, "loss": 0.329, "lr": 5.254237288135594e-05, "grad_norm": 0.2547, "scale": 32768.0, "peak_gib": 11.85, "elapsed_min": 342.0, "t": 1791642644.0}
EMIT {"phase": "step", "step": 446, "epoch": 1, "micro": 1788, "loss": 0.3064, "lr": 5.220338983050848e-05, "grad_norm": 0.26, "scale": 32768.0, "peak_gib": 11.85, "elapsed_min": 342.75, "t": 1791642689.2}
EMIT {"phase": "step", "step": 447, "epoch": 1, "micro": 1792, "loss": 0.3549, "lr": 5.1864406779661025e-05, "grad_norm": 0.2549, "scale": 32768.0, "peak_gib": 11.85, "elapsed_min": 343.52, "t": 1791642735.3}
EMIT {"phase": "step", "step": 448, "epoch": 1, "micro": 1796, "loss": 0.2978, "lr": 5.152542372881356e-05, "grad_norm": 0.2361, "scale": 32768.0, "peak_gib": 11.85, "elapsed_min": 344.27, "t": 1791642780.6}
EMIT {"phase": "step", "step": 449, "epoch": 1, "micro": 1800, "loss": 0.335, "lr": 5.118644067796611e-05, "grad_norm": 0.2482, "scale": 32768.0, "peak_gib": 11.85, "elapsed_min": 345.05, "t": 1791642827.3}
EMIT {"phase": "step", "step": 450, "epoch": 1, "micro": 1804, "loss": 0.2555, "lr": 5.0847457627118643e-05, "grad_norm": 0.2561, "scale": 32768.0, "peak_gib": 11.85, "elapsed_min": 345.81, "t": 1791642872.7}
EMIT {"phase": "step", "step": 451, "epoch": 1, "micro": 1808, "loss": 0.2803, "lr": 5.050847457627119e-05, "grad_norm": 0.2502, "scale": 32768.0, "peak_gib": 11.85, "elapsed_min": 346.58, "t": 1791642919.0}
EMIT {"phase": "step", "step": 452, "epoch": 1, "micro": 1812, "loss": 0.3117, "lr": 5.016949152542373e-05, "grad_norm": 0.2576, "scale": 32768.0, "peak_gib": 11.85, "elapsed_min": 347.34, "t": 1791642964.9}
EMIT {"phase": "step", "step": 453, "epoch": 1, "micro": 1816, "loss": 0.3227, "lr": 4.9830508474576276e-05, "grad_norm": 0.2645, "scale": 32768.0, "peak_gib": 11.85, "elapsed_min": 348.12, "t": 1791643011.2}
EMIT {"phase": "step", "step": 454, "epoch": 1, "micro": 1820, "loss": 0.2912, "lr": 4.9491525423728815e-05, "grad_norm": 0.2498, "scale": 32768.0, "peak_gib": 11.85, "elapsed_min": 348.89, "t": 1791643057.5}
EMIT {"phase": "step", "step": 455, "epoch": 1, "micro": 1824, "loss": 0.3253, "lr": 4.915254237288136e-05, "grad_norm": 0.2825, "scale": 32768.0, "peak_gib": 11.85, "elapsed_min": 349.64, "t": 1791643102.4}
EMIT {"phase": "step", "step": 456, "epoch": 1, "micro": 1828, "loss": 0.3, "lr": 4.88135593220339e-05, "grad_norm": 0.2554, "scale": 32768.0, "peak_gib": 11.85, "elapsed_min": 350.42, "t": 1791643149.2}
EMIT {"phase": "step", "step": 457, "epoch": 1, "micro": 1832, "loss": 0.252, "lr": 4.847457627118645e-05, "grad_norm": 0.2909, "scale": 32768.0, "peak_gib": 11.85, "elapsed_min": 351.14, "t": 1791643192.7}
EMIT {"phase": "step", "step": 458, "epoch": 1, "micro": 1836, "loss": 0.2981, "lr": 4.813559322033899e-05, "grad_norm": 0.2699, "scale": 32768.0, "peak_gib": 11.85, "elapsed_min": 351.92, "t": 1791643239.4}
EMIT {"phase": "step", "step": 459, "epoch": 1, "micro": 1840, "loss": 0.2928, "lr": 4.7796610169491526e-05, "grad_norm": 0.2586, "scale": 32768.0, "peak_gib": 11.85, "elapsed_min": 352.67, "t": 1791643284.3}
EMIT {"phase": "step", "step": 460, "epoch": 1, "micro": 1844, "loss": 0.2807, "lr": 4.745762711864407e-05, "grad_norm": 0.2551, "scale": 32768.0, "peak_gib": 11.85, "elapsed_min": 353.43, "t": 1791643329.7}
EMIT {"phase": "step", "step": 461, "epoch": 1, "micro": 1848, "loss": 0.3711, "lr": 4.711864406779661e-05, "grad_norm": 0.2671, "scale": 32768.0, "peak_gib": 11.85, "elapsed_min": 354.18, "t": 1791643374.7}
EMIT {"phase": "step", "step": 462, "epoch": 1, "micro": 1852, "loss": 0.2876, "lr": 4.677966101694916e-05, "grad_norm": 0.2582, "scale": 32768.0, "peak_gib": 11.85, "elapsed_min": 354.94, "t": 1791643420.8}
EMIT {"phase": "step", "step": 463, "epoch": 1, "micro": 1856, "loss": 0.3652, "lr": 4.64406779661017e-05, "grad_norm": 0.2705, "scale": 32768.0, "peak_gib": 11.85, "elapsed_min": 355.72, "t": 1791643467.2}
EMIT {"phase": "step", "step": 464, "epoch": 1, "micro": 1860, "loss": 0.2995, "lr": 4.610169491525424e-05, "grad_norm": 0.2622, "scale": 32768.0, "peak_gib": 11.85, "elapsed_min": 356.48, "t": 1791643512.9}
EMIT {"phase": "step", "step": 465, "epoch": 1, "micro": 1864, "loss": 0.2907, "lr": 4.5762711864406784e-05, "grad_norm": 0.235, "scale": 32768.0, "peak_gib": 11.85, "elapsed_min": 357.24, "t": 1791643558.4}
EMIT {"phase": "step", "step": 466, "epoch": 1, "micro": 1868, "loss": 0.2751, "lr": 4.542372881355932e-05, "grad_norm": 0.2191, "scale": 32768.0, "peak_gib": 11.85, "elapsed_min": 357.99, "t": 1791643603.6}
EMIT {"phase": "step", "step": 467, "epoch": 1, "micro": 1872, "loss": 0.2932, "lr": 4.508474576271187e-05, "grad_norm": 0.2561, "scale": 32768.0, "peak_gib": 11.85, "elapsed_min": 358.77, "t": 1791643650.2}
EMIT {"phase": "step", "step": 468, "epoch": 1, "micro": 1876, "loss": 0.3415, "lr": 4.474576271186441e-05, "grad_norm": 0.2665, "scale": 32768.0, "peak_gib": 11.85, "elapsed_min": 359.54, "t": 1791643696.5}
EMIT {"phase": "step", "step": 469, "epoch": 1, "micro": 1880, "loss": 0.2678, "lr": 4.440677966101695e-05, "grad_norm": 0.264, "scale": 32768.0, "peak_gib": 11.85, "elapsed_min": 360.33, "t": 1791643744.0}
EMIT {"phase": "step", "step": 470, "epoch": 1, "micro": 1884, "loss": 0.2921, "lr": 4.4067796610169495e-05, "grad_norm": 0.2641, "scale": 32768.0, "peak_gib": 11.85, "elapsed_min": 361.09, "t": 1791643789.3}
EMIT {"phase": "step", "step": 471, "epoch": 1, "micro": 1888, "loss": 0.2895, "lr": 4.3728813559322035e-05, "grad_norm": 0.2443, "scale": 32768.0, "peak_gib": 11.85, "elapsed_min": 361.85, "t": 1791643835.0}
EMIT {"phase": "step", "step": 472, "epoch": 1, "micro": 1892, "loss": 0.3076, "lr": 4.3389830508474574e-05, "grad_norm": 0.2592, "scale": 32768.0, "peak_gib": 11.85, "elapsed_min": 362.62, "t": 1791643881.4}
EMIT {"phase": "step", "step": 473, "epoch": 1, "micro": 1896, "loss": 0.247, "lr": 4.305084745762712e-05, "grad_norm": 0.2833, "scale": 32768.0, "peak_gib": 11.85, "elapsed_min": 363.38, "t": 1791643926.9}
EMIT {"phase": "step", "step": 474, "epoch": 1, "micro": 1900, "loss": 0.2541, "lr": 4.271186440677966e-05, "grad_norm": 0.2492, "scale": 32768.0, "peak_gib": 11.85, "elapsed_min": 364.11, "t": 1791643970.8}
EMIT {"phase": "step", "step": 475, "epoch": 1, "micro": 1904, "loss": 0.2971, "lr": 4.2372881355932206e-05, "grad_norm": 0.2806, "scale": 32768.0, "peak_gib": 11.85, "elapsed_min": 364.87, "t": 1791644016.3}
EMIT {"phase": "step", "step": 476, "epoch": 1, "micro": 1908, "loss": 0.3132, "lr": 4.2033898305084746e-05, "grad_norm": 0.2516, "scale": 32768.0, "peak_gib": 11.85, "elapsed_min": 365.65, "t": 1791644063.1}
EMIT {"phase": "step", "step": 477, "epoch": 1, "micro": 1912, "loss": 0.3622, "lr": 4.1694915254237285e-05, "grad_norm": 0.2637, "scale": 32768.0, "peak_gib": 11.85, "elapsed_min": 366.4, "t": 1791644108.4}
EMIT {"phase": "step", "step": 478, "epoch": 1, "micro": 1916, "loss": 0.2719, "lr": 4.135593220338983e-05, "grad_norm": 0.2463, "scale": 32768.0, "peak_gib": 11.85, "elapsed_min": 367.17, "t": 1791644154.4}
EMIT {"phase": "step", "step": 479, "epoch": 1, "micro": 1920, "loss": 0.3141, "lr": 4.101694915254237e-05, "grad_norm": 0.261, "scale": 32768.0, "peak_gib": 11.85, "elapsed_min": 367.92, "t": 1791644199.5}
EMIT {"phase": "step", "step": 480, "epoch": 1, "micro": 1924, "loss": 0.2913, "lr": 4.067796610169492e-05, "grad_norm": 0.2976, "scale": 32768.0, "peak_gib": 11.85, "elapsed_min": 368.67, "t": 1791644244.6}
EMIT {"phase": "step", "step": 481, "epoch": 1, "micro": 1928, "loss": 0.3569, "lr": 4.0338983050847464e-05, "grad_norm": 0.2642, "scale": 32768.0, "peak_gib": 11.85, "elapsed_min": 369.46, "t": 1791644291.5}
EMIT {"phase": "step", "step": 482, "epoch": 1, "micro": 1932, "loss": 0.3442, "lr": 4e-05, "grad_norm": 0.3485, "scale": 32768.0, "peak_gib": 11.85, "elapsed_min": 370.21, "t": 1791644336.7}
EMIT {"phase": "step", "step": 483, "epoch": 1, "micro": 1936, "loss": 0.2856, "lr": 3.966101694915255e-05, "grad_norm": 0.2448, "scale": 32768.0, "peak_gib": 11.85, "elapsed_min": 371.0, "t": 1791644384.2}
EMIT {"phase": "step", "step": 484, "epoch": 1, "micro": 1940, "loss": 0.2998, "lr": 3.932203389830509e-05, "grad_norm": 0.2536, "scale": 32768.0, "peak_gib": 11.85, "elapsed_min": 371.78, "t": 1791644431.0}
EMIT {"phase": "step", "step": 485, "epoch": 1, "micro": 1944, "loss": 0.3327, "lr": 3.898305084745763e-05, "grad_norm": 0.2557, "scale": 32768.0, "peak_gib": 11.85, "elapsed_min": 372.54, "t": 1791644476.4}
EMIT {"phase": "step", "step": 486, "epoch": 1, "micro": 1948, "loss": 0.2651, "lr": 3.8644067796610175e-05, "grad_norm": 0.241, "scale": 32768.0, "peak_gib": 11.85, "elapsed_min": 373.27, "t": 1791644520.4}
EMIT {"phase": "step", "step": 487, "epoch": 1, "micro": 1952, "loss": 0.3848, "lr": 3.8305084745762714e-05, "grad_norm": 0.3426, "scale": 32768.0, "peak_gib": 11.85, "elapsed_min": 374.04, "t": 1791644566.5}
EMIT {"phase": "step", "step": 488, "epoch": 1, "micro": 1956, "loss": 0.3155, "lr": 3.7966101694915254e-05, "grad_norm": 0.251, "scale": 32768.0, "peak_gib": 11.85, "elapsed_min": 374.82, "t": 1791644613.3}
EMIT {"phase": "step", "step": 489, "epoch": 1, "micro": 1960, "loss": 0.2679, "lr": 3.76271186440678e-05, "grad_norm": 0.2753, "scale": 32768.0, "peak_gib": 11.85, "elapsed_min": 375.59, "t": 1791644659.7}
EMIT {"phase": "step", "step": 490, "epoch": 1, "micro": 1964, "loss": 0.2981, "lr": 3.728813559322034e-05, "grad_norm": 0.26, "scale": 32768.0, "peak_gib": 11.85, "elapsed_min": 376.36, "t": 1791644706.0}
EMIT {"phase": "step", "step": 491, "epoch": 1, "micro": 1968, "loss": 0.3286, "lr": 3.6949152542372886e-05, "grad_norm": 0.2589, "scale": 32768.0, "peak_gib": 11.85, "elapsed_min": 377.11, "t": 1791644751.0}
EMIT {"phase": "step", "step": 492, "epoch": 1, "micro": 1972, "loss": 0.2934, "lr": 3.6610169491525426e-05, "grad_norm": 0.2718, "scale": 32768.0, "peak_gib": 11.85, "elapsed_min": 377.86, "t": 1791644796.1}
EMIT {"phase": "step", "step": 493, "epoch": 1, "micro": 1976, "loss": 0.336, "lr": 3.6271186440677965e-05, "grad_norm": 0.263, "scale": 32768.0, "peak_gib": 11.85, "elapsed_min": 378.62, "t": 1791644841.1}
EMIT {"phase": "step", "step": 494, "epoch": 1, "micro": 1980, "loss": 0.331, "lr": 3.593220338983051e-05, "grad_norm": 0.2639, "scale": 32768.0, "peak_gib": 11.85, "elapsed_min": 379.38, "t": 1791644887.1}
EMIT {"phase": "step", "step": 495, "epoch": 1, "micro": 1984, "loss": 0.2837, "lr": 3.559322033898305e-05, "grad_norm": 0.2771, "scale": 32768.0, "peak_gib": 11.85, "elapsed_min": 380.16, "t": 1791644933.5}
EMIT {"phase": "step", "step": 496, "epoch": 1, "micro": 1988, "loss": 0.2342, "lr": 3.52542372881356e-05, "grad_norm": 0.2114, "scale": 32768.0, "peak_gib": 11.85, "elapsed_min": 380.91, "t": 1791644978.7}
EMIT {"phase": "step", "step": 497, "epoch": 1, "micro": 1992, "loss": 0.3558, "lr": 3.491525423728814e-05, "grad_norm": 0.2791, "scale": 32768.0, "peak_gib": 11.85, "elapsed_min": 381.66, "t": 1791645023.6}
EMIT {"phase": "step", "step": 498, "epoch": 1, "micro": 1996, "loss": 0.2716, "lr": 3.4576271186440676e-05, "grad_norm": 0.2384, "scale": 32768.0, "peak_gib": 11.85, "elapsed_min": 382.4, "t": 1791645067.9}
EMIT {"phase": "step", "step": 499, "epoch": 1, "micro": 2000, "loss": 0.3448, "lr": 3.423728813559322e-05, "grad_norm": 0.2525, "scale": 32768.0, "peak_gib": 11.85, "elapsed_min": 383.14, "t": 1791645112.3}
EMIT {"phase": "step", "step": 500, "epoch": 1, "micro": 2004, "loss": 0.3175, "lr": 3.389830508474576e-05, "grad_norm": 0.2665, "scale": 32768.0, "peak_gib": 11.85, "elapsed_min": 383.88, "t": 1791645156.9}
EMIT {"phase": "step", "step": 501, "epoch": 1, "micro": 2008, "loss": 0.2683, "lr": 3.35593220338983e-05, "grad_norm": 0.2352, "scale": 32768.0, "peak_gib": 11.85, "elapsed_min": 384.65, "t": 1791645203.0}
EMIT {"phase": "step", "step": 502, "epoch": 1, "micro": 2012, "loss": 0.2773, "lr": 3.322033898305085e-05, "grad_norm": 0.2436, "scale": 32768.0, "peak_gib": 11.85, "elapsed_min": 385.42, "t": 1791645249.2}
EMIT {"phase": "step", "step": 503, "epoch": 1, "micro": 2016, "loss": 0.228, "lr": 3.288135593220339e-05, "grad_norm": 0.2125, "scale": 32768.0, "peak_gib": 11.85, "elapsed_min": 386.15, "t": 1791645293.3}
EMIT {"phase": "step", "step": 504, "epoch": 1, "micro": 2020, "loss": 0.2988, "lr": 3.2542372881355934e-05, "grad_norm": 0.2385, "scale": 32768.0, "peak_gib": 11.85, "elapsed_min": 386.94, "t": 1791645340.7}
EMIT {"phase": "step", "step": 505, "epoch": 1, "micro": 2024, "loss": 0.3528, "lr": 3.2203389830508473e-05, "grad_norm": 0.288, "scale": 32768.0, "peak_gib": 11.85, "elapsed_min": 387.72, "t": 1791645387.1}
EMIT {"phase": "step", "step": 506, "epoch": 1, "micro": 2028, "loss": 0.3285, "lr": 3.186440677966101e-05, "grad_norm": 0.2615, "scale": 32768.0, "peak_gib": 11.85, "elapsed_min": 388.5, "t": 1791645433.9}
EMIT {"phase": "step", "step": 507, "epoch": 1, "micro": 2032, "loss": 0.2534, "lr": 3.1525423728813566e-05, "grad_norm": 0.2832, "scale": 32768.0, "peak_gib": 11.85, "elapsed_min": 389.27, "t": 1791645480.7}
EMIT {"phase": "step", "step": 508, "epoch": 1, "micro": 2036, "loss": 0.3596, "lr": 3.1186440677966106e-05, "grad_norm": 0.28, "scale": 32768.0, "peak_gib": 11.85, "elapsed_min": 390.03, "t": 1791645526.0}
EMIT {"phase": "step", "step": 509, "epoch": 1, "micro": 2040, "loss": 0.2972, "lr": 3.0847457627118645e-05, "grad_norm": 0.25, "scale": 32768.0, "peak_gib": 11.85, "elapsed_min": 390.79, "t": 1791645571.8}
EMIT {"phase": "step", "step": 510, "epoch": 1, "micro": 2044, "loss": 0.3253, "lr": 3.050847457627119e-05, "grad_norm": 0.2785, "scale": 32768.0, "peak_gib": 11.85, "elapsed_min": 391.55, "t": 1791645617.3}
EMIT {"phase": "step", "step": 511, "epoch": 1, "micro": 2048, "loss": 0.3132, "lr": 3.016949152542373e-05, "grad_norm": 0.2769, "scale": 32768.0, "peak_gib": 11.85, "elapsed_min": 392.31, "t": 1791645663.0}
EMIT {"phase": "step", "step": 512, "epoch": 1, "micro": 2052, "loss": 0.3221, "lr": 2.9830508474576274e-05, "grad_norm": 0.2629, "scale": 32768.0, "peak_gib": 11.85, "elapsed_min": 393.06, "t": 1791645707.9}
EMIT {"phase": "step", "step": 513, "epoch": 1, "micro": 2056, "loss": 0.3154, "lr": 2.9491525423728817e-05, "grad_norm": 0.2507, "scale": 32768.0, "peak_gib": 11.85, "elapsed_min": 393.85, "t": 1791645755.0}
EMIT {"phase": "step", "step": 514, "epoch": 1, "micro": 2060, "loss": 0.3276, "lr": 2.915254237288136e-05, "grad_norm": 0.2544, "scale": 32768.0, "peak_gib": 11.85, "elapsed_min": 394.63, "t": 1791645802.0}
EMIT {"phase": "step", "step": 515, "epoch": 1, "micro": 2064, "loss": 0.2841, "lr": 2.88135593220339e-05, "grad_norm": 0.2493, "scale": 32768.0, "peak_gib": 11.85, "elapsed_min": 395.4, "t": 1791645847.9}
EMIT {"phase": "step", "step": 516, "epoch": 1, "micro": 2068, "loss": 0.3479, "lr": 2.8474576271186442e-05, "grad_norm": 0.2736, "scale": 32768.0, "peak_gib": 11.85, "elapsed_min": 396.15, "t": 1791645892.9}
EMIT {"phase": "step", "step": 517, "epoch": 1, "micro": 2072, "loss": 0.3371, "lr": 2.8135593220338985e-05, "grad_norm": 0.2635, "scale": 32768.0, "peak_gib": 11.85, "elapsed_min": 396.92, "t": 1791645939.6}
EMIT {"phase": "step", "step": 518, "epoch": 1, "micro": 2076, "loss": 0.3529, "lr": 2.7796610169491528e-05, "grad_norm": 0.3004, "scale": 32768.0, "peak_gib": 11.85, "elapsed_min": 397.66, "t": 1791645984.0}
EMIT {"phase": "step", "step": 519, "epoch": 1, "micro": 2080, "loss": 0.2099, "lr": 2.7457627118644068e-05, "grad_norm": 0.2225, "scale": 32768.0, "peak_gib": 11.85, "elapsed_min": 398.41, "t": 1791646028.7}
EMIT {"phase": "step", "step": 520, "epoch": 1, "micro": 2084, "loss": 0.3411, "lr": 2.711864406779661e-05, "grad_norm": 0.2969, "scale": 32768.0, "peak_gib": 11.85, "elapsed_min": 399.19, "t": 1791646075.3}
EMIT {"phase": "step", "step": 521, "epoch": 1, "micro": 2088, "loss": 0.2839, "lr": 2.6779661016949153e-05, "grad_norm": 0.2503, "scale": 32768.0, "peak_gib": 11.85, "elapsed_min": 399.95, "t": 1791646121.1}
EMIT {"phase": "step", "step": 522, "epoch": 1, "micro": 2092, "loss": 0.3351, "lr": 2.6440677966101696e-05, "grad_norm": 0.2651, "scale": 32768.0, "peak_gib": 11.85, "elapsed_min": 400.73, "t": 1791646167.8}
EMIT {"phase": "step", "step": 523, "epoch": 1, "micro": 2096, "loss": 0.3069, "lr": 2.610169491525424e-05, "grad_norm": 0.2609, "scale": 32768.0, "peak_gib": 11.85, "elapsed_min": 401.48, "t": 1791646213.0}
EMIT {"phase": "step", "step": 524, "epoch": 1, "micro": 2100, "loss": 0.2579, "lr": 2.576271186440678e-05, "grad_norm": 0.2528, "scale": 32768.0, "peak_gib": 11.85, "elapsed_min": 402.21, "t": 1791646256.5}
EMIT {"phase": "step", "step": 525, "epoch": 1, "micro": 2104, "loss": 0.3468, "lr": 2.5423728813559322e-05, "grad_norm": 0.2673, "scale": 32768.0, "peak_gib": 11.85, "elapsed_min": 402.99, "t": 1791646303.7}
EMIT {"phase": "step", "step": 526, "epoch": 1, "micro": 2108, "loss": 0.3509, "lr": 2.5084745762711865e-05, "grad_norm": 0.2702, "scale": 32768.0, "peak_gib": 11.85, "elapsed_min": 403.76, "t": 1791646349.9}
EMIT {"phase": "step", "step": 527, "epoch": 1, "micro": 2112, "loss": 0.3612, "lr": 2.4745762711864408e-05, "grad_norm": 0.2656, "scale": 32768.0, "peak_gib": 11.85, "elapsed_min": 404.55, "t": 1791646397.1}
EMIT {"phase": "step", "step": 528, "epoch": 1, "micro": 2116, "loss": 0.3132, "lr": 2.440677966101695e-05, "grad_norm": 0.243, "scale": 32768.0, "peak_gib": 11.85, "elapsed_min": 405.35, "t": 1791646445.2}
EMIT {"phase": "step", "step": 529, "epoch": 1, "micro": 2120, "loss": 0.2981, "lr": 2.4067796610169493e-05, "grad_norm": 0.2573, "scale": 32768.0, "peak_gib": 11.85, "elapsed_min": 406.13, "t": 1791646491.7}
EMIT {"phase": "step", "step": 530, "epoch": 1, "micro": 2124, "loss": 0.3079, "lr": 2.3728813559322036e-05, "grad_norm": 0.2354, "scale": 32768.0, "peak_gib": 11.85, "elapsed_min": 406.89, "t": 1791646537.5}
EMIT {"phase": "step", "step": 531, "epoch": 1, "micro": 2128, "loss": 0.2856, "lr": 2.338983050847458e-05, "grad_norm": 0.2441, "scale": 32768.0, "peak_gib": 11.85, "elapsed_min": 407.65, "t": 1791646583.2}
EMIT {"phase": "step", "step": 532, "epoch": 1, "micro": 2132, "loss": 0.2612, "lr": 2.305084745762712e-05, "grad_norm": 0.2773, "scale": 32768.0, "peak_gib": 11.85, "elapsed_min": 408.44, "t": 1791646630.3}
EMIT {"phase": "step", "step": 533, "epoch": 1, "micro": 2136, "loss": 0.3106, "lr": 2.271186440677966e-05, "grad_norm": 0.2634, "scale": 32768.0, "peak_gib": 11.85, "elapsed_min": 409.19, "t": 1791646675.6}
EMIT {"phase": "step", "step": 534, "epoch": 1, "micro": 2140, "loss": 0.2082, "lr": 2.2372881355932205e-05, "grad_norm": 0.2221, "scale": 32768.0, "peak_gib": 11.85, "elapsed_min": 409.91, "t": 1791646718.8}
EMIT {"phase": "step", "step": 535, "epoch": 1, "micro": 2144, "loss": 0.3133, "lr": 2.2033898305084748e-05, "grad_norm": 0.2425, "scale": 32768.0, "peak_gib": 11.85, "elapsed_min": 410.66, "t": 1791646763.7}
EMIT {"phase": "step", "step": 536, "epoch": 1, "micro": 2148, "loss": 0.344, "lr": 2.1694915254237287e-05, "grad_norm": 0.2554, "scale": 32768.0, "peak_gib": 11.85, "elapsed_min": 411.47, "t": 1791646812.5}
EMIT {"phase": "step", "step": 537, "epoch": 1, "micro": 2152, "loss": 0.3655, "lr": 2.135593220338983e-05, "grad_norm": 0.2895, "scale": 32768.0, "peak_gib": 11.85, "elapsed_min": 412.24, "t": 1791646858.9}
EMIT {"phase": "step", "step": 538, "epoch": 1, "micro": 2156, "loss": 0.3234, "lr": 2.1016949152542373e-05, "grad_norm": 0.2422, "scale": 32768.0, "peak_gib": 11.85, "elapsed_min": 413.02, "t": 1791646905.5}
EMIT {"phase": "step", "step": 539, "epoch": 1, "micro": 2160, "loss": 0.3241, "lr": 2.0677966101694916e-05, "grad_norm": 0.255, "scale": 32768.0, "peak_gib": 11.85, "elapsed_min": 413.81, "t": 1791646953.0}
EMIT {"phase": "step", "step": 540, "epoch": 1, "micro": 2164, "loss": 0.3017, "lr": 2.033898305084746e-05, "grad_norm": 0.3467, "scale": 32768.0, "peak_gib": 11.85, "elapsed_min": 414.56, "t": 1791646997.7}
EMIT {"phase": "step", "step": 541, "epoch": 1, "micro": 2168, "loss": 0.3362, "lr": 2e-05, "grad_norm": 0.2697, "scale": 32768.0, "peak_gib": 11.85, "elapsed_min": 415.34, "t": 1791647044.8}
EMIT {"phase": "step", "step": 542, "epoch": 1, "micro": 2172, "loss": 0.3183, "lr": 1.9661016949152545e-05, "grad_norm": 0.2686, "scale": 32768.0, "peak_gib": 11.85, "elapsed_min": 416.12, "t": 1791647091.3}
EMIT {"phase": "step", "step": 543, "epoch": 1, "micro": 2176, "loss": 0.3261, "lr": 1.9322033898305087e-05, "grad_norm": 0.2585, "scale": 32768.0, "peak_gib": 11.85, "elapsed_min": 416.9, "t": 1791647138.1}
EMIT {"phase": "step", "step": 544, "epoch": 1, "micro": 2180, "loss": 0.2973, "lr": 1.8983050847457627e-05, "grad_norm": 0.3261, "scale": 32768.0, "peak_gib": 11.85, "elapsed_min": 417.67, "t": 1791647184.6}
EMIT {"phase": "step", "step": 545, "epoch": 1, "micro": 2184, "loss": 0.2901, "lr": 1.864406779661017e-05, "grad_norm": 0.2694, "scale": 32768.0, "peak_gib": 11.85, "elapsed_min": 418.39, "t": 1791647227.7}
EMIT {"phase": "step", "step": 546, "epoch": 1, "micro": 2188, "loss": 0.2994, "lr": 1.8305084745762713e-05, "grad_norm": 0.2805, "scale": 32768.0, "peak_gib": 11.85, "elapsed_min": 419.14, "t": 1791647272.8}
EMIT {"phase": "step", "step": 547, "epoch": 1, "micro": 2192, "loss": 0.3059, "lr": 1.7966101694915256e-05, "grad_norm": 0.2799, "scale": 32768.0, "peak_gib": 11.85, "elapsed_min": 419.92, "t": 1791647319.4}
EMIT {"phase": "step", "step": 548, "epoch": 1, "micro": 2196, "loss": 0.3538, "lr": 1.76271186440678e-05, "grad_norm": 0.2711, "scale": 32768.0, "peak_gib": 11.85, "elapsed_min": 420.72, "t": 1791647367.5}
EMIT {"phase": "step", "step": 549, "epoch": 1, "micro": 2200, "loss": 0.2892, "lr": 1.7288135593220338e-05, "grad_norm": 0.2664, "scale": 32768.0, "peak_gib": 11.85, "elapsed_min": 421.49, "t": 1791647413.9}
EMIT {"phase": "step", "step": 550, "epoch": 1, "micro": 2204, "loss": 0.3271, "lr": 1.694915254237288e-05, "grad_norm": 0.2807, "scale": 32768.0, "peak_gib": 11.85, "elapsed_min": 422.28, "t": 1791647461.1}
EMIT {"phase": "step", "step": 551, "epoch": 1, "micro": 2208, "loss": 0.2419, "lr": 1.6610169491525424e-05, "grad_norm": 0.2279, "scale": 32768.0, "peak_gib": 11.85, "elapsed_min": 423.05, "t": 1791647507.2}
EMIT {"phase": "step", "step": 552, "epoch": 1, "micro": 2212, "loss": 0.345, "lr": 1.6271186440677967e-05, "grad_norm": 0.2539, "scale": 32768.0, "peak_gib": 11.85, "elapsed_min": 423.82, "t": 1791647553.2}
EMIT {"phase": "step", "step": 553, "epoch": 1, "micro": 2216, "loss": 0.3434, "lr": 1.5932203389830507e-05, "grad_norm": 0.2888, "scale": 32768.0, "peak_gib": 11.85, "elapsed_min": 424.58, "t": 1791647599.0}
EMIT {"phase": "step", "step": 554, "epoch": 1, "micro": 2220, "loss": 0.3035, "lr": 1.5593220338983053e-05, "grad_norm": 0.2482, "scale": 32768.0, "peak_gib": 11.85, "elapsed_min": 425.36, "t": 1791647645.8}
EMIT {"phase": "step", "step": 555, "epoch": 1, "micro": 2224, "loss": 0.276, "lr": 1.5254237288135596e-05, "grad_norm": 0.2424, "scale": 32768.0, "peak_gib": 11.85, "elapsed_min": 426.13, "t": 1791647691.8}
EMIT {"phase": "step", "step": 556, "epoch": 1, "micro": 2228, "loss": 0.3595, "lr": 1.4915254237288137e-05, "grad_norm": 0.2508, "scale": 32768.0, "peak_gib": 11.85, "elapsed_min": 426.91, "t": 1791647739.0}
EMIT {"phase": "step", "step": 557, "epoch": 1, "micro": 2232, "loss": 0.2409, "lr": 1.457627118644068e-05, "grad_norm": 0.2129, "scale": 32768.0, "peak_gib": 11.85, "elapsed_min": 427.66, "t": 1791647783.8}
EMIT {"phase": "step", "step": 558, "epoch": 1, "micro": 2236, "loss": 0.2732, "lr": 1.4237288135593221e-05, "grad_norm": 0.2467, "scale": 32768.0, "peak_gib": 11.85, "elapsed_min": 428.43, "t": 1791647830.2}
EMIT {"phase": "step", "step": 559, "epoch": 1, "micro": 2240, "loss": 0.2598, "lr": 1.3898305084745764e-05, "grad_norm": 0.2554, "scale": 32768.0, "peak_gib": 11.85, "elapsed_min": 429.17, "t": 1791647874.6}
EMIT {"phase": "step", "step": 560, "epoch": 1, "micro": 2244, "loss": 0.2629, "lr": 1.3559322033898305e-05, "grad_norm": 0.255, "scale": 32768.0, "peak_gib": 11.85, "elapsed_min": 429.97, "t": 1791647922.7}
EMIT {"phase": "step", "step": 561, "epoch": 1, "micro": 2248, "loss": 0.3487, "lr": 1.3220338983050848e-05, "grad_norm": 0.2831, "scale": 32768.0, "peak_gib": 11.85, "elapsed_min": 430.73, "t": 1791647968.1}
EMIT {"phase": "step", "step": 562, "epoch": 1, "micro": 2252, "loss": 0.2822, "lr": 1.288135593220339e-05, "grad_norm": 0.2533, "scale": 32768.0, "peak_gib": 11.85, "elapsed_min": 431.5, "t": 1791648014.2}
EMIT {"phase": "step", "step": 563, "epoch": 1, "micro": 2256, "loss": 0.3489, "lr": 1.2542372881355932e-05, "grad_norm": 0.2602, "scale": 32768.0, "peak_gib": 11.85, "elapsed_min": 432.3, "t": 1791648062.2}
EMIT {"phase": "step", "step": 564, "epoch": 1, "micro": 2260, "loss": 0.3197, "lr": 1.2203389830508475e-05, "grad_norm": 0.2463, "scale": 32768.0, "peak_gib": 11.85, "elapsed_min": 433.07, "t": 1791648108.6}
EMIT {"phase": "step", "step": 565, "epoch": 1, "micro": 2264, "loss": 0.2773, "lr": 1.1864406779661018e-05, "grad_norm": 0.2362, "scale": 32768.0, "peak_gib": 11.85, "elapsed_min": 433.84, "t": 1791648154.6}
EMIT {"phase": "step", "step": 566, "epoch": 1, "micro": 2268, "loss": 0.327, "lr": 1.152542372881356e-05, "grad_norm": 0.2603, "scale": 32768.0, "peak_gib": 11.85, "elapsed_min": 434.59, "t": 1791648199.5}
EMIT {"phase": "step", "step": 567, "epoch": 1, "micro": 2272, "loss": 0.2955, "lr": 1.1186440677966102e-05, "grad_norm": 0.2349, "scale": 32768.0, "peak_gib": 11.85, "elapsed_min": 435.38, "t": 1791648247.0}
EMIT {"phase": "step", "step": 568, "epoch": 1, "micro": 2276, "loss": 0.3453, "lr": 1.0847457627118644e-05, "grad_norm": 0.2684, "scale": 32768.0, "peak_gib": 11.85, "elapsed_min": 436.13, "t": 1791648292.1}
EMIT {"phase": "step", "step": 569, "epoch": 1, "micro": 2280, "loss": 0.317, "lr": 1.0508474576271186e-05, "grad_norm": 0.2455, "scale": 32768.0, "peak_gib": 11.85, "elapsed_min": 436.93, "t": 1791648339.8}
EMIT {"phase": "step", "step": 570, "epoch": 1, "micro": 2284, "loss": 0.3822, "lr": 1.016949152542373e-05, "grad_norm": 0.2878, "scale": 32768.0, "peak_gib": 11.85, "elapsed_min": 437.69, "t": 1791648385.5}
EMIT {"phase": "step", "step": 571, "epoch": 1, "micro": 2288, "loss": 0.2908, "lr": 9.830508474576272e-06, "grad_norm": 0.2503, "scale": 32768.0, "peak_gib": 11.85, "elapsed_min": 438.47, "t": 1791648432.2}
EMIT {"phase": "step", "step": 572, "epoch": 1, "micro": 2292, "loss": 0.3175, "lr": 9.491525423728814e-06, "grad_norm": 0.2559, "scale": 32768.0, "peak_gib": 11.85, "elapsed_min": 439.25, "t": 1791648478.9}
EMIT {"phase": "step", "step": 573, "epoch": 1, "micro": 2296, "loss": 0.3574, "lr": 9.152542372881356e-06, "grad_norm": 0.2447, "scale": 32768.0, "peak_gib": 11.85, "elapsed_min": 439.99, "t": 1791648523.7}
EMIT {"phase": "step", "step": 574, "epoch": 1, "micro": 2300, "loss": 0.3518, "lr": 8.8135593220339e-06, "grad_norm": 0.3127, "scale": 32768.0, "peak_gib": 11.85, "elapsed_min": 440.74, "t": 1791648568.3}
EMIT {"phase": "step", "step": 575, "epoch": 1, "micro": 2304, "loss": 0.3357, "lr": 8.47457627118644e-06, "grad_norm": 0.252, "scale": 32768.0, "peak_gib": 11.85, "elapsed_min": 441.52, "t": 1791648615.4}
EMIT {"phase": "step", "step": 576, "epoch": 1, "micro": 2308, "loss": 0.2665, "lr": 8.135593220338983e-06, "grad_norm": 0.2523, "scale": 32768.0, "peak_gib": 11.85, "elapsed_min": 442.28, "t": 1791648661.0}
EMIT {"phase": "step", "step": 577, "epoch": 1, "micro": 2312, "loss": 0.2829, "lr": 7.796610169491526e-06, "grad_norm": 0.2434, "scale": 32768.0, "peak_gib": 11.85, "elapsed_min": 443.06, "t": 1791648708.0}
EMIT {"phase": "step", "step": 578, "epoch": 1, "micro": 2316, "loss": 0.3186, "lr": 7.4576271186440685e-06, "grad_norm": 0.253, "scale": 32768.0, "peak_gib": 11.85, "elapsed_min": 443.83, "t": 1791648754.0}
EMIT {"phase": "step", "step": 579, "epoch": 1, "micro": 2320, "loss": 0.3545, "lr": 7.1186440677966106e-06, "grad_norm": 0.2842, "scale": 32768.0, "peak_gib": 11.85, "elapsed_min": 444.57, "t": 1791648798.4}
EMIT {"phase": "step", "step": 580, "epoch": 1, "micro": 2324, "loss": 0.3522, "lr": 6.779661016949153e-06, "grad_norm": 0.2756, "scale": 32768.0, "peak_gib": 11.85, "elapsed_min": 445.32, "t": 1791648843.4}
EMIT {"phase": "step", "step": 581, "epoch": 1, "micro": 2328, "loss": 0.3798, "lr": 6.440677966101695e-06, "grad_norm": 0.2607, "scale": 32768.0, "peak_gib": 11.85, "elapsed_min": 446.11, "t": 1791648890.5}
EMIT {"phase": "step", "step": 582, "epoch": 1, "micro": 2332, "loss": 0.3302, "lr": 6.101694915254238e-06, "grad_norm": 0.2679, "scale": 32768.0, "peak_gib": 11.85, "elapsed_min": 446.87, "t": 1791648936.2}
EMIT {"phase": "step", "step": 583, "epoch": 1, "micro": 2336, "loss": 0.3161, "lr": 5.76271186440678e-06, "grad_norm": 0.2423, "scale": 32768.0, "peak_gib": 11.85, "elapsed_min": 447.62, "t": 1791648981.5}
EMIT {"phase": "step", "step": 584, "epoch": 1, "micro": 2340, "loss": 0.3162, "lr": 5.423728813559322e-06, "grad_norm": 0.2622, "scale": 32768.0, "peak_gib": 11.85, "elapsed_min": 448.38, "t": 1791649027.3}
EMIT {"phase": "step", "step": 585, "epoch": 1, "micro": 2344, "loss": 0.313, "lr": 5.084745762711865e-06, "grad_norm": 0.2392, "scale": 32768.0, "peak_gib": 11.85, "elapsed_min": 449.13, "t": 1791649071.8}
EMIT {"phase": "step", "step": 586, "epoch": 1, "micro": 2348, "loss": 0.3609, "lr": 4.745762711864407e-06, "grad_norm": 1.1527, "scale": 32768.0, "peak_gib": 11.85, "elapsed_min": 449.9, "t": 1791649117.9}
EMIT {"phase": "step", "step": 587, "epoch": 1, "micro": 2352, "loss": 0.3191, "lr": 4.40677966101695e-06, "grad_norm": 0.24, "scale": 32768.0, "peak_gib": 11.85, "elapsed_min": 450.67, "t": 1791649164.2}
EMIT {"phase": "step", "step": 588, "epoch": 1, "micro": 2356, "loss": 0.2764, "lr": 4.067796610169492e-06, "grad_norm": 0.2444, "scale": 32768.0, "peak_gib": 11.85, "elapsed_min": 451.44, "t": 1791649210.6}
EMIT {"phase": "step", "step": 589, "epoch": 1, "micro": 2360, "loss": 0.3043, "lr": 3.7288135593220342e-06, "grad_norm": 0.2436, "scale": 32768.0, "peak_gib": 11.85, "elapsed_min": 452.22, "t": 1791649257.7}
EMIT {"phase": "step", "step": 590, "epoch": 1, "micro": 2364, "loss": 0.3254, "lr": 3.3898305084745763e-06, "grad_norm": 0.2464, "scale": 32768.0, "peak_gib": 11.85, "elapsed_min": 453.0, "t": 1791649304.2}
EMIT {"phase": "step", "step": 591, "epoch": 1, "micro": 2368, "loss": 0.3156, "lr": 3.050847457627119e-06, "grad_norm": 0.2749, "scale": 32768.0, "peak_gib": 11.85, "elapsed_min": 453.76, "t": 1791649349.7}
EMIT {"phase": "step", "step": 592, "epoch": 1, "micro": 2372, "loss": 0.2965, "lr": 2.711864406779661e-06, "grad_norm": 0.2354, "scale": 32768.0, "peak_gib": 11.85, "elapsed_min": 454.54, "t": 1791649396.6}
EMIT {"phase": "step", "step": 593, "epoch": 1, "micro": 2376, "loss": 0.2784, "lr": 2.3728813559322034e-06, "grad_norm": 0.25, "scale": 32768.0, "peak_gib": 11.85, "elapsed_min": 455.29, "t": 1791649441.7}
EMIT {"phase": "step", "step": 594, "epoch": 1, "micro": 2380, "loss": 0.2552, "lr": 2.033898305084746e-06, "grad_norm": 0.2338, "scale": 32768.0, "peak_gib": 11.85, "elapsed_min": 456.04, "t": 1791649486.5}
EMIT {"phase": "step", "step": 595, "epoch": 1, "micro": 2384, "loss": 0.2827, "lr": 1.6949152542372882e-06, "grad_norm": 0.2402, "scale": 32768.0, "peak_gib": 11.85, "elapsed_min": 456.83, "t": 1791649533.7}
EMIT {"phase": "step", "step": 596, "epoch": 1, "micro": 2388, "loss": 0.3288, "lr": 1.3559322033898304e-06, "grad_norm": 0.2691, "scale": 32768.0, "peak_gib": 11.85, "elapsed_min": 457.62, "t": 1791649581.6}
EMIT {"phase": "step", "step": 597, "epoch": 1, "micro": 2392, "loss": 0.3158, "lr": 1.016949152542373e-06, "grad_norm": 0.2412, "scale": 32768.0, "peak_gib": 11.85, "elapsed_min": 458.4, "t": 1791649628.5}
EMIT {"phase": "step", "step": 598, "epoch": 1, "micro": 2396, "loss": 0.3503, "lr": 6.779661016949152e-07, "grad_norm": 0.2742, "scale": 32768.0, "peak_gib": 11.85, "elapsed_min": 459.16, "t": 1791649674.0}
EMIT {"phase": "step", "step": 599, "epoch": 1, "micro": 2400, "loss": 0.3274, "lr": 3.389830508474576e-07, "grad_norm": 0.2854, "scale": 32768.0, "peak_gib": 11.85, "elapsed_min": 459.92, "t": 1791649719.3}
EMIT {"phase": "epoch_saved", "epoch": 1, "step": 600, "t": 1791649720.2}
EMIT {"phase": "done", "steps": 600, "micro": 2400, "truncated": false, "minutes": 459.94, "s_per_micro": 11.5, "t": 1791649720.8}
